taskname,category
"""Account 900"" Contingency",Construction
"""Sunken Cost"" prior to 2018",Uncategorized
"$100,000.00",Construction
(IT) Information Technology,FF&E + Millwork
(IT) Information Technology Dept,FF&E + Millwork
- 08 33 23 - INTERIOR COILING FIRE DOORS,Construction
- 08 34 93 - AUTOMATIC OVERHEAD COILING SMOKE CURTAINS,Construction
- 08 35 13.23 ACCORDION FOLDING FIRE DOORS (WON),Construction
- 09 29 00 - GYPSUM BOARD AND METAL FRAMING - CGM ACOUSTICS,Construction
- 09 30 00 - CERAMIC TILE AND STONE - American,Construction
- 09 66 23.16 - TERRAZZO FLOORING,Construction
- 09 67 23 - RESINOUS FLOORING (STONHARD),Construction
- 09 68 13 - CARPETING - American,Construction
- 09 91 23 - PAINTING - MacKenzie,Construction
- 10 22 13 - WIRE MESH PARTITIONS,Construction
- 10 28 28 - TOILET ACCESSORIES,Construction
- 11 31 13 PANTRY EQUIPMENT (APPLIANCES),Construction
- DIVISION 08 - ARCHITECTURAL LOUVERS (Eskylight),Soft Costs
- DIVISION 08 - ARCHITECTURAL METAL AND GLASS - Norwalk,Soft Costs
"- DIVISION 08 - OPENINGS- DOORS, FRAMES, HARDWARE - CANAAN",Construction
---HC Contingency: RREEF,Construction
---SC Contingency: RREEF,Construction
00999950-Agent Capital,Uncategorized
00999955-Agent Expense,Uncategorized
01 - General Requirements,Construction
01 00 00 - General Requirements,Construction
01 Construction Management Hard Cost,Construction
01 Furniture Office/Labs/GMP,FF&E + Millwork
01 Project Management Fee,Soft Costs
01000 Construction,Construction
02 - General Works,Construction
02 - Site Demo,Construction
02 AV Equipment & Wiring,FF&E + Millwork
02 Architect,Soft Costs
02 Managed Principal Fee (3%),Construction
02 Soundmasking,Construction
02.4100 Selective Demolition,Construction
02.8200 ACM Abatement,Construction
02: Site work/Demo,Construction
03 - Concrete,Construction
03 LEED/fitwel Consultant,Soft Costs
03 MEP/IT/AV/Security Engineer,FF&E + Millwork
03 Security System/Equipment,FF&E + Millwork
03 Signage & Wayfinding,FF&E + Millwork
04 - Masonry,Construction
04 Graphics & Branding,FF&E + Millwork
04 Pantry / Kitchen Equipment,FF&E + Millwork
05 - Metals,Construction
05 - Structural Steel & Misc. Metals,Construction
05 Project Contingency,Construction
05 Structural Engineer,Soft Costs
06 - Millwork/Casework,Construction
"06 - Wood, Plastics, and Composites",Construction
06 LEED Commissioning Agent,Soft Costs
"06.0000 Carpentry, Woods, Plastics",Construction
06: Wood & Carpentry,Construction
07 - Damp/Waterproofing,Construction
07 - Thermal and Moisture Protection,Construction
07 GMP Lab Validation/Commissioning,Soft Costs
071010 Concrete Patching,Construction
08 - Exterior/Interior Openings,Construction
08 - Openings,Construction
08 Special Inspections Consultant,Soft Costs
08.7100 Doors / Frames / Hardware,Construction
08: Doors & Windows,Uncategorized
09 - Finishes,Construction
09 Equipment Relocation and Validation,FF&E + Millwork
09.0000 Restroom Upgrades B30 & 11,Construction
09.2000 Drywall Partitions & Patching,FF&E + Millwork
09.3000 Ceramic Tile,Construction
09.5000 Ceilings,Construction
09.6000 Flooring,Construction
09.9000 Wall Finishes,Construction
09: Finishes/Flooring,Construction
1 A/E Services,Soft Costs
1 ADA,Construction
1 Add alternate 2 - replace UG pipes,Construction
1 Admin Requirements,Construction
1 Bldg Construction-BM,Construction
1 Bldg Construction-LHI,Construction
1 Bldg Construction-NC,Construction
1 Bond,Construction
1 Construction,Construction
1 Construction Fee,Construction
1 Construction Fee  (Item 4 Gilbane GMP 2221006),Construction
1 Construction General,Construction
1 Construction Overhead,Construction
1 Construction Overhead (Item 9 Gilbane GMP 2221006),Construction
1 Construction Permits,Soft Costs
1 Construction Services,Construction
1 Contractor Contingency,Construction
1 Contractor Insurance,Soft Costs
1 Contractor Insurance  (Item 2 Gilbane GMP 2221006),Soft Costs
1 Decomission,FF&E + Millwork
1 Decommissioning,FF&E + Millwork
1 Document Printing,Construction
1 Embarcadero Restoration,Construction
1 Facility Decommission,FF&E + Millwork
"1 Facility Decommission, Anechoic Chamber Removal",FF&E + Millwork
1 Facility Demolition,Construction
1 Facility Oper/Maintenance,Construction
1 Facility Operation,Construction
1 Final Cleaning,Construction
"1 Final Cleaning, Iron Mountain, Shred Services",Construction
1 Flushing & Decommission,FF&E + Millwork
1 Fuel Cabinet Delta,Construction
1 GC Fee,Construction
1 GMP Contingency,Construction
1 GMP Contingency  (Item 3 Gilbane GMP 2221006),Construction
1 Gen Require Exp,Construction
1 General Cleaning-BMR,Construction
1 General Conditions + Gen Trades,Construction
1 General Conditions Per,Construction
1 General Construction SOW,Construction
1 General Contractor Fee,Construction
1 General Expense,Construction
1 General Req.-BM,Construction
1 General Req.-LHI,Construction
1 General Req/Cond/Misc,Construction
"1 General Require, al",Construction
"1 General Require, all",Construction
"1 General Require, all  (Item 6 & 13 Gilbane GMP 2221006)",Construction
1 General Require; al,Construction
1 General Requirement,Construction
1 General Require| al,Construction
1 General Require| all,Construction
1 Hazmat/Asbestos Aba,Construction
1 Hazmat/Asbestos Abat,Construction
1 Hazmat/Asbestos Abate,Construction
1 IT Cabling,FF&E + Millwork
1 Insurance,Soft Costs
1 JLL PM,Soft Costs
1 L-Construction,Construction
1 L-Facility Decomm,FF&E + Millwork
1 L-General Require,Construction
1 M-Construction,Construction
1 M-General Require,Construction
1 Permits,Soft Costs
1 Permits/General,Soft Costs
1 Project Engineer,Soft Costs
1 Project Manager,Construction
1 Project/Assist Super,Construction
1 Quality Requirements,Construction
1 Remediation-BMR,Construction
1 Sales Tax,Construction
1 Special Inspect/After Hours,Construction
1 Staff and GCs,Construction
1 Temp Bathrooms,Construction
1 Temp Enclosure,Construction
1 Temp Tool/Utility Trailer Rent,Construction
1 Temp/Storage Yard Rent,FF&E + Millwork
1 Temporary Project Signage,FF&E + Millwork
1 Temporary Utilities,Construction
1-Construction,Construction
1.00 Programming Fee- check,Soft Costs
1.01 Architecture Fees: SLAM Collaborative,Soft Costs
1.03 Civil Engineer for Water Service,Soft Costs
1.04 Special Inspections Fee,Soft Costs
1.05 Building Systems Commissioning,Soft Costs
1.06 Land Use Attorney Fee,Construction
"1.07 Envionmental Survey (ACM, Mold, etc)",Soft Costs
1.08 Property Survey,Soft Costs
1.09 Project Management Fee: JLL,Soft Costs
1.1 Contingency,Construction
1.1.1 General Trades,Construction
1.1.10 Structured Cabling,FF&E + Millwork
1.1.11 Access Control & CCTV,FF&E + Millwork
1.1.13 Branding,FF&E + Millwork
1.1.14 Audio & Video GC,FF&E + Millwork
1.1.2 Flooring,Construction
1.1.3  Carpet,FF&E + Millwork
1.1.4 Electrical Power Distribution,Construction
1.1.5 Lighting &Lighting Control,Construction
1.1.6 HVAC (Supply and Installation),Construction
1.1.7 Plumbing System,Construction
1.1.8 Fire Detection & Fire Alarm System,Construction
1.1.9 Sprinklers & Fire Extinguishing,Construction
1.10 Material Testing (Independent Lab),Construction
1.11 SC Contingency,Construction
1.2.1 Administrtion (A) | Administracion(A),Construction
1.2.2 Contingency (C) | mprevistos (I),Construction
1.2.3 Utility (U) | Utilidad (U),Construction
10 - Specialties,Construction
10 Fire Alarm System & Panel,Construction
10 Fire Protect Piping and Sprinklers,Construction
10 Fire Protection,Construction
10 Fire Protection Piping and Sprinklers,Construction
10 Glass Enclosures,Construction
10 Identification Devices,Construction
10 Interior Signage,FF&E + Millwork
10 M-Specialties,Construction
10 Moving Costs (Personal Contents Only),FF&E + Millwork
10 Partitions,FF&E + Millwork
10 Specialties,Construction
"10 Specialties, all",Construction
"10 Specialties, all (Item 13 Gilbane GMP 2221006)",Construction
10 Specialties-LHI,Construction
10 Specialties| all,Construction
10 Storage Shelving,FF&E + Millwork
10 Toilet Accessories,FF&E + Millwork
10% Construction Contingency,Construction
10% Contingency,Construction
10% Design Contingency,Soft Costs
10% Project Contingency,Construction
10-Specialty Construction - Other,Construction
10101200-Cleaning,Uncategorized
10101996-Building Equipment,FF&E + Millwork
10101997-Contingency,Construction
10104995-Contingency,Construction
10104996-Building Exterior Imprv,Construction
10104996-Owned Building Exterior Imprv,Construction
10104997-Owned Bldg Interior Improve,Uncategorized
10104997-Owned Building Interior Imprv,Construction
10105995-New Building,Uncategorized
1013 Rialto D,Construction
1014,Uncategorized
1016,Uncategorized
"10201000-Land, all",Uncategorized
10201100-Land,Uncategorized
10201995-Land Improvements,Uncategorized
10204995-Land Improvement,Uncategorized
10204995-Land Improvements,Uncategorized
10206100-JA1002001-Site Survey,Soft Costs
1021 Hillsborough U,Construction
1022 Rialto U,Construction
1023,Uncategorized
1024 Hillsborough U,Construction
1026 Rialto U,Construction
1027 Rialto U,Construction
1028,Uncategorized
1031 Hillsborough U,Construction
1032 Rialto U,Construction
1033 Rialto U,Construction
1037 Rialto U,Construction
1081 NPC LLC - LL assistance,Construction
10: Painting,Construction
10th Floor Data Center Decomissioning (by Brookfield),FF&E + Millwork
10th Floor Employee and/or Content Moving (by Invesco),FF&E + Millwork
10th and 11th FL Furniture Liquidation (by Invesco),FF&E + Millwork
11 - Equipment,FF&E + Millwork
11 ATM,Construction
11 AV Equipment,FF&E + Millwork
11 Appliances,FF&E + Millwork
"11 Audio/Visual, all",FF&E + Millwork
11 Banking Equipment,FF&E + Millwork
11 Building Equipment,FF&E + Millwork
11 Commercial Video,FF&E + Millwork
11 Equipment,FF&E + Millwork
11 Equipment Exp,FF&E + Millwork
"11 Equipment, all",FF&E + Millwork
11 Exterior Signage,FF&E + Millwork
11 Final Cleaning,Construction
11 Fluid Waste Treatment & Disposal Equipment,FF&E + Millwork
11 Food Serv Equipment,FF&E + Millwork
11 Gym/Fitness Equip,Construction
11 Interior Signage,FF&E + Millwork
11 L-Equipment,FF&E + Millwork
11 M-Equipment,FF&E + Millwork
11 Office Equip/Furn,Construction
11 R&D Equipment,FF&E + Millwork
11 Security/Vault Equipment,FF&E + Millwork
11 Teller Equipment,FF&E + Millwork
11- Equipment,FF&E + Millwork
11-Other,FF&E + Millwork
11.0000 Equipment,FF&E + Millwork
1113,Uncategorized
1116 - Oakwood  D,Uncategorized
1117 Oakwood D,Construction
1118,Uncategorized
1124,Uncategorized
1125 Brookhaven U,Construction
1127 Oakwood U,Construction
1128 Brookhaven U,Construction
1131 Brookhaven U,Construction
1132 Oakwood U,Construction
1134 Brookhaven U,Construction
1135,Uncategorized
1137 Oakwood U,Construction
1138 Brookhaven U,Construction
11: Specialties - Reduced to reflection locker deduction,Uncategorized
12 - Furnishings,FF&E + Millwork
12 Accessories,FF&E + Millwork
12 Entrance Mats,Construction
12 Furnishings,FF&E + Millwork
"12 Furnishings, all",FF&E + Millwork
12 Furniture,FF&E + Millwork
12 L-Furnishings,FF&E + Millwork
12 M-Furnishings,FF&E + Millwork
12 Multiple Seating,FF&E + Millwork
12 Repair Furnishings,FF&E + Millwork
12'W x 7.5' H LED Video Wall,FF&E + Millwork
12-Contingency,FF&E + Millwork
120 Bloor Fit out,Construction
1211 Brookhaven D,Construction
1212 Oakwood D,Construction
1213,Uncategorized
1214 Brookhaven D,Construction
1215 Brookhaven - D,Construction
1217 Oakwood D,Construction
1218,Uncategorized
1221,Uncategorized
1223 Oakwood U,Construction
1225 Brookhaven U,Construction
1226 Oakwood U,Construction
1227 Oakwood U,Construction
1233,Uncategorized
1235 Brookhaven U,Construction
1236 Oakwood U,Construction
1238 Brookhaven U,Construction
12th Floor - Furniture Buyout,FF&E + Millwork
13 - Ice Rink System,Construction
13 L-Special Constr,Construction
13 M-Special Constr,Construction
13 Security Access,FF&E + Millwork
13 Special Constr,Construction
"13 Special Constr, al",Construction
"13 Special Constr, all",Construction
13 Special Constr| al,Construction
13-Escalation,Construction
14 - Vertical Transportation,Construction
14 Acoustical Consultant,Soft Costs
14 Conveying,Construction
"14 Conveying, All",Construction
"14 Conveying, all",Construction
14 Elevators,Construction
14 Escalator,Construction
14 Hoists/Cranes,Construction
14 Lifts,Construction
14 Scaffolding,Construction
14 Truck/Fork Lift,Construction
14 Vertical Transport,Construction
14.0100 Elevator Cab Finishes,Construction
1412 Oakwood D,Construction
1413 Oakwood D,Construction
1414 Brookhaven D,Construction
1415 Brookhaven D,Construction
1417,Uncategorized
1423 Oakwood U,Construction
1424,Uncategorized
1427 Oakwood U,Construction
1431 Brookhaven U,Construction
1434,Uncategorized
1437 Oakwood U,Construction
15 Air Distribution,Construction
15 Basic Mechanical Materials,Construction
15 Fire Protection,Construction
15 Fire Protection-BBM,Construction
15 Fuel for Testing,Construction
15 HVAC,Construction
15 HVAC Controls,Construction
15 HVAC Equipment,FF&E + Millwork
15 HVAC Equipment (Item 13 Gilbane GMP 2221006),FF&E + Millwork
15 HVAC Repair/Parts-BMR,FF&E + Millwork
15 HVAC-BBM,Construction
15 Heat-Generation Equipment,FF&E + Millwork
15 Kitchen Equipment Final Connect,FF&E + Millwork
15 L-HVAC,Construction
15 L-Plumbing,Construction
15 M-HVAC,Construction
15 M-Plumbing,Construction
15 Mech Matl/Methods,Construction
15 Mechanical,Construction
15 Mechanical Exp,Construction
"15 Mechanical, all",Construction
15 Mechanical; all,Construction
15 Permit Expediter/Code Consultant,Soft Costs
15 Pipe Testing,Construction
15 Piping & Fittings,Construction
15 Plumbing,Construction
15 Plumbing (Item 13 Gilbane GMP 2221006),Construction
15 Plumbing (Rough and Finish),Construction
15 Plumbing Fixtures & Equipment,FF&E + Millwork
15 Plumbing Repair-BMR,Construction
15 Process Piping,Construction
15 Production Piping,Construction
15 Service Piping,Construction
15 Test/Balancing,Construction
1512 Oakwood U,Construction
1513 - Oakwood Down,Uncategorized
1515 Brookhaven D,Construction
1516 Oakwood D,Construction
1517 Oakwood D,Construction
1521 Brookhaven U,Construction
1523 Oakwood U,Construction
1526,Uncategorized
1532 Oakwood U,Construction
1533,Uncategorized
1534,Uncategorized
1535 Brookhaven U,Construction
15: Glass & Storefronts,Construction
16 Comm DataCbl/Wire,Construction
16 Communications,Construction
"16 Elec, Equipment Disconnect",FF&E + Millwork
16 Electrical,Construction
16 Electrical Exp,Construction
16 Electrical Mat/Met,Construction
16 Electrical Materials/Methods,Construction
16 Electrical Power,Construction
16 Electrical Power (Item 10 Gilbane GMP 2221006),Construction
16 Electrical Repair-BMR,Construction
"16 Electrical, all",Construction
"16 Electrical, all (Item 13 Gilbane GMP 2221006)",Construction
16 Electrical-BM,Construction
16 Electrical-LHI,Construction
16 Electrical; all,Construction
16 Electrical| all,Construction
16 Fire Protect Elec,Construction
16 General Elec,Construction
16 IT/ Voice,Construction
16 L-Electrical,Construction
16 Lifesafety,Construction
16 Lifesafety (Allowance/Contingency),Construction
16 Lifesafety/Security,FF&E + Millwork
16 Lighting,Construction
16 Lighting Fixtures,FF&E + Millwork
16 Low-Voltage Distribution,Construction
16 M-Electrical,Construction
16 Move,FF&E + Millwork
16 Security Cable/Wire,FF&E + Millwork
16 Security Equip,FF&E + Millwork
16 Software Basic,Construction
16 Software Custom,Construction
16 Video Equipment,FF&E + Millwork
1611 Hillsborough D,Construction
1612 Rialto D,Construction
1613 Rialto D,Construction
1616 Rialto D,Construction
1617 Rialto U,Construction
1622 Rialto U,Construction
1623 Rialto - U,Construction
1631 Hillsborough U,Construction
1633 Rialto U,Construction
1634 Hillsborough U,Construction
1636 Rialto U,Construction
1638 Hillsborough U,Construction
16: Drywall,Construction
184th & E68 Grading/1st Street Coordination,Uncategorized
18: Overhead & Profit,Uncategorized
1A Construction Howe Street,Construction
1B Construction Sam's Walk,Construction
1Construction,Construction
1b Bldg Construction-BM,Construction
1b Bldg Construction-LHI,Construction
1c Bldg Construction-BM,Construction
1d Bldg Construction-LHI,Construction
1e Bldg Construction-LHI,Construction
1st Floor Decom,FF&E + Millwork
1x1 Oakwood - B Spec Modern Farm - Unit 1222,Uncategorized
1x1 Oakwood - Upgrade Cozy Class - unit 812,Uncategorized
1x1 Rialto - B Spec Modern Farm - unit 532,Uncategorized
1x1 Rialto - Upgrade Cozy Class- unit 212,Uncategorized
2 Ballast/Pavement,Construction
2 Demo (Decomm)-BMR,FF&E + Millwork
2 Demolition,Construction
"2 Demolition, Interio",Construction
"2 Demolition, Interior",Construction
2 Demolition-BM,Construction
2 Demolition-LHI,Construction
2 Demolition| Interior,Construction
2 Earthwork,FF&E + Millwork
2 Earthwrk&SiteImprv,FF&E + Millwork
2 Fuel Farm,Construction
2 GL Insurance,Soft Costs
2 General Use Exp,Construction
2 Guys & A Truck,Construction
2 L-Demolition,Construction
2 Landscape/Irrigation,Construction
2 Landscaping,Construction
2 Landscaping New -LI,Construction
2 M-Demolition,Construction
2 NonMovable Benches-LI,Construction
2 Overhead and Profit,Construction
2 Paving,Construction
2 Permit,Soft Costs
2 Pkg Lots/Ext Paving-LI,Construction
2 Removal,Construction
2 Site Civil at Fuel Farm,Construction
2 Site Construction,Construction
"2 Site Construction,",Construction
"2 Site Construction, all",Construction
2 Site Improvements,Construction
2 Site Lawn/Road Equip,Construction
2 Site Materials/Methods,Construction
2 Site NCCO Buildout,Construction
2 Site NCCO IT Costs,Construction
2 Site Preparation,Construction
2 Site Remediation,Construction
2 Site Restoration,Construction
2 Tunneling| Boring & Jacking,Construction
2 Unsuitable Solis,Construction
2 Utility Services,Construction
2-Design & Engineering,Soft Costs
2.00 Management Fee- check,Soft Costs
2.01 CM Approved Cost,Construction
2.04 Alternate (ADD) - Sky Fold Operable Partition & Support Steel,FF&E + Millwork
2.06 Alternate (ADD) - Classroom wood paneling,Construction
20% Contingency on Base PM Fee,Construction
"20.0000 Mechanical, all",Construction
20101000-General Conditions - L,Construction
"20101000-HC Cont- owners, all",Uncategorized
20101000-HC Contingency,Construction
20101000-HC Contingency - CM,Construction
20101000-JA2010000-Owner Contingency,Construction
20101100-HC Contingency - Owner,Construction
20101200-HC Escalation,Uncategorized
20101997-Contingency Capital - L,Construction
20101998-Contingency Capital - O,Construction
20101999-CT Contingency Capital - GRI,Construction
20101999-Contingency,Construction
20101999-Contingency - CAP,Construction
20101999-Contingency - Capital,Construction
20101999-Contingency - EXP,Construction
20101999-Contingency - Expense,Construction
20101999-Contingency All,Construction
20101999-Contingency Capital - GRI,Construction
20101999-Contingency EXP,Construction
20101999-Contingency Exp,Construction
20101999-Contingency Owner,Construction
20101999-Contingency-CAP,Construction
20101999-Contingency-EXP,Construction
20101999-Contingency-Exp,Construction
20101999-HC Cont -Owner 4,Uncategorized
20101999-Hard Cost Contingency,Construction
20101999-JA1011000-Construction Conting,Construction
20102995-Contingency Exp - L,Construction
20102997-Contingency Exp - GRI,Construction
2023 Hard Construction - BAMR,Construction
20301995-Environmental,Soft Costs
20301995-Restoration Exp,Uncategorized
20301996-Asbestos Abatement,Uncategorized
20401000-Reimb Hard Costs Exp,Construction
20401997-Building Permits TI - L,Soft Costs
20501000-1 ATI Emergency Recon,Uncategorized
20501000-1 General Expense,Uncategorized
"20501000-1 General Require, al",Uncategorized
"20501000-1 General Require, all",Uncategorized
20501000-1 General Requirements,Construction
20501000-Gen Requirements,Uncategorized
20501000-General Cond-Exp,Uncategorized
20501000-General Conditions,Construction
20501000-General Require,Uncategorized
20501000-General Require| all,Uncategorized
20501000-JA1002000-General Conditions,Construction
20501100-1 Construction,Construction
20501100-1 General Req.-LHI,Uncategorized
20501100-BB Total Construction Exp,Construction
20501100-Construction,Construction
20501100-Construction (A),Construction
20501100-Construction - Exp,Construction
20501100-Construction Other,Construction
20501100-General Construction,Construction
20501100-General Construction Exp,Construction
20501100-General Requirements,Construction
20501100-LHI Pre-bid Estimate,Uncategorized
20501100-TI Total Construction - L,Construction
20501100-Total Construction - L,Construction
20501300-1 Admin Requirements,Uncategorized
20501300-1 General Req.-BM,Uncategorized
20501300-1 M-Construction,Construction
20501300-Final Cleaning,Construction
20501300-General Conditions,Construction
20501300-General Conditions Personnel,Construction
20501300-General Requirements,Construction
20501300-NCCO NONPLIC Project Costs,Uncategorized
20501300-TI Total Construction - O,Construction
20501300-Total Construction - O,Construction
20501325-1 L-Construction,Construction
20501325-BB Total Construction - GRI,Construction
20501330-1 Bldg Construction-LHI,Construction
20501330-1 GMP Contingency,Construction
20501330-1 General Conditions,Construction
20501330-Construction Fee,Construction
20501340-1 Bldg Construction-BM,Construction
20501340-1 Construction General,Construction
20501340-1 Construction Overhead,Construction
20501340-1 GC OH&P,Construction
20501340-ADA-Construction,Construction
20501340-GC Overhead & Profit,Construction
20501340-Overhead & Fee,Soft Costs
20501345-1 Final Cleaning,Construction
20501345-Final Cleaning,Construction
20501350-1 Construction Fee,Construction
20501350-1b Bldg Construction-BM,Construction
20501350-3 GC Fee,Construction
20501350-Construction Fee,Construction
20501350-Contractor Gen. Con,Construction
20501350-Fee for Coordinating Cntr/Sub,Soft Costs
20501350-PM Fee,Soft Costs
20501400-1 General Cleaning-BMR,Uncategorized
20501450-1b Bldg Construction-LHI,Construction
20501450-Construction Testing,Construction
20501525-Signage Interior,FF&E + Millwork
20501525-Temporary Signage,FF&E + Millwork
20501526-Parking Lot Improvement,Uncategorized
20501526-Parking Lot Improvements,Uncategorized
20501575-1 Hazmat/Asbestos Abat,Uncategorized
20501575-1 Remediation-BMR,Uncategorized
20501575-Asbestos Abatement labor,Uncategorized
20501575-Hazmat/Asbestos Abat,Uncategorized
20501800-1 Facility Operation,Uncategorized
20501800-Decommissioning labor,FF&E + Millwork
20501800-Ops Loss,Uncategorized
20501850-1 Gen Require Exp,Uncategorized
20501850-Decomissioning,FF&E + Millwork
20501850-Decommission,FF&E + Millwork
20501850-Decommission Expense,FF&E + Millwork
20501950-1 Contractor Insurance,Soft Costs
20501950-Insurance,Soft Costs
20501955-Building Repairs (Pain,Construction
20501995-Div 1 - AHV Permits,Construction
20501995-Div 1 - Gen Use Omnia,Construction
20501995-Div 1 - General Use 1,Construction
20501995-FM Interior Building Expense,Construction
20501995-General Conditions,Construction
20501995-General Requirements,Construction
20501996-FM Exterior Building Expense,Construction
20501996-TI Allowance,Construction
20501997-4YLHI - Building Improvements,Construction
20502000-2 Site Construction,Construction
"20502000-2 Site Construction,",Construction
"20502000-2 Site Construction, all",Construction
20502000-2 Site Construction| all,Construction
20502000-JA1020000-Existing Conditions,Construction
20502000-Site Construction,Construction
20502000-Site Construction| all,Construction
20502000-Sitework,Construction
20502050-2 Site Materials/Methods,Construction
20502050-2Site NCCO Buildout,Construction
20502050-2Site NCCO Buildout - NONPLIC,Construction
20502100-2 Site NCCO IT Costs,Construction
20502100-Site Remediation,Construction
20502200-2 Site Preparation,Construction
"20502200-LHO-2 Site Construction, all",Construction
20502200-Site Preparation,Construction
20502300-2 Earthwrk&SiteImprv,FF&E + Millwork
20502300-2 Pkg Lots/Ext Paving-LI,Uncategorized
20502700-2 Paving,Uncategorized
20502700-Paving/Walks/Curbs,Uncategorized
20502800-2 Site Improvements,Construction
20502800-2 Site Lawn/Road Equip,Construction
20502800-NCCO Tenant Improvements,Construction
20502900-2 Landscaping maint-BMR,Construction
20502900-2 Landscaping new -LI,Construction
"20502925-1 Demolition, Interior",Construction
20502925-2 Demolition,Construction
"20502925-2 Demolition, Interior",Construction
20502925-Construction Expense,Construction
20502925-Demolition,Construction
20502925-Demolition - Exp,Construction
20502925-Demolition labor,Construction
20502925-Demolition-EXP,Construction
20502925-Lab Migration,Uncategorized
20502995-2 General Use Exp,Uncategorized
20502995-Demolition materials,Construction
20502995-Div 2- General Use 1,Construction
20502996-Div 2- General Use 2,Construction
20502997-2 Demo (decomm)-BMR,FF&E + Millwork
20502997-Div 2- General Use 3,Construction
20503000-3 Concrete,Construction
"20503000-3 Concrete, all",Construction
20503000-Building Concrete,Construction
20503000-Concrete,Construction
"20503000-Concrete, all",Construction
20503000-Construction Concrete,Construction
20503000-JA1030000-Concrete,Construction
20503995-Concrete,Construction
20503995-Div 3 - General Use 1,Construction
20504000-Building Masonry,Construction
"20504000-Masonry, all",Construction
20504995-Masonry,Construction
20505000-5 Metals,Construction
"20505000-5 Metals, all",Construction
20505000-Metals,Construction
"20505000-Metals, all",Construction
20505100-5 Structural,Soft Costs
20505100-5 Structural &Metals,Construction
20505100-Struct Bldg Stl Walks Pforms S,Uncategorized
20505100-Structural Steel,Construction
20505500-5 Metal Fabrication,Uncategorized
20505700-Metal and Glass,Uncategorized
20505995-Metals,Construction
20506000-6 Woods/Plastics,Uncategorized
"20506000-6 Woods/Plastics, all",Uncategorized
20506000-General Contractor,Construction
20506000-Woods/Plastics,Uncategorized
"20506000-Woods/Plastics, all",Uncategorized
20506100-6 Wood/Plastics-LHI,Uncategorized
20506100-Carpentry Rough,Construction
20506100-Rough Carpentry,Construction
20506100-Rough carpentry labor,Construction
20506200-6 Wood/Plastics-BM,Uncategorized
20506200-Carpentry Finish,Construction
20506400-Millwork,FF&E + Millwork
20506995-Rough Carpentry materials,Construction
20506995-Woods/Plastics,Uncategorized
20507000-7 Therm/H20Proof,Uncategorized
20507000-7 Therm/H20proof,Uncategorized
"20507000-7 Therm/H20proof, all",Uncategorized
20507000-Roofing,Construction
"20507000-Therm/H20proof, all",Uncategorized
20507000-Therm/H2Oproof,Uncategorized
20507000-Thermal/Moisture Protection,Uncategorized
20507400-7 Roofing/Siding,Construction
20507400-Roof/Siding materials,Uncategorized
20507400-Roofing/Siding,Construction
20507400-Roofing/Siding Panel,Construction
20507700-Roofing labor,Construction
20507800-Fire Life Safety,Construction
20507800-Fire Protection labor,Construction
20507995-Fire Protection materials,Construction
20507996-Fire Panel,Construction
20507997-Lighting,Uncategorized
20508000-8 Doors/Windows,Uncategorized
"20508000-8 Doors/Windows, all",Uncategorized
20508000-Doors,Uncategorized
20508000-Doors/Frames/Hw,Uncategorized
20508000-Doors/Windows,Uncategorized
"20508000-Doors/Windows, all",Uncategorized
20508000-Hard Costs Contingency,Construction
20508050-8 Doors/Windows-LHI,Uncategorized
20508050-8 L-Doors/Windows,Uncategorized
20508050-Door labor,Uncategorized
20508050-Window Treatments,FF&E + Millwork
20508300-8 Window Cleaning-BMR,Construction
20508300-Specialty door materials,Uncategorized
20508400-8 Awnings-ITF,Uncategorized
20508500-9b Wallcovering/Brand-ITF,Uncategorized
20508500-Window Glass/Glazing,Construction
20508800-Glass & Glazing,Construction
20508995-Div 8 - General Use 1,Construction
20508996-9 Wallcovering/Brand-ITF,Uncategorized
20508997-9 Paint Ex.Walls/Bldg-BMR,Construction
20508997-9 Window Coverings-ITF,FF&E + Millwork
20508997-Drywall,Construction
20508998-9b Paint Ex.Walls/Bldg-BMR,Construction
20508998-Finishes,Construction
20509000-9 Fin Paint Win Treat,Construction
20509000-9 Finishes,Construction
20509000-9 Finishes Exp,Construction
"20509000-9 Finishes, all",Construction
20509000-Finishes,Construction
20509000-Finishes (Remodel)-EXP,Construction
"20509000-Finishes, all",Construction
20509050-9 Finish Mat Millwork,FF&E + Millwork
20509050-9 Finish Matl/Methods,Uncategorized
20509050-Ceilings,Construction
20509200-2 Existing Conditions,Construction
20509200-3 Concrete - Interior,Construction
20509200-9 Plaster/Drywall,Construction
20509200-Drywall,Construction
20509200-Gypsum board materials,Construction
20509200-Plaster And Drywall,Construction
20509200-Plaster/Drywall,Construction
20509300-Tile/Stone/Marble,Uncategorized
20509500-9 Ceilings,Construction
20509500-9 Ceilings Drywall,Construction
20509500-Ceilings,Construction
20509600-9 Flooring,Construction
20509600-Flooring,Construction
20509600-Flooring - Excludes Carpets,FF&E + Millwork
20509600-Flooring VCT / Wood,Construction
20509600-Flooring-Exp,Construction
20509610-6 Wood/Plastics - Carp,Uncategorized
20509610-9 Carpeting-Initial,FF&E + Millwork
20509610-9 Flooring & Carpet,FF&E + Millwork
20509610-9 Flooring Carpet,FF&E + Millwork
20509610-9 Flooring Carpet/LVT,FF&E + Millwork
20509610-9b Carpet-ITF,FF&E + Millwork
20509610-Carpet,FF&E + Millwork
20509610-Carpet Installation,FF&E + Millwork
20509610-Carpet materials,FF&E + Millwork
"20509610-Carpet, Drapes & Blinds",FF&E + Millwork
20509620-7 Thermal/Moisture,Uncategorized
20509620-9 Flooring Resilient,Construction
20509620-Carpet,FF&E + Millwork
20509620-Carpet/Blinds Lse Hold Imprv,FF&E + Millwork
20509620-Flooring Resilient,Construction
20509630-Carpet/Blinds Bldg Imprv,FF&E + Millwork
20509640-9 Carpet-ITF,FF&E + Millwork
20509700-Paint - Interior Paint materia,Construction
20509700-Wallcovering,Uncategorized
20509800-Acou/Drywall Ceiling,Construction
20509900-8 Openings - Doors,Construction
20509900-9 Painting-Initial,Construction
20509900-9 Paints/Coatings,Construction
20509900-Paint,Construction
20509900-Painting,Construction
20509900-Painting / Repairs (Us,Construction
20509900-Paints/Coatings,Construction
20509995-9 Flooring-ITF,Construction
20509995-Carpet labor,FF&E + Millwork
20509995-Div 9 - General Use 1,Construction
20509995-Paints/Coatings - Exp,Construction
20509995-Wall Partitions,FF&E + Millwork
20509996-Painting Labor,Construction
20509997-9 Paint/Coatings-LHI,Construction
20509997-Wall install labor,Uncategorized
20509999-Finishes,Construction
20510000-10 M-Specialties,Uncategorized
20510000-10 Specialties,Uncategorized
"20510000-10 Specialties, all",Uncategorized
20510000-Lab Furniture,FF&E + Millwork
20510000-Misc. Specialties materials,Uncategorized
20510000-Specialties,Uncategorized
"20510000-Specialties, all",Uncategorized
20510000-Specialties-Exp,Uncategorized
20510240-10 Specialties-BM,Uncategorized
20510270-Flooring Access,Construction
20510400-9 Finishes - Paint,Construction
20510400-Interior Signage,FF&E + Millwork
20510520-10 Fire Protection,Construction
20510520-Fire Protection,Construction
20510520-Fire Protection Spec,Construction
20510600-Interior Sign b/Brand-OE,Uncategorized
20510800-Toilet Accessories,FF&E + Millwork
20510995-Interior Sign/Brand-OE,Uncategorized
20510995-Misc. Specialties labor,Uncategorized
20510996-BldgChannelLetter-Signage Ext,FF&E + Millwork
20510997-Pylon-Signage Exterior,FF&E + Millwork
20510998-Monument-Signage Exterior,FF&E + Millwork
20510999-Cash Safe b/Safe Deposit-TFE,Uncategorized
20511000-11 Equipment,FF&E + Millwork
20511000-11 Equipment Exp,FF&E + Millwork
"20511000-11 Equipment, all",FF&E + Millwork
20511000-11 M-Equipment,FF&E + Millwork
20511000-11 R&D Equipment,FF&E + Millwork
20511000-BR Glass,Uncategorized
20511000-Bank Equipment,FF&E + Millwork
20511000-Branding WayFinding,FF&E + Millwork
20511000-Equipment,FF&E + Millwork
"20511000-Equipment, all",FF&E + Millwork
20511000-Equipment| all,FF&E + Millwork
20511020-Cash Safe/Safe Deposit-TFE,Uncategorized
20511020-Vault,Uncategorized
20511020-Vaults,Uncategorized
20511030-11 AV Equipment,FF&E + Millwork
20511030-Bank Equip & Spec. Const.,Uncategorized
20511030-Night Drop-TFE,Uncategorized
20511030-Teller Equipment,FF&E + Millwork
20511680-11 Office Equip/Furn,Uncategorized
20511680-Kitchen/Office Equipment,FF&E + Millwork
20511680-Office Equipment,FF&E + Millwork
20511680-Under Counter Steel-TFE,Construction
20511995-ATM,Uncategorized
20511995-DemountWalls/Part-TFE,FF&E + Millwork
20511997-ATM,Uncategorized
20511997-DriveUp Equip-Bank Equip,Uncategorized
20511998-Deal Drawer-Bank Equip,Uncategorized
20511999-Gen Trade Fixtures /Equip-TFE,Uncategorized
20512000-12 Furnishings,FF&E + Millwork
"20512000-12 Furnishings, all",FF&E + Millwork
20512000-12 M-Furnishings,FF&E + Millwork
20512000-Furnishings,FF&E + Millwork
"20512000-Furnishings, all",FF&E + Millwork
20512000-Furnishings-EXP,FF&E + Millwork
20512000-Furnishings| all,FF&E + Millwork
20512000-Furniture (Major Build,FF&E + Millwork
20512100-12 Art,FF&E + Millwork
20512100-12 L-Furnishings,FF&E + Millwork
20512300-DemountTellLine/Mlwk-TFE,Uncategorized
20512500-12 Furniture,FF&E + Millwork
20512500-FFE,FF&E + Millwork
20512500-Freestanding furniture,FF&E + Millwork
20512500-Furniture,FF&E + Millwork
20512500-Furniture (Branches),FF&E + Millwork
20512700-12 Systems Furniture,FF&E + Millwork
20512700-D12 Systems Furniture,FF&E + Millwork
20512700-FURN - Modular furniture,FF&E + Millwork
20512700-Systems Furniture,FF&E + Millwork
20512800-Furniture Installation,FF&E + Millwork
20512900-Furniture Freight,FF&E + Millwork
20512900-Furniture Refurbish,FF&E + Millwork
20512900-Misc. Repairs (Furnitu,Uncategorized
20512995-FURN - Modular furniture labor,FF&E + Millwork
20512995-Furnishings - L,FF&E + Millwork
20512997-Window Treatments,FF&E + Millwork
20512998-FFE North,FF&E + Millwork
20513010-13 Special Const,Uncategorized
20513010-13 Special Constr,Uncategorized
"20513010-13 Special Constr, all",Uncategorized
20513010-JA1130000-Special Construction,Construction
20513010-Special Constr,Uncategorized
"20513010-Special Constr, all",Uncategorized
20513010-Special Construction,Construction
20513010-Special Constr| all,Uncategorized
20513020-13 L-Special Constr,Uncategorized
20513020-Card Readers / Wiring,Construction
20513850-13 Special Constr-BM,Uncategorized
20513850-ATM Surround,Uncategorized
20513850-Fire Alarm,Construction
20513900-Fire Protection (Sprinkler),Construction
20513900-Fire Suppression,Construction
"20514000-14 Conveying, all",Uncategorized
20514000-Conveying,Uncategorized
20514000-Conveying Equipment,FF&E + Millwork
"20514000-Conveying, all",Uncategorized
20514000-Network,Uncategorized
20514200-14 Vertical Transport,Construction
20514200-Elevators,Construction
20515000 -  - CAP - SpendApp '95.,Uncategorized
20515000-15 HVAC repair/parts-BMR,FF&E + Millwork
20515000-15 HVAC-BBM,Construction
20515000-15 M-HVAC,Construction
20515000-15 Mechanical,Soft Costs
20515000-15 Mechanical Exp,Soft Costs
"20515000-15 Mechanical, all",Soft Costs
20515000-Mechanical,Soft Costs
20515000-Mechanical - HVAC,Construction
20515000-Mechanical labor,Soft Costs
"20515000-Mechanical, all",Soft Costs
20515000-Mechanical-Exp,Soft Costs
20515000-Mechanical| all,Soft Costs
20515050-15 Mech Matl/Methods,Uncategorized
20515050-15 Water Heaters-BBM,Construction
"20515050-LHO-15 Mechanical, all",Soft Costs
20515050-Mechanical materials,Soft Costs
20515050-mechanical materials,Soft Costs
20515100-15 Production Piping,Construction
20515100-15 Service Piping,Construction
20515100-9 Finishes - Studs/GB,Construction
20515200-15 Process Piping,Construction
20515200-15 Sump Pumps-BBM,Uncategorized
20515200-9 Finishes - ACT,Construction
20515200-Plumbing,Construction
20515300-15 Fire Protection,Construction
20515300-15 Fire Protection-BBM,Construction
20515300-9 Finishes - Flooring,Construction
20515300-Fire Alarm,Construction
20515300-Fire Protection,Construction
20515300-Fireproofing,Construction
20515400-13 Special Constr,Uncategorized
20515400-15 Plumbing,Construction
20515400-JA1220000-Plumbing,Construction
20515400-Plumbing,Construction
20515400-Plumbing labor,Construction
20515500-15 Plumbing-LHI,Construction
20515500-JA1230000-HVAC,Construction
20515700-15 HVAC Equipment,FF&E + Millwork
20515700-15 Plumbing-BM,Construction
20515700-21 Fire Suppression,Construction
20515700-HVAC,Construction
20515700-HVAC Equipment,FF&E + Millwork
20515800-15 Air Distribution,Uncategorized
20515800-HVAC Test/Balancing,Construction
20515900-HVAC Controls,Construction
20515950-15 Test/Balancing,Uncategorized
20515995-15 Piping & Fittings,Construction
20515995-Electrical All Labor,Construction
20515996-Plumbing materials,Construction
20515997-HVAC labor,Construction
20516000-16 Electrical,Construction
20516000-16 Electrical Exp,Construction
"20516000-16 Electrical, all",Construction
20516000-16 M-Electrical,Construction
20516000-22 Plumbing,Construction
20516000-Electrical,Construction
"20516000-Electrical, all",Construction
20516000-Electrical-Exp,Construction
20516000-Electrical| all,Construction
20516000-JA1260000-Electrical,Construction
20516050-16 L-Electrical,Construction
20516100-16 Electrical-BM,Construction
20516100-16 Fire Protect Elec,Construction
20516100-16 Wiring Methods,Construction
20516200-16 Electrical Power,Construction
20516200-Electrical - Owned,Construction
20516200-Electrical Power,Construction
20516200-Electrical Power Distribution,Construction
20516200-Generator,Uncategorized
20516300-16 Trans/Distribution,Uncategorized
20516300-UPS System/Battery,Uncategorized
20516400-16 Low-Voltage Cable,Uncategorized
20516400-Elec low voltage cabling mtrls,FF&E + Millwork
20516400-Electric cabling materials,FF&E + Millwork
20516400-Low-Voltage Cabling,FF&E + Millwork
20516400-Low-Voltage Distribution,Uncategorized
20516500-16 Lighting,Uncategorized
20516500-Electrical ligting materials,Construction
20516500-Lighting,Uncategorized
20516700-16 Communications,Construction
20516700-Communications,Construction
20516700-Fire Alarm,Construction
20516700-JA1270000-Communications,Construction
20516800-Audio Visual install labor,FF&E + Millwork
20516800-Sound Masking Sys-OE,Uncategorized
20516900-16 Lifesafety,Uncategorized
20516900-23 HVAC,Construction
20516900-JA1280000-Electronic Safety &,Uncategorized
20516900-Lifesafety,Uncategorized
20516900-Safety,Uncategorized
20516995-16 Gen Elec Siemens,Uncategorized
20516995-16 General Elec,Uncategorized
20516996-Electircal cabling labor,FF&E + Millwork
2064-00 (TI Construction),Construction
2064-00 - Construction - Landlord Contribution,Construction
2064-00 Construction - TI,Construction
2066-00 - Contingency,Construction
2070-00 - Tenant Reimbursement - TI,Uncategorized
"2070-00 - Total Project Budget - FDIC Floors 11, 12 &13",Uncategorized
20th Floor Restroom,Construction
21 - Fire Suppression,Construction
213 Rialto D,Construction
214 Hillsborough D,Construction
217,Uncategorized
22 - Plumbing,Construction
225,Uncategorized
227 Rialto U,Construction
23 - HVAC,Construction
23 - HVAC Equipment,Construction
233,Uncategorized
235,Uncategorized
236 Rialto U,Construction
238,Uncategorized
24/7 HVAC -  In IT Closet |Alternates (Tenant Cost),Construction
26 - Electrical,Construction
"26.0000 Electrical, all",Construction
27 - Communications,Construction
27.0000 Data & Communications,Construction
28 - Electronic Safety and Security,Construction
28.0000 Security,FF&E + Millwork
2YLHI - Building Improvements,Construction
2nd Floor Connectivity,Construction
2x2 Brookhaven B Spec Modern Farm House - unit 1538,Uncategorized
2x2 Brookhaven Upgrade Cozy Classic - unit 1525,Uncategorized
2x2 Hillsborough - Upgrade Modern Farmhouse - unit 438,Uncategorized
2x2 Hillsborough B spec Cozy - Unit 435,Uncategorized
3 Asph/Concr Repair-BMR,Construction
3 Cast-in-Place Concrete,Construction
3 Concrete,Construction
"3 Concrete, all",Construction
3 Concrete| all,Construction
3 GPR Fees,Construction
3 L-Concrete,Construction
3 M-Concrete,Construction
3 Phase Power,Construction
3 Polished Concrete,Construction
3 Precast Concrete,Construction
3-Project Management,Soft Costs
3. BRANDING,FF&E + Millwork
3.01 ACM Removal- check,Construction
3.01 Concrete Scanning- check,Construction
3.01 Furniture  Sim Center Equipment,FF&E + Millwork
3.01 General Requirements-MBE (AA),Construction
3.01 Hazmat Survey- check,Soft Costs
"3.02 Laerdal Year 1 Purchases, AV Install, & Manikins",FF&E + Millwork
3.03 Concrete- check,Construction
3.03 IT Infrastructure & Equipment,FF&E + Millwork
3.03 Non-Programmin Design Fee- HVAC/Plumbing,Soft Costs
3.03 Non-Programming Design Fee- Architectural,Soft Costs
3.03 Non-Programming Design Fee- Electrical,Soft Costs
3.04 Audio/Visual Systems,FF&E + Millwork
3.05 Misc. Metal- check,Construction
3.05 Security Systems,FF&E + Millwork
3.06 Access Controls,FF&E + Millwork
3.06 Millwork- check,FF&E + Millwork
3.07 FFE Contingency Allowance,Construction
3.08 Glazing-All Bay and Alcal Glass- MBE (AA)/ WBE,Construction
3.09 Acoustical Ceiling Tile-check,Soft Costs
3.09 Drywall- check,Construction
3.09 Floor Sealants- check,Construction
3.09 Flooring- check,Construction
3.09 Painting and Wall Coverings- check,Construction
3.09 Tile- check,Construction
3.10 Signage- check,FF&E + Millwork
3.10 Specialties (Toilet Partitions/Accessories)- check,FF&E + Millwork
3.12 Furniture Package 1 + Package 2 + Collab Furniture,FF&E + Millwork
3.12 Window Shades,Construction
3.12 Window Treatments,FF&E + Millwork
3.21 Fire Protection Supply/Install,Construction
3.22 Plumbing,Construction
3.23 HVAC / Controls (Supply/Install less Equipment),FF&E + Millwork
3.23 HVAC Equipment,FF&E + Millwork
"3.26 Electrical- Data, AV, and Security",FF&E + Millwork
3.26 Temporary Power,Construction
3.27 Sound Masking,Construction
3.64 Contingency,Construction
3.80 Subguard,Construction
30035000-26 Electrical,Construction
30035000-FF Security System - L,FF&E + Millwork
30035000-Security,FF&E + Millwork
30035000-Security Equipment,FF&E + Millwork
30035000-Security Equipment Exp,FF&E + Millwork
30035000-Security Services,FF&E + Millwork
30035000-Security System - L,FF&E + Millwork
"30035000-Security, all",FF&E + Millwork
30035000-Security-EXP,FF&E + Millwork
30035000-Security-Exp,FF&E + Millwork
30035000-Security| all,FF&E + Millwork
30035100-16 Security Cable/Wire,FF&E + Millwork
30035100-Cabling/Wiring,FF&E + Millwork
30035100-FF Security System - O,FF&E + Millwork
30035100-Security cable/wire material,FF&E + Millwork
30035100-Security equipment materials,FF&E + Millwork
30035100-Security- Cable/Wire,FF&E + Millwork
30035100-Security-NCCO Security,FF&E + Millwork
30035200-13 Security- Equipment,FF&E + Millwork
30035200-16 Security Equip,FF&E + Millwork
"30035200-LHO-Security, all",FF&E + Millwork
30035200-Security equipment materials,FF&E + Millwork
30035200-Security- Equipment,FF&E + Millwork
30035300-Door Hardware/Keyways,Uncategorized
30035300-Security Freight,FF&E + Millwork
30035300-Security- Other,FF&E + Millwork
30100995-Security Equipment,FF&E + Millwork
30100995-Security Installation,FF&E + Millwork
30100995-Security Labor,FF&E + Millwork
30100996-Locks & Equip. Repairs,Uncategorized
30100996-Security cabe/wire labor,FF&E + Millwork
30100997-7YLHI - Building Improvements,Construction
30100997-Equipment Install Lab,FF&E + Millwork
30100997-Equipment install lab,FF&E + Millwork
30100997-Security equipment install lab,FF&E + Millwork
30100998-8YLHI - Building Improvements,Construction
"30100999-Furniture, b",FF&E + Millwork
30101000-FF&E,FF&E + Millwork
30101000-FFE,FF&E + Millwork
"30101000-FFE, all",FF&E + Millwork
30101000-FFE-Exp,FF&E + Millwork
30101000-Facil Furniture Expense,FF&E + Millwork
30101000-Furn & Fixtures Exp,Uncategorized
30101000-Furniture,FF&E + Millwork
30101000-Furniture - Casegoods,FF&E + Millwork
30101000-JA2004000-Owner Equipment,FF&E + Millwork
30101000-Misc. Equipment,FF&E + Millwork
30101995-FFE- General 1,FF&E + Millwork
30101995-Interior Signage,FF&E + Millwork
30101995-Misc Capital - L,Uncategorized
30101995-Misc. (Furniture Re-in,FF&E + Millwork
30101995-Night Depository,Uncategorized
30101995-Safes,Uncategorized
30101996-Merchandising,Uncategorized
30101996-Teller Equipment,FF&E + Millwork
30101997-Bandit Barrier,Uncategorized
30101998-Applicances,Uncategorized
30101998-Equipment-special use,FF&E + Millwork
30101999-Safe Deposit Box,Uncategorized
30102000-Art Work & D�cor,FF&E + Millwork
"30102000-Art, Investment Grade",FF&E + Millwork
"30102000-FFE- Artwork, all",FF&E + Millwork
30102000-Fine Art,FF&E + Millwork
"30102100-Art, Non-Investment Grade",FF&E + Millwork
"30102200-Art, b Non-Investment Grade",FF&E + Millwork
30102200-FF&E Expense-Graphics,FF&E + Millwork
30102995-Artwork,FF&E + Millwork
30102995-Artwork Orig - L,FF&E + Millwork
30102995-Artwork-Exp,FF&E + Millwork
30102997-Artwork Repro - L,FF&E + Millwork
30103995-Chairs,FF&E + Millwork
30103995-Charis,Uncategorized
30103995-Window Treatments (Bli,FF&E + Millwork
30103996-Credenza,Uncategorized
"30103996-Office Equipment-OE,d",FF&E + Millwork
30103997-Lateral File Cabinet,Uncategorized
30103998-Bank Equip - L,Uncategorized
30103998-Conference Table,Uncategorized
30103999-Workstation,Uncategorized
30104000-Furniture Rebate,FF&E + Millwork
30104997-Kitchen Equipment,FF&E + Millwork
30104997-Office Equipment-OE,FF&E + Millwork
30104998-Misc. Building Equipme,Construction
"30104998-Office Equipment-OE,b",FF&E + Millwork
"30104999-Office Equipment-OE,c",FF&E + Millwork
30105000-FF&E Cap-Furniture,FF&E + Millwork
30105000-FF&E Exp-Furniture,FF&E + Millwork
30105000-FFE- Systems Furnitur,FF&E + Millwork
30105000-FFE- Systems Furniture,FF&E + Millwork
30105000-FFE- Systems Furniture - NONPL,FF&E + Millwork
30105000-FFE-Systems Furn,FF&E + Millwork
30105000-Furniture Product,FF&E + Millwork
30105000-Kitchen/Appliances-OE,FF&E + Millwork
30105000-Office Furniture,FF&E + Millwork
30105000-Systems Furn-Exp,Uncategorized
30105000-Systems Furniture,FF&E + Millwork
30105000-Systems Furniture - L,FF&E + Millwork
30105100-FFE- Other Furniture,FF&E + Millwork
30105100-Other FFE Expense,FF&E + Millwork
30105100-Other Furn & Fixture Exp,Uncategorized
30105100-Storage,Uncategorized
30105200-A/V-OE,FF&E + Millwork
30105200-Ancillary Furniture,FF&E + Millwork
30105200-FF General Furniture - L,FF&E + Millwork
30105200-General Furniture - L,FF&E + Millwork
30105300-ATM Machine,Uncategorized
30105300-FF General Furniture - O,FF&E + Millwork
30105300-FFE- Equipment,FF&E + Millwork
30105300-JA2004100-Owner Furnishings,FF&E + Millwork
30105400-Cabling - L,FF&E + Millwork
30105995-IT Cable/InfraStruct/Eng - O,Uncategorized
30105995-Other Furn/Equip Expense,Uncategorized
30105996-Other b Furn/Equip Expense,Uncategorized
30105998-CIM Engineering - L,Soft Costs
30201000-Closing-Relo-Consolidate,Uncategorized
30201000-Facil Moving Expense,FF&E + Millwork
30201000-Move & Storage,FF&E + Millwork
30201000-Moving,FF&E + Millwork
30201000-Moving - Furn & Cont Exp,FF&E + Millwork
30201000-Moving Costs,FF&E + Millwork
30201000-Moving Exp,FF&E + Millwork
30201000-Moving services labor,FF&E + Millwork
"30201000-Moving, all",FF&E + Millwork
30201000-Moving-EXP,FF&E + Millwork
30201000-Moving-Exp,FF&E + Millwork
"30201995-Move & Storage, b",FF&E + Millwork
30201995-Moving / Removing / Di,FF&E + Millwork
30201995-Moving materials,FF&E + Millwork
30201995-Moving- General 1,FF&E + Millwork
30201995-Moving-Office,FF&E + Millwork
30201995-Tenant Serv-CRE Moves,FF&E + Millwork
30201996-Moving- General 2,FF&E + Millwork
30201996-Tenant Serv-CRE Non Moves,FF&E + Millwork
30201997-Moving- General 3,FF&E + Millwork
30201998-Freight Exp Proj Moves,FF&E + Millwork
30201998-Moving,FF&E + Millwork
30201998-Moving- General 4,FF&E + Millwork
30201999-Moving- General 5,FF&E + Millwork
30300900-10 Signage Graphics (materials,FF&E + Millwork
30300900-D10 Signage/Graphics,FF&E + Millwork
30300900-Exterior Signage,FF&E + Millwork
30300900-M-Signage/Graphics,FF&E + Millwork
30300900-Signage,FF&E + Millwork
30300900-Signage - Exp,FF&E + Millwork
30300900-Signage - L,FF&E + Millwork
30300900-Signage Exp,FF&E + Millwork
30300900-Signage Exterior,FF&E + Millwork
30300900-Signage/Graphics,FF&E + Millwork
30300900-Signage/Merchandising,FF&E + Millwork
30300995-LHO-Signage/Graphics,FF&E + Millwork
30300995-Signage/Graphics labor,FF&E + Millwork
30300996-External Signage - L,FF&E + Millwork
30300996-TI External Signage - L,FF&E + Millwork
30300997-TI External Signage - O,FF&E + Millwork
30301000-Cabling Exp,FF&E + Millwork
30301000-Tech/Comm,Uncategorized
"30301000-Tech/Comm, all",Uncategorized
30301000-V/D Cabling Exp,FF&E + Millwork
30301000-Voice/Data Cabling,FF&E + Millwork
30301995-16 Software Custom,Uncategorized
30301995-IT Systems,Uncategorized
30301995-IT/Phone Cabling,FF&E + Millwork
30301996-Security Equipment,FF&E + Millwork
30301997-Bank Equipment,FF&E + Millwork
30303996-Network Hardware,Uncategorized
30304000-Audio/Visual,FF&E + Millwork
"30304000-Audio/Visual, all",FF&E + Millwork
30304000-Audio/Visual-EXP,FF&E + Millwork
30304000-Audio/Visual-Exp,FF&E + Millwork
30304100-A/V- Cable/Wire,FF&E + Millwork
30304100-A/V-Cable/Wire,FF&E + Millwork
30304100-Voice/Data Cabling,FF&E + Millwork
30304200-16 AV Equipment,FF&E + Millwork
30304200-A/V Equipment,FF&E + Millwork
30304200-AV Equipment,FF&E + Millwork
30304300-AV Installation,FF&E + Millwork
30304400-AV Freight,FF&E + Millwork
30304995-AV Equipment - L,FF&E + Millwork
"30306000-Communications, all",Construction
30306000-Electrical / Communica,Construction
30306000-Telecom Equipment,FF&E + Millwork
30306100-16 Cabling Materials,FF&E + Millwork
30306100-16 Comm DataCbl/Wire,Uncategorized
30306100-Cabling,FF&E + Millwork
30306100-Cabling Materials,FF&E + Millwork
30306100-Cabling-EXP,FF&E + Millwork
30306100-Comm- Data Cable/Wire,Uncategorized
30306100-Data and Voice Cabling,FF&E + Millwork
30306200-Data and Voice Cabling,FF&E + Millwork
30306200-LHO-Comm- Data Cable/Wire,Uncategorized
30306500-AV Equipment,FF&E + Millwork
30306500-Comm- Voice Equipment,FF&E + Millwork
30306500-Video Equipment,FF&E + Millwork
31 - Earthwork,Construction
31 - Sitework/Site Utilities,Construction
312,Uncategorized
313 Rialto D,Construction
314 Hillsborough D,Construction
316,Uncategorized
317 Rialto D,Construction
32 - Exterior Improvements,Construction
32 - Landscape/Hardscape,Construction
321 Hillsborough U,Construction
322 Railto U,Construction
323 Rialto - U,Construction
324 Hillsborough U,Construction
325 Hillsborough U,Construction
327 Rialto U,Construction
328 Hillsborough U,Construction
33 - Utilities,Construction
332 Rialto U,Construction
333,Uncategorized
334 Hillsborough U,Construction
335 Hillsborough U,Construction
336 Rialto U,Construction
337 Rialto U,Construction
338 Hillsborough U,Construction
3D Images and Renders,Uncategorized
3D Renderings,Uncategorized
3D Scan,Uncategorized
3YLHI - Building Improvements,Construction
3d scan,Uncategorized
3rd Floor All-Hands 2 Equipment and Install,FF&E + Millwork
3rd Party,FF&E + Millwork
3rd Party Commissioning,FF&E + Millwork
3rd Party Cost Estimator,FF&E + Millwork
3rd Party Drawing Review,FF&E + Millwork
3rd Party Electrician - JSP Electric,FF&E + Millwork
3rd Party Fire Alarm Inspector,FF&E + Millwork
3rd Party Inspection Costs,FF&E + Millwork
3rd Party Inspections,FF&E + Millwork
3rd Party Inspector (AMAA),FF&E + Millwork
3rd Party Material Testing,FF&E + Millwork
3rd Party Material Testing and Inspections,FF&E + Millwork
3rd Party PM (JLL) Fee,FF&E + Millwork
3rd Party Plan Review - Quorum,FF&E + Millwork
3rd Party Special Inspections,FF&E + Millwork
3rd Person Fire Alarm Inspector,Construction
3rd party,FF&E + Millwork
4 - LHOL IMPR INTERNAL,Uncategorized
4 Masonry,Construction
4 Masonry Assemblies,Construction
"4 Masonry, all",Construction
4 Stone / Brick,Construction
4 Unit Masonry (material + labor),Construction
4-Digital Technology,Uncategorized
4. Furniture,FF&E + Millwork
4.00a Design Build Fee (6.156%),Soft Costs
4.02 Builder's Risk Insurance (Owner-Held),Soft Costs
4.06 Renderings and PR,Construction
4.07 Building Start-up,FF&E + Millwork
4.08 Interior Branding,FF&E + Millwork
4.09 Exterior Signage / Donor Wall,FF&E + Millwork
"4.1 Fittings, Furnishings and Equipment",FF&E + Millwork
4.10 Artwork,FF&E + Millwork
4.11 Allowance: Plants & Biophilia,Construction
4.12 Moving & Salvage,FF&E + Millwork
4.13 Allowance: Final Deep Post-Construction Cleaning,Construction
4.14 Hazmat Remediation,Construction
4.15 Air Monitoring,Construction
4.16 Printing & Software,Construction
4.17 Allowance: Storage Costs,Construction
4.18 Hydrant Flow Test,Construction
4.19 Other Project Cost Contingency Allowance,Construction
40' Field Office,Construction
40-Ton Chiller Replacement,Construction
40101000-Design-Eng-Mgmt,Uncategorized
40101000-Project Contingency,Construction
40101995-Pro Fee's (Expense),Soft Costs
40101996-Outside Services,Uncategorized
40301000-A & E labor,Uncategorized
40301000-A&E Fee,Soft Costs
40301000-Arch Fees - Leased,Soft Costs
40301000-Architect,Soft Costs
40301000-Architect Fees - L,Soft Costs
"40301000-Architect, all",Soft Costs
40301000-Architect-Exp,Soft Costs
40301000-Architect| all,Soft Costs
40301000-Design,Uncategorized
40301100-Architectural Fees-LHI,Soft Costs
40301200-Architectural Fees-BM,Soft Costs
40301300-Architect Reimb - L,Soft Costs
40301500-Arch- Design,Uncategorized
40301500-Architect Fees,Soft Costs
40301500-JA2003000-A&E Design,Uncategorized
40301525-A&E Reimbursables,Soft Costs
40301525-Architect Reimbursables,Soft Costs
40301525-Design Reimbursables,Soft Costs
40301550-Design Serv - Leased,Soft Costs
40301600-Interior Design Fees - L,FF&E + Millwork
40301995-2YLHI - Building Improvements,Construction
40301995-Arch Roof Ext Wall Int Wall Do,Construction
40301999-Arch Fees - Owned,Soft Costs
40302000-Civil Engineer,Soft Costs
40302000-Professional Fees - Owned,Soft Costs
40302010-Professional Fees - Leased,Soft Costs
40302997-CN Consult Fees/Reimb - L,Soft Costs
40302997-Consultants Fees - L,Soft Costs
40302998-CN Consult Fees/Reimb - O,Soft Costs
40302998-Consultants Fees - O,Soft Costs
40302999-CN Consult Fees/Reimb - GRI,Soft Costs
40303000-Consultants Reimb - L,Soft Costs
40303000-Landscape Designer,Soft Costs
40303100-Consultants Reimb - O,Soft Costs
40303100-Landscaping Design,Construction
40303995-Consultants Reimb - GRI,Soft Costs
40304000-Engineering,Soft Costs
40304000-Engineering (B),Soft Costs
40304000-MEP,Uncategorized
40304000-MEP Engineer,Soft Costs
"40304000-MEP Engineer, all",Soft Costs
40304000-MEP-Exp,Uncategorized
40304100-Engineering Fees-LHI,Soft Costs
40304996 - MEP Engineer 2 - CAP - SpendApp '95,Soft Costs
40304996-3YLHI - Building Improvements,Construction
40304996-Engineering Fees,Soft Costs
40305000-Struc Engineer,Soft Costs
40305000-Structural Engineer,Soft Costs
40306000-CN Other Consult Fees Exp,Soft Costs
40306000-Consultant Other - Project,Soft Costs
40306000-Consultants,Soft Costs
40306000-Consultants Exp,Soft Costs
40306000-Consultants Other,Soft Costs
"40306000-Consultants, all",Soft Costs
40306000-Consultants| all,Soft Costs
40306000-Design/AE Costs,Uncategorized
40306075-Cons- Acoustical,Soft Costs
40306075-Professional Fees Exp,Soft Costs
40306125-JA2009210-Site Safety,Construction
40306150-Cons- Curtainwall/Encl,Uncategorized
40306200-Cons- Elevator,Construction
40306225-Cons- Environmental,Soft Costs
40306225-Environmental Consul,Soft Costs
40306225-Environmental Fees - L,Soft Costs
40306250-Cons- Filing,Uncategorized
40306250-Environmental Fees - O,Soft Costs
40306300-Cons- Food service,Uncategorized
40306300-FF&E Cap-Food Service,FF&E + Millwork
40306300-FF&E Exp-Food Service,FF&E + Millwork
40306325-Ergo Consultant,Soft Costs
40306425-Cons- Lighting,Uncategorized
40306475-Permit fees,Soft Costs
40306525-Building Roof Replacement,Construction
40306525-Cons- Roofing,Construction
40306525-JA2003202-Waterproofing Consul,Construction
40306550-Cons- Security,FF&E + Millwork
40306575-Cons- Signage/Graphics,FF&E + Millwork
40306575-Signage,FF&E + Millwork
40306575-Signage/Graphics Con,FF&E + Millwork
40306625-Cons- Voice/Data/AV,Uncategorized
40306626-Information Tech Cons,Uncategorized
40306775-Cons- Other,Uncategorized
40306775-Consultants-Other,Soft Costs
40306775-Other Consultant,Soft Costs
40306776-Cons- Operational Plan,Uncategorized
40306776-LHO-Cons- Other,Uncategorized
40306875-Cons- Move Coordinator,FF&E + Millwork
40306875-Move Coordinator,FF&E + Millwork
40306900-Commissioning Consul,Soft Costs
40306900-Cons- Commissioning,Soft Costs
40306900-JA2003900-Commissioning Agent,Soft Costs
40306995-M-Testing,Soft Costs
40306995-Special Inspections,Soft Costs
40306995-Special Inspections / Testing,Soft Costs
40306995-Special Inspections/Testing,Soft Costs
40306996-Consultants 2,Soft Costs
40306996-LEED Consultant,Soft Costs
40306998-JA2003200-Construction Design,Construction
40401000-JLL Project Management,Soft Costs
40401000-PM Time - Leased,Uncategorized
40401000-PM Time-Leased,Uncategorized
40401000-Proj Management Fee,Soft Costs
40401000-Proj Mgmnt Time-EXP,Uncategorized
40401000-Proj Mgmnt Time-Lease,Uncategorized
40401000-Proj Mgmnt Time-Leased,Uncategorized
40401000-Proj Mgmnt Time-New Branch,Uncategorized
40401000-Proj Mngmt - Others Exp,Uncategorized
40401000-Project Management,Soft Costs
40401000-Project Management Fees,Soft Costs
40401995-CS Project Manager,Uncategorized
40401995-JLL PM - Travel,Soft Costs
40401995-Other Project Consulting,Uncategorized
40401995-Program Management,Uncategorized
40401995-Project Admin/Consulting,Uncategorized
40401995-Project Management-Travel,Soft Costs
40401995-Project Mgmt � Duke,Uncategorized
40401995-Project/Program Mgr 1,Uncategorized
40401996-CRE Project Expense,Uncategorized
40401996-Proj Mgmnt Time-ATM,Uncategorized
40401996-Project Admin/Cons REIMB,Uncategorized
40401997-5YLHI - Building Improvements,Construction
40401998-6YLHI - Building Improvements,Construction
40402000-PM Fee - Offset,Soft Costs
40402000-Project Management,Soft Costs
40402000-Project Mgmt Reimbursables,Soft Costs
40402000-Variable Project Manager,Uncategorized
40403000-Facility Mgr- JLL,Soft Costs
40403000-JLL FM,Soft Costs
40403995-9YLHI - Building Improvements,Construction
40404000-Move Management-Exp,FF&E + Millwork
40404000-Move Mgr- JLL,FF&E + Millwork
40404100-Change Mgr - JLL,Soft Costs
40404100-Move Manager Non JLL,FF&E + Millwork
40404995-Variable Move Manager,FF&E + Millwork
40405000-Cons- Pre-Const Cost,Construction
40405000-PreConstructionOther,Construction
40407800-Legal Fees Expense,Soft Costs
40407800-Legal- Other,Soft Costs
40407995-Legal Fees - L,Soft Costs
40407995-Legal Fees - New,Soft Costs
40501000-CN Proj Mngmt Fees - L,Soft Costs
40501000-CN Proj Mngmt Fees Exp,Soft Costs
40501000-Fee - Jll Project,Soft Costs
"40501000-Fee- JLL, project",Soft Costs
40501000-Fee-Project Management,Soft Costs
40501000-JLL PM,Soft Costs
40501000-JLL PM Fee,Soft Costs
40501000-JLL Project Management,Soft Costs
40501000-PM Fees,Soft Costs
40501000-PM Fees/Reimbursables MOD 1,Soft Costs
40501000-PM Fees/Reimbursables-,Soft Costs
40501000-PM Time - Owned,Uncategorized
40501000-Proj Mgmnt Time-Interior Owned,Uncategorized
40501000-Proj Mgmnt Time-Owned,Uncategorized
40501000-Proj Mngmt Fees - L,Soft Costs
40501000-Proj Mngmt Fees Exp,Soft Costs
40501000-Project Management,Soft Costs
40501000-Project Mgmnt-EXP,Uncategorized
40501100-JLL Service Fee-LHI,Soft Costs
40501100-PM Time - New,Uncategorized
40501100-Proj Mgmnt Time-New,Uncategorized
40501100-Proj Mgmnt Time-NewBuild Owned,Uncategorized
40501200-JLL Service Fee-BM,Soft Costs
40501200-Landlord Fees-Per Lease,Soft Costs
40501995-10YLHI - Building Improvements,Construction
40501995-CN Proj Mngmt Fees - O,Soft Costs
40501995-JLL PM,Soft Costs
40501995-Proj Mngmt Fees - O,Soft Costs
40501996-CN Proj Mngmt Fees - GRI,Soft Costs
40501996-Meals & Travel,Uncategorized
40501996-Non-JLL Service Feee-LHI,Soft Costs
40501998-JLL Service Fee (Variable)-LHI,Soft Costs
40501998-Proj Admin Fees � L,Soft Costs
40501999-JLL OPS,Soft Costs
40501999-JLL Ops,Soft Costs
40501999-Other Occupancy Expense,Uncategorized
40502000-JLL Reimb,Soft Costs
40505000-Permit,Soft Costs
40505000-Permits,Soft Costs
40505000-Permits & Fees,Soft Costs
40505000-Permits-Exp,Soft Costs
40505000-Permits/General,Soft Costs
"40505000-Permits/General, all",Soft Costs
40505100-Permit- Building,Soft Costs
40601000-Insurance,Soft Costs
40602000-Harris Internal Costs,Uncategorized
40602000-JA2009000-Miscellaneous,Uncategorized
40602000-Landlord Fees,Soft Costs
40602000-Landlord Fees-Exp,Soft Costs
"40602000-Owners Internal, all",Uncategorized
40602995-4 - LHOL IMPR INTERNAL,Uncategorized
40603000-Reimbursed by Others,Uncategorized
40603995-Proj Mngmt Reimb - L,Uncategorized
40603996-CN Proj Mngmt Reimb Exp - O,Uncategorized
40603997-CN Proj Mngmt Reimb Exp - GRI,Uncategorized
40603999-12 - BLDG MAJOR INFRASTR,Uncategorized
40605000-Proj Admin Fees Exp,Soft Costs
40605000-Sales Tax,Construction
40605000-Tax,Uncategorized
40605000-Taxes,Uncategorized
"40605000-Taxes, all",Uncategorized
40605000-Taxes| all,Uncategorized
40605200-Canada only - GST TAX,Uncategorized
40605995-M-Taxes,Uncategorized
40605995-Taxes,Uncategorized
40605995-Taxes 1,Uncategorized
40605995-Taxes Exp,Uncategorized
40605996-L-Taxes,Uncategorized
40605996-Tax-GST,Uncategorized
40605997-Tax-PST,Uncategorized
40605998-Tax-QST,Uncategorized
40605999-Canada only - ON HST TAX,Uncategorized
40606000-Soft Costs- Other,Soft Costs
"40606000-Soft Costs- Other, all",Soft Costs
40606000-Soft Costs-Other,Soft Costs
40606000-Soft Costs-Other-Exp,Soft Costs
40606995-Final Cleaning,Construction
40606997-Design Services - New,Soft Costs
40606998-Design Servi - Owned,Soft Costs
40701000-Contingency,Construction
40701000-SC Contingency - Owner,Construction
40701200 - SC Contingency - Other - EXP - SpendApp '95,Construction
411 Hillsborough D,Construction
415 Hillsborough D,Construction
416,Uncategorized
42 Dev Area Workstations,FF&E + Millwork
422 Rialto U,Construction
423 Rialto U,Construction
425 Hillsborough U,Construction
426 Rialto U,Construction
428 Hillsborough U,Construction
431,Uncategorized
433 Rialto U,Construction
434 Hillsborough U,Construction
437 Rialto U,Construction
4YLHI - Building Improvements,Construction
4th FL break area chairs,FF&E + Millwork
4th FL break area table,Uncategorized
4th Flr - Architect/MEP Engineer,Soft Costs
4th Flr - Artwork & Branding Design,FF&E + Millwork
4th Flr - Audio/Visual,FF&E + Millwork
4th Flr - Communications/Structured Cabling,FF&E + Millwork
4th Flr - Consultant - Information Tech,Soft Costs
4th Flr - Curtains & Tracks,Uncategorized
4th Flr - Digital Clock System,Uncategorized
4th Flr - Equipment Temp Monitoring,FF&E + Millwork
4th Flr - Fire Suppression,Construction
4th Flr - Furniture,FF&E + Millwork
4th Flr - General Construction,Construction
4th Flr - IT Equip/Software,Uncategorized
4th Flr - JLL Project Management,Soft Costs
4th Flr - Medical Equipment,FF&E + Millwork
4th Flr - Moving & Storage Fees,FF&E + Millwork
4th Flr - Nurse Call,Construction
4th Flr - Permit - Building & Inspection Fees,Soft Costs
4th Flr - Project Contingency @ 10%,Construction
4th Flr - Security,FF&E + Millwork
4th Flr - Signage/Graphics,FF&E + Millwork
4th Flr - Structural Engineer,Soft Costs
4th Flr - Telecom,FF&E + Millwork
4x1000,Uncategorized
5 Metal Fabrication,Construction
5 Metal Framing / Decking,Construction
5 Metal Railings / Stairs,Construction
5 Metal Railings/Stairs,Construction
5 Metals,Construction
"5 Metals, all",Construction
"5 Metals, all  (Item 13 Gilbane GMP 2221006)",Construction
5 Ornamental Metal,Construction
5 Struct &Metals Exp,Construction
5 Structural,Construction
5 Structural &Metals,Construction
5% Contingency approved 10/26/23 R4 - Clune,Construction
5% Soft Cost Contingency,Soft Costs
5-Corporate Security,FF&E + Millwork
5.00 Bond Premium,Construction
50101000-Leasing- Commissions,Uncategorized
50201000-Signs-Graphics-Marketing,FF&E + Millwork
50201800-JLL Travel,Soft Costs
50201800-Mktg- Travel/Entertain,Uncategorized
50203000-Leasehold Improvements,Construction
513 Rialto D,Construction
514 Hillsborough D,Construction
515 Hillsborough D,Construction
516,Uncategorized
517 Rialto D,Construction
518,Uncategorized
522 Rialto U,Construction
525 Hillsborough U,Construction
526 Rialto U,Construction
528 Brookhaven U,Construction
531 Hillsborough U,Construction
533 Rialto U,Construction
535 Hillsborough U,Construction
536 Rialto U,Construction
537 Rialto U,Construction
538 Hillsborough U,Construction
5YLHI - Building Improvements,Construction
5th Floor Restrooms,Construction
5th Floor Sunken Construction Costs,Construction
6 Finish Carpentry,Construction
6 Millwork (Modifications),FF&E + Millwork
6 Millwork (New),FF&E + Millwork
6 Rough Carpentry,Construction
6 Wood/Plastics-BM,Construction
6 Wood/Plastics-LHI,Construction
6 Woods/Plastics,Construction
"6 Woods/Plastics, all",Construction
6-Furniture,FF&E + Millwork
6. Contingency 8%,Construction
60402000-Lease T.I. Credit,Uncategorized
60k sf Warehouse,Uncategorized
60k sf Warehouse HVAC,Construction
611 Hillsborough U,Construction
612 Rialto D,Construction
613 Rialto D,Construction
614 Hillsborough D,Construction
615 Hillsborough D,Construction
619 Hillsborough D,Construction
621,Uncategorized
622 Rialto U,Construction
623 Rialto U,Construction
625 Hillsborough U,Construction
627,Uncategorized
628 Hillsborough U,Construction
633 Rialto U,Construction
638,Uncategorized
6YLHI - Building Improvements,Construction
7 ACM Panels,Construction
7 Damp/Waterproofing,Construction
7 Exterior Stucco / Building Finish System,Construction
7 Fire/Smoke Protection,Construction
7 Flashing/Sheet Metal,Construction
7 Joint Sealers,Construction
7 Membrane Roofing,Construction
7 Roof Accessories,FF&E + Millwork
7 Roof Repair-BMR,Construction
7 Roofing/Siding,Construction
"7 Shingles, Roof Tiles & Roof Coverings",Construction
7 Therm/H20proof,Construction
"7 Therm/H20proof, all",Construction
"7 Therm/H20proof, all (Item 13 Gilbane GMP 2221006)",Construction
7 Therm/H20proof-BM,Construction
"7 Therm/H2Oproof, all",Construction
7 Thermal Protection,Construction
7-Equipment,FF&E + Millwork
700 Spice - CRMI,Construction
70035000-Duke Direct CAP,Uncategorized
70035000-Duke Direct EXP,Uncategorized
717,Uncategorized
723 Rialto U,Construction
725 Hillsborough U,Construction
727 Rialto U,Construction
728 Hillsborough U,Construction
731 Hillsborough U,Construction
732,Uncategorized
734 Hillsborough U,Construction
735 Hillsborough U,Construction
738 Hillsborough U,Construction
7YLHI - Building Improvements,Construction
7th Floor Construction,Construction
7th Floor Design Costs,Soft Costs
7th Floor Project Management Cost,Soft Costs
7th Flr - Architect/MEP Engineer,Soft Costs
7th Flr - Artwork & Branding,FF&E + Millwork
7th Flr - Audio/Visual,FF&E + Millwork
7th Flr - Communications/Structured Cabling,FF&E + Millwork
7th Flr - Consultant - Information Tech,Soft Costs
7th Flr - Curtains & Tracks,Uncategorized
7th Flr - Digital Clock System,Uncategorized
7th Flr - Equipment Temp Monitoring,FF&E + Millwork
7th Flr - Escalation @ 5% for 6 months,Uncategorized
7th Flr - Fire Suppression,Construction
7th Flr - Furniture,FF&E + Millwork
7th Flr - General Construction,Construction
7th Flr - IT Equip/Software,Uncategorized
7th Flr - JLL Project Management,Soft Costs
7th Flr - Medical Equipment,FF&E + Millwork
7th Flr - Moving & Storage Fees,FF&E + Millwork
7th Flr - Nurse Call,Construction
7th Flr - Permit - Building & Inspection Fees,Soft Costs
7th Flr - Pneumatic Tube,Uncategorized
7th Flr - Project Contingency @ 10%,Construction
7th Flr - Security,FF&E + Millwork
7th Flr - Signage/Graphics,FF&E + Millwork
7th Flr - Structural Engineer,Soft Costs
7th Flr - Telecom,FF&E + Millwork
8 Awnings-ITF,Construction
8 Doors,Construction
8 Doors/Windows,Construction
"8 Doors/Windows, all",Construction
"8 Doors/Windows, all (Item 13 Gilbane GMP 2221006)",Construction
8 Doors/Windows-LHI,Construction
8 Doors/Windows| all,Construction
8 Entrance/Storefronts,Construction
8 Glazing,Construction
8 Hardware,Construction
8 L-Doors/Windows,Construction
8 M-Doors/Windows,Construction
8 Metal Doors/Frames,Construction
8 Specialty Doors,Construction
8 Windows,Construction
8 Wood/Plastic Doors,Construction
8-Moving (Expense),FF&E + Millwork
8. ADMINISTRATIVE FEE 9%,Soft Costs
813 Oakwood D,Construction
814,Uncategorized
816 Oakwood  D,Construction
821 Brookhaven U,Construction
823 Oakwood U,Construction
826 Oakwood U,Construction
827 Oakwood U,Construction
828 Brookhaven U,Construction
833 Oakwood U,Construction
836 Oakwood U,Construction
837 Oakwood U,Construction
8YLHI - Building Improvements,Construction
9 Acoustical Treatment,Soft Costs
9 Carpet Cleaning-BMR,FF&E + Millwork
9 Carpet Tiles,FF&E + Millwork
9 Carpet-ITF,FF&E + Millwork
9 Ceilings,Construction
9 Exterior Painting,Construction
9 Finish Matl/Methods,Construction
9 Finishes,Construction
9 Finishes Exp,Construction
"9 Finishes, all",Construction
9 Finishes; all,Construction
9 Finishes| all,Construction
9 Floor Preparation,Construction
9 Flooring,Construction
9 Flooring & Carpet,FF&E + Millwork
9 Flooring Carpet,FF&E + Millwork
9 Flooring Resilient,Construction
"9 Flooring, Carpet",FF&E + Millwork
"9 Flooring, all",Construction
9 Flooring-ITF,Construction
9 Flooring-Wood Flooring,Construction
9 Glazed Skylight,Construction
9 Gypsum Board,Construction
9 Interior Painting,Construction
9 L-Finishes,Construction
9 M-Finishes,Construction
9 Paint Ex.Walls/Bldg-BMR,Construction
9 Paint/Coatings-LHI,Construction
9 Paints/Coatings,Construction
9 Plaster/Drywall,Construction
9 Plaster/Drywall (Item 13 Gilbane GMP 2221006),Construction
9 Terrazzo,Construction
9 Tile,Construction
9 VCT,Construction
9 Wall Finishes,Construction
9 Wallcovering/Brand-ITF,Construction
9 Window Coverings-ITF,FF&E + Millwork
9-Escorting Cost (Expense),Uncategorized
9. 4X1000,Uncategorized
90.0000 Construction Manager,Construction
91.0000 Branding / Graphics,FF&E + Millwork
912 Rialto D,Construction
913 Rialto D,Construction
914 Hillsborough D,Construction
915 Hillsborough D,Construction
918 Hillsborough D,Construction
921 Hillsborough U,Construction
922 Rialto U,Construction
924 Hillsborough U,Construction
925 Hillsborough U,Construction
927 Rialto U,Construction
928 Hillsborough U,Construction
931,Uncategorized
932 Rialto U,Construction
933 Rialto U,Construction
935 Hillsborough U,Construction
937 Rialto U,Construction
938 Hillsborough U,Construction
98 Design Reimbursables,Soft Costs
99 SC Contingency,Construction
"99.0000 Contingency, Capital All",Construction
999950 - Total Project Budget (CapEx),Uncategorized
9YLHI - Building Improvements,Construction
9b Carpet-ITF,FF&E + Millwork
9b Paint Ex.Walls/Bldg-BMR,Construction
9b Wallcovering/Brand-ITF,Uncategorized
A & E Additional Services (Allowance),Construction
A & E Labor,Uncategorized
A (administration),Soft Costs
A to Z Construction,Construction
A&E,Uncategorized
A&E - Reimbursable Allowance,Construction
A&E Add Services,Soft Costs
A&E Additional Services,Soft Costs
A&E Construction Administration,Soft Costs
A&E Contingency,Construction
A&E Costs,Uncategorized
A&E Design Fees,Soft Costs
A&E Fee (BPC002756),Soft Costs
A&E Fees,Soft Costs
A&E Fees - SSM,Soft Costs
A&E Miscellaneous,Uncategorized
A&E Reimbursable & Printing,Soft Costs
A&E Reimbursable Allowance,Construction
A&E Reimbursable Expenses,Soft Costs
A&E Reimbursables,Soft Costs
A&E Team,Uncategorized
A&E Total,Uncategorized
A&E service - Engineering phase,Soft Costs
A&E- Additional Services,Soft Costs
A&E- Architecture,Soft Costs
A&E- Civil Engineer,Soft Costs
A&E- Interior Design Fees,FF&E + Millwork
A&E- Land Planning/ Landscape Architecture,Soft Costs
A&E- MEP Engineer,Soft Costs
A&E- Miscellaneous,Uncategorized
A&E- Reimbursable and Printing,Soft Costs
A&E- Structural Engineer,Soft Costs
A/E,Soft Costs
A/E - Kleinfelder,Soft Costs
A/E Add Services,Soft Costs
A/E Design - CAR,Soft Costs
A/E Design - OAR,Soft Costs
A/E Design Contingency,Soft Costs
A/E Design Fee,Soft Costs
"A/E Design Fees (incl. Civil, Specialty Consultants, etc.)",Soft Costs
A/E Design and CDS,Soft Costs
A/E Design and CDs,Soft Costs
A/E Expense - Travel & Meals,Soft Costs
A/E Fees,Soft Costs
A/E Reimbursable,Soft Costs
A/E Reimbursables,Soft Costs
A/E Services,Soft Costs
A/E and JLL Reimbursable,Soft Costs
A/E ~ Interiors Resource Type/Category 70000 / 70000,Soft Costs
A/V,FF&E + Millwork
A/V & IT,FF&E + Millwork
A/V & Presentation Equipment,FF&E + Millwork
A/V & Sound Masking Equipment - CCS - Transferred funds to HC Construction,FF&E + Millwork
A/V (infrastructure),FF&E + Millwork
A/V + IT,FF&E + Millwork
"A/V - 3 Added TV's, mounts, data",FF&E + Millwork
A/V - Equipment - AVI Systems,FF&E + Millwork
A/V - Exp,FF&E + Millwork
A/V - Rahi,FF&E + Millwork
A/V - inLighten,FF&E + Millwork
A/V Equipment,FF&E + Millwork
A/V Equipment & Install,FF&E + Millwork
A/V Equipment (and labor),FF&E + Millwork
A/V Equipment - General,FF&E + Millwork
A/V Equipment - Linear/ Paladin,FF&E + Millwork
A/V Equipment and Room Schedulers,FF&E + Millwork
A/V Equipment- Spectra/Paladin,FF&E + Millwork
A/V Install and Integration,FF&E + Millwork
A/V Integrator,FF&E + Millwork
A/V Integrator (Local),FF&E + Millwork
A/V Systems,FF&E + Millwork
A/V Systems & Equipment,FF&E + Millwork
A/V and IT,FF&E + Millwork
"A/V, IT & Security- Equipment",FF&E + Millwork
"A/V, LV & IT- Equipment",FF&E + Millwork
"A/V, Network & Security Equipment",FF&E + Millwork
"A/V, Tech, Comm.- Equipment",FF&E + Millwork
A/V- Cable/Wire,FF&E + Millwork
A/V- Disconnect,FF&E + Millwork
A/V- Displays & Systems,FF&E + Millwork
A/V- Equipment,FF&E + Millwork
A/V- Equipment & Install,FF&E + Millwork
A/V- Equipment & Labor (Included in Construction),FF&E + Millwork
A/V- Equipment & Soundmasking,FF&E + Millwork
A/V- Equipment & Wiring,FF&E + Millwork
"A/V- Equipment & Wiring - Telecom, IT, Data Equipment & Install - Security",FF&E + Millwork
A/V- Equipment (AAA Vendor),FF&E + Millwork
A/V- Equipment (Base Proposal Includes Room Navigators),FF&E + Millwork
A/V- Equipment (Carousel),FF&E + Millwork
A/V- Equipment (Diversified),FF&E + Millwork
A/V- Equipment (KDDI),FF&E + Millwork
A/V- Equipment (Placeholder),FF&E + Millwork
A/V- Equipment (conference center),FF&E + Millwork
A/V- Equipment (includes Cicso Equipment),FF&E + Millwork
A/V- Equipment - (Paladin Technologies),FF&E + Millwork
A/V- Equipment - Clutch,FF&E + Millwork
A/V- Equipment - Procurement and Install by Cambrex,FF&E + Millwork
A/V- Equipment - RoundTower,FF&E + Millwork
A/V- Equipment - Sound System - Wireless Internet,FF&E + Millwork
A/V- Equipment Allowance,Construction
A/V- Equipment EverFi space,FF&E + Millwork
A/V- Equipment Install,FF&E + Millwork
A/V- Equipment New Office,FF&E + Millwork
A/V- Equipment Owner Provided,FF&E + Millwork
A/V- Equipment PPI AV,FF&E + Millwork
A/V- Equipment and Labor,FF&E + Millwork
A/V- Equipment: AVI-SPL,FF&E + Millwork
A/V- IT,FF&E + Millwork
A/V- IT/Security,FF&E + Millwork
A/V- InLighten System,FF&E + Millwork
A/V- Install,FF&E + Millwork
A/V- TV- Solstice,FF&E + Millwork
A/V- Television,FF&E + Millwork
A/V- Wiring & Equipment,FF&E + Millwork
A/V-IT Equipment,FF&E + Millwork
A/V-Install/ Equipment,FF&E + Millwork
A/V-OE,FF&E + Millwork
A/V-Security- Low Voltage Equipment,FF&E + Millwork
A/V_Admin,FF&E + Millwork
A01 Land - Swayze Properties,Uncategorized
ABC Moving & Liquidation,FF&E + Millwork
ABS - BMS Controls - MSA Contract (17269),Construction
AC Installation - SeasonAir - Phase 1,Soft Costs
AC Installation - SeasonAir - Phase 2,Soft Costs
AC work,Uncategorized
ACC Development Fee,Soft Costs
ACCESS CONTROL & CCTV,FF&E + Millwork
ACCI,Uncategorized
ACES RTU,Uncategorized
ACM Investigation,Uncategorized
ACM Testing,Soft Costs
ACM Testing and Report,Soft Costs
ACM/Hazmat - Inspections / Testing,Soft Costs
ACP-5,Uncategorized
ACP-5 - Warren Panzer,Uncategorized
ACT Ceiling Work,Uncategorized
AD Furniture Coordination,FF&E + Millwork
ADA Concrete Repairs,Construction
ADA Consultant,Soft Costs
"ADA Door, Cores, and Strikes",Uncategorized
ADA Line Striping,Uncategorized
ADA Permit,Soft Costs
ADA Railing,Uncategorized
ADA Upgrades,Uncategorized
ADA-Construction,Construction
ADT - Other Equipment,FF&E + Millwork
ADT IT - Hardware & Office Technology,Uncategorized
"ADT IT Labor, External / Capital Requirements",Uncategorized
ADT-Brivo Security,FF&E + Millwork
AE,Uncategorized
AE - Precis Project Fee,Soft Costs
AE - Precis; Early Concept,Uncategorized
AE Design & Consultants Contingency,Soft Costs
AE Design Fees,Soft Costs
AE Expense,Uncategorized
AE Fee+Generator Design,Soft Costs
AEC,Uncategorized
AECOM Hunt Construction Contingency,Construction
AECOM Hunt Fee,Soft Costs
AFR - Flooring,Construction
AFUDC,Uncategorized
AGI Site Survey,Soft Costs
AHJ Building Permit,Soft Costs
AHU-11 pilot,Uncategorized
AJCPT Development Fee,Soft Costs
ALL Signage Removal,FF&E + Millwork
ALLOWANCE: Final Cleaning,Construction
ALTA / Boundary / Topo Survey,Soft Costs
ALTA Boundary Survey,Soft Costs
ALTA Survey,Soft Costs
ALTA Survey CAD Release,Soft Costs
AME Construction Testing,Construction
AMEP,Uncategorized
AMS Asphalt Paving/striping/sealing,Uncategorized
AOLI,Uncategorized
AOP Construction,Construction
AOR,Uncategorized
AOR + ENG (Nelson + Brinjac),Uncategorized
AOR - Tenant ALT Documentation,Uncategorized
APPROVED AFE,Uncategorized
APPROVED AFE (Routing for signature),Uncategorized
ARC Flash Study,Construction
ARCHITECT - Design Sales Tax,Soft Costs
ARCHITECT - Filing services with NYC DOB,Soft Costs
ARCHITECT - Furniture,FF&E + Millwork
ARCHITECT - Gensler Consultant Coordination Fees,Soft Costs
ARCHITECT - Genslers Reimbursables,Soft Costs
ARCHITECT - LEED and WELL Certification Coordination,Soft Costs
ARCHITECT- Base Service: Architectural and MEP,Soft Costs
AS Fittings & Fixtures,Uncategorized
ASA Contingencies & Revisions,Uncategorized
ASC Construction,Construction
ASCOM Wireless Phone System,FF&E + Millwork
ASD Contract,Uncategorized
ASD Original Contract,Uncategorized
ASD Project Completion Cost,Uncategorized
ASD Reimbursables,Soft Costs
ASK JOE Audio/Visual & KGS IT,FF&E + Millwork
ASK JOE General Contractor - Landlord Managed,Construction
AT Villa,Uncategorized
AT&T - Network/Wireless/Voice,FF&E + Millwork
ATM,Uncategorized
ATM (1),Uncategorized
ATM - 1 thru wall,Uncategorized
ATM - 1) thru wall,Uncategorized
ATM 1),Uncategorized
ATM Bld/Free Standing,Uncategorized
ATM Machine,Uncategorized
ATM Related,Uncategorized
ATM Removal,Uncategorized
ATM Surround & Kiosk Build,Uncategorized
ATM Surrounds,Uncategorized
ATM Technology & Replacement,FF&E + Millwork
ATMS - 2 total,Uncategorized
ATMs,Uncategorized
ATMs - 1 total,Uncategorized
ATMs - 2 total,Uncategorized
ATOS - MTR Decom and Installation,FF&E + Millwork
AV,FF&E + Millwork
AV & Security (CDI),FF&E + Millwork
AV & Soundmasking,FF&E + Millwork
AV (TV) Allowance,Construction
AV + Desktop Equipment,FF&E + Millwork
AV - CAD Cost Line,FF&E + Millwork
AV - Equipment,FF&E + Millwork
AV - Equipment - Misc.,FF&E + Millwork
AV - IT- Cabling - Cameras,FF&E + Millwork
AV - Installation,FF&E + Millwork
AV - Placeholder,FF&E + Millwork
AV - Various,FF&E + Millwork
AV - inLighten Equipment,FF&E + Millwork
AV / Classroom Equipment,FF&E + Millwork
AV / IT / Security,FF&E + Millwork
AV Allowance,Construction
AV Consultant,FF&E + Millwork
AV Consultant - Waveguide,FF&E + Millwork
AV Consultant/ HRAV,FF&E + Millwork
AV Consulting,FF&E + Millwork
AV Cost,FF&E + Millwork
AV Costs,FF&E + Millwork
AV Costs -Sound Masking,FF&E + Millwork
AV Decom (AVI-SPL),FF&E + Millwork
AV Design,FF&E + Millwork
AV Design & Leased Equipment,FF&E + Millwork
AV Design Consultant (Allowance),Soft Costs
AV Design Services,FF&E + Millwork
AV Equipment,FF&E + Millwork
AV Equipment & Installation,FF&E + Millwork
AV Equipment & Wiring,FF&E + Millwork
AV Equipment (CMT Furnished),FF&E + Millwork
AV Equipment (Included in Construction),FF&E + Millwork
AV Equipment - A-V Services,FF&E + Millwork
AV Equipment - Conf. Rm.,FF&E + Millwork
AV Equipment - L,FF&E + Millwork
AV Equipment - Leased,FF&E + Millwork
AV Equipment - Sublease,FF&E + Millwork
AV Equipment Leased,FF&E + Millwork
AV Equipment Purchased,FF&E + Millwork
AV Expenses,FF&E + Millwork
AV Hard Costs,FF&E + Millwork
AV Install,FF&E + Millwork
AV Integrator,FF&E + Millwork
AV Integrator - AVI Systems,FF&E + Millwork
AV Integrator - Waveguide,FF&E + Millwork
AV Integrators/Equipment,FF&E + Millwork
AV Labor,FF&E + Millwork
AV Material & Install,FF&E + Millwork
AV Poly Equipment,FF&E + Millwork
AV Related,FF&E + Millwork
AV Removal (Bug ID),FF&E + Millwork
AV Services- Pre-Purchase/Integration (AV SERVICES INC.) -  (Tracked by IBM ),FF&E + Millwork
AV Sound Masking,FF&E + Millwork
AV Systems,FF&E + Millwork
AV Works,FF&E + Millwork
AV and Cabling CA,FF&E + Millwork
AV and Cabling Installation,FF&E + Millwork
AV and Sound,FF&E + Millwork
AV and Technology,FF&E + Millwork
AV disconnect/reconnect,FF&E + Millwork
AV install/integration,FF&E + Millwork
"AV, Cabling, Access",FF&E + Millwork
"AV, IT, Security - Equipment",FF&E + Millwork
"AV, Low Voltage, Security Design & Install - Data Tele",FF&E + Millwork
AV- AVI,FF&E + Millwork
AV- Equipment,FF&E + Millwork
AV- Linear Technologies/Paladin,FF&E + Millwork
AV-IT-Security Costs,FF&E + Millwork
AV-LV-Security - Brytesight,FF&E + Millwork
AV/ IT,Uncategorized
AV/ IT Equipment,FF&E + Millwork
AV/ Technology,Uncategorized
AV/Equipment - Kinly,FF&E + Millwork
AV/IT (Allowance),Construction
"AV/IT - Innovation Hub, Control Center",Uncategorized
AV/IT - Partial 5th Floor,FF&E + Millwork
AV/IT - Waveguide,Uncategorized
AV/IT Consultant,Soft Costs
"AV/IT Infrastructure, Structured Cabling & Equipment",FF&E + Millwork
AV/IT/Computer/Network Gear,Uncategorized
AV/IT/Sec Consultant - ISC,Soft Costs
AV/IT/Security - Installation,FF&E + Millwork
AV/IT/Security Contingency (10%),Construction
AV/IT/Security North,FF&E + Millwork
AV/LV,Uncategorized
AV/Low Voltage,FF&E + Millwork
AVA - Audio Visual Consultant,FF&E + Millwork
AVCN,Uncategorized
AVI SPL Proposal,Soft Costs
AVI-SPL,FF&E + Millwork
AVI-SPL ROM,FF&E + Millwork
AWC Furniture & DIRTT,FF&E + Millwork
AXP Technology (Internal),FF&E + Millwork
Abatement,Uncategorized
Abatement & Remediation,Uncategorized
"Abatement (monument/plumbing removal, coring assist (Elec/Plumbing)",Construction
Abatement - Landlord Responsible Costs,Uncategorized
Abatement of existing bldg,Uncategorized
Abel Womack - End Row Protectors,Uncategorized
Abel Womack - Guarding,Uncategorized
Abel Womack - Netting,Uncategorized
Abel Womack - Security Cages,FF&E + Millwork
Abel Womack - Wire Deck,Construction
Abel Womack - Wire Guidance,Construction
Able Engineering,Soft Costs
Able Womack - Racking,Uncategorized
Able Womack - Racking Install,Uncategorized
Able Womack - Warehouse Floor Polishing,Construction
Accepted VE per 5/17 Call,Uncategorized
Access Control,FF&E + Millwork
Access Control & CCTV,FF&E + Millwork
Access Control & Equipment  (Protec/ ADT),FF&E + Millwork
Access Control (1723),FF&E + Millwork
Access Control - Josh Penn,FF&E + Millwork
Access Control - Security,FF&E + Millwork
Access Control / CCTV Equipment,FF&E + Millwork
Access Control / Security,FF&E + Millwork
Access Control Contingency,Construction
Access Control and Security,FF&E + Millwork
Access Control/Security,FF&E + Millwork
Access Control/Security - Centric,FF&E + Millwork
Access Control/Security Cameras,FF&E + Millwork
Access Controls,FF&E + Millwork
Access Controls / Security,FF&E + Millwork
Access Controls/Security (CMT Furnished),FF&E + Millwork
Access Flooring (Labor & Materials),Construction
Access Flooring (engineering & structural steel),Soft Costs
Access Networks,Uncategorized
Accessories,FF&E + Millwork
Accessories / Decor,FF&E + Millwork
Accountants,Uncategorized
Accounting Unit - 5358,Uncategorized
Accoustical,Uncategorized
Acou/Drywall Ceiling,Construction
Acoustic Ceiling,Soft Costs
Acoustic Ceiling System & Panels,Soft Costs
Acoustic Consultant,Soft Costs
Acoustic Consultants,Soft Costs
Acoustic Engineering,Soft Costs
Acoustic Wall Panels,Soft Costs
Acoustic/Drywall Ceiling,Construction
Acoustical - Cerami,Soft Costs
Acoustical - Corgan TDS,Soft Costs
Acoustical - Gensler/Newson Brown,Soft Costs
Acoustical - SMW,Soft Costs
Acoustical Ceiling,Soft Costs
Acoustical Ceiling System,Soft Costs
Acoustical Ceiling Work,Soft Costs
Acoustical Consultant,Soft Costs
Acoustical Consultant ( Acoustic Distinctions),Soft Costs
Acoustical Consultant External,Soft Costs
Acoustical Consultants,Soft Costs
Acoustical Consultants/ Theory In Practice,Soft Costs
Acoustical Design,Soft Costs
Acoustical Engineer,Soft Costs
Acoustical Engineer - Cerami (by TMA),Soft Costs
Acoustical Engineer - Longman Lindsey,Soft Costs
Acoustical Engineer _ RDA,Soft Costs
Acoustical Engineering,Soft Costs
Acoustical Treatment,Soft Costs
Acoustical designer,Soft Costs
Acoustical/ Sound Masking/ AV-IT,FF&E + Millwork
Acoustical/ Sound Masking/ AV-IT (Waveguide),FF&E + Millwork
Acoustician,Uncategorized
Acoustics - Jaffe Holden,FF&E + Millwork
Acoustics - Jaffe Holding,FF&E + Millwork
Acoustics - Newson Browne,Uncategorized
Acoustics Consultant,Soft Costs
Acoustics/Vibrations,Uncategorized
Acrovyn Wall Protection,Uncategorized
Acrylic Shields,Uncategorized
Active IT Equipment,FF&E + Millwork
Add 10x Unisex Restrooms/Mothers Rooms,Uncategorized
Add Alt #2 - Fire/Smoke Protection,Uncategorized
Add IDF Room,Uncategorized
Add Rubber Bases in Shipping/Receiving/Smock Areas,Construction
Add Service 001 - Plan Revisions,Soft Costs
Add Service 002 - Photo Realistic Rendering,Soft Costs
Add Service 003 - Structural Engineer Review,Soft Costs
Add Service Allowance,Construction
Add Service Allownace,Soft Costs
Added 266 RSF,Uncategorized
Added Costs Approved By Finance,Uncategorized
Added Fee for LL completing work,Soft Costs
Added Furniture,FF&E + Millwork
Added Scope//Pricing Exercises,Uncategorized
Added Window Office,Construction
Added cost to support boom mounted anesthesia carts,FF&E + Millwork
Adding HM door to training room,Uncategorized
Additional 2% Conting,Construction
Additional A&E Services,Construction
Additional Asbestos Testing (Owner Direct Payment),Soft Costs
Additional Consultants,Soft Costs
Additional Consultants - Professional Services,Soft Costs
Additional Delivery & Installation -IBM Internal Moves (CERTIFIED),FF&E + Millwork
Additional Fees,Soft Costs
Additional Fill credit per Post Closing Agreement,Construction
Additional Fill per post closing agreement,Construction
Additional IDF Rack and PDUs,Construction
Additional Office Space (Construction Cost),Construction
Additional Permits,Soft Costs
Additional Project Support,Construction
Additional Service Allowance,Construction
Additional Services,Soft Costs
Additional Services Allowance,Construction
Additional Signage - Wurz,FF&E + Millwork
Additional Soft Costs,Soft Costs
Additional Switches,Construction
"Additional Technology, all",Construction
Additional forecasted fee JLL,Soft Costs
Adjustment for Inflation,Uncategorized
Adm Fee- JLL,Soft Costs
Admin fee,Soft Costs
Admin. Fee,Soft Costs
Advantia Approved Funding,Uncategorized
Advantia Logo Sign,Uncategorized
Advertisements,Uncategorized
Aerosol cage and FFL - SSB,Uncategorized
Agency,Uncategorized
Agent Capital,Uncategorized
Agent Expense,Uncategorized
Agent furniture storage,FF&E + Millwork
Agora,Uncategorized
Aid to Construction (AEP),Construction
Air Compressor,Construction
Air Compressor (FP),Construction
Air Compressors,Uncategorized
Air Filtration,Uncategorized
Airnetics,Uncategorized
Airnetics / oxygen supplier,Uncategorized
Alarm System,Uncategorized
Alcove Restriping Project,Uncategorized
Alignment rack relocation,FF&E + Millwork
All Design Consultants,Soft Costs
All IT CapEx Costs,Uncategorized
All IT OpEx Costs,Uncategorized
All Moves,FF&E + Millwork
All Signage-Interior and Exterior,FF&E + Millwork
All Soft Costs,Soft Costs
"AllKinds Elem 2, 4, 10",Uncategorized
AllPro - Electrical,Construction
AllPro - Fire Alarm,Construction
Allegheny Refrigeration Decom,FF&E + Millwork
Alliance Roofing,Construction
Allied Universal - Security Coverage,FF&E + Millwork
Allocated Contingency,Construction
Allowance,Construction
Allowance #01 - Exterior Site Work - TBD - Lease Negotiation,Construction
Allowance #02 - Instruments & Chemicals - Agilent Sub-Movers,Construction
Allowance #03 - New Argon and NO2 Bulk Tanks - TBD,Construction
Allowance #04 - Semi-Works Controls Integration Vendor,Construction
Allowance #05 - Fire Resistant 1-Hour Rated Windows at Semi-Works - TBD,Construction
Allowance #06 - NMR Cx - TBD,Construction
Allowance #07 - Expedited Procurement,Construction
Allowance #1: X-Ray/GRP,Construction
Allowance #2: Sprinkler Branch Relocation,Construction
Allowance #3: Spray Fireproof Repair/Patch,Construction
Allowance #4: LAN Room Power & Equipment,Construction
Allowance #5: Operable Partition Steel Demo,Construction
Allowance #6: Floor Prep - Adhesive & Leveling,Construction
Allowance #7: Furniture Relocation,FF&E + Millwork
Allowance - City/County recording fees,Construction
Allowance - Clay Street Enhancements for DHR,Construction
Allowance - Design Addt'l Services,Soft Costs
Allowance - Lockshop Work Orders,Construction
Allowance - Parking Controls System,Construction
Allowance - TI,Construction
Allowance - Terminal Cleaning,Construction
Allowance - Transformer and Elec Panel,Construction
Allowance Add Scope,Construction
Allowance FFE General Trash,Construction
Allowance Option Adds (Not Included by GC),Construction
Allowance at 10% (Expense),Construction
Allowance for Additional Services,Construction
Allowance for Mecho Shades,Construction
Allowance for Patching Primark Space,Construction
Allowance for Supplemental Equipment,Construction
Allowance: Add'l Tenant Direct Scope Coordination,Construction
Allowance: Add'tl HVAC Modifications,Construction
Allowance: Additional Infrastructure,Construction
Allowance: Building Charges,Construction
Allowance: COVID-19 Allowance,Construction
Allowance: Final Cleaning,Construction
Allowance: Final Cleaning  (White Glove),Construction
Allowance: Final Cleaning (White Glove),Construction
Allowance: JLL RPM Fee,Construction
Allowance: LL Corrective Work,Construction
Allowance: Landlord Corrective Work,Construction
Allowance: Landlord Excluded Scope,Construction
Allowance: Long Lead Material Mitigation,Construction
Allowance: Material Escalation,Construction
Allowance: Move-In Support,Construction
Allowance: Overtime,Construction
Allowance: Overtime And Out of Sequence Work,Construction
Allowance: Project Team Schedule Extension,Construction
Allowance: Supply Chain Mitigation,Construction
Allowance: Technology Pathways,Construction
Allowances,Construction
Allowances - Building Engineer,Construction
Allowances for Additional Improvements,Construction
Allowances for Repairs and Maintenance,Construction
Alloy Group Abatement,Uncategorized
Ally IT Internal,Uncategorized
Ally IT Internal (DO NOT USE),Uncategorized
Ally Internal IT,Uncategorized
Alt #1 - Flooring - Carpet,FF&E + Millwork
Alt #1: Continue Tile Throughout Lobby,Construction
Alt #2: Remove Chair Rail,FF&E + Millwork
Alt #3: Round Light Fixtures,Uncategorized
Alt #4: Wrap Doors,Uncategorized
Alternate #11: PNE Base Scope in OT,Construction
Alternate #13: JLL Extended Monthly Fee,Soft Costs
Alternate #14: MEP allownace for Alt. scopes,Construction
Alternate #1B: Clancy to remove all furniture from 7 short to reception,FF&E + Millwork
Alternate #1D: 7 short cabling decomm,FF&E + Millwork
Alternate #8B: 5th floor cabling decomm,FF&E + Millwork
Alternate #9: 7 short make ready,Construction
Alternate 9A: New LEDs in 7 long & reception,Construction
Alternate Contract Total,Construction
Alternate Roof Area,Construction
Alternates,Uncategorized
Alternates #1-7,Uncategorized
Alternates Total,Uncategorized
Alternates Total OPEX,Uncategorized
Aluminum bay move/install,FF&E + Millwork
"Amenities, Site Furnishings & installation",FF&E + Millwork
Amenity Equipment,FF&E + Millwork
American Interiors Storage,Uncategorized
Amphitheater Design,Uncategorized
Analytical Equipment,FF&E + Millwork
Analytical Equipment - SOW 1,FF&E + Millwork
Analytical equipment - SOW 2,FF&E + Millwork
Analytical equipment - SOW 3,FF&E + Millwork
Anchor Inspections,Soft Costs
Ancillary,Uncategorized
Ancillary (Allowance),Construction
Ancillary - Furniture,FF&E + Millwork
Ancillary Contingency,Construction
Ancillary Furniture,FF&E + Millwork
Ancillary Project Costs,Uncategorized
Ansul & Exhaust System,Uncategorized
Anticipated Design Service Costs,Soft Costs
Anticipated Miscellaneous Costs,Uncategorized
Anywhere IT Equip,Uncategorized
AoA - Concrete,Construction
AoA - Decking,Uncategorized
AoA - Electrical,Construction
AoA - Interior Construction,Construction
AoA - Plumbing,Construction
Appliance Upgrades,Uncategorized
Appliances,FF&E + Millwork
Appliances & Furnishings,FF&E + Millwork
Appliances & Kegerator,FF&E + Millwork
Appliances & Misc. Supplies,FF&E + Millwork
Appliances (Breakrooms) (00011 / 40155),FF&E + Millwork
Appliances - Home Depot,FF&E + Millwork
Appliances - Kitchen,FF&E + Millwork
Appliances Casework,FF&E + Millwork
Appliances Other Owner Equip,FF&E + Millwork
Appliances and Decorative Items,FF&E + Millwork
Appliances/ Kitchen Equipment,FF&E + Millwork
Appliances: Ferguson,FF&E + Millwork
Applicances,Uncategorized
Application Labor,Uncategorized
Approved AFE,Uncategorized
Approved Budget,Uncategorized
Approved Capital,Uncategorized
Approved Original Budget,Uncategorized
Approved Project Budget,Uncategorized
Approved amount for Canteen FO,Construction
Aquaculture,Uncategorized
Arborist,Uncategorized
Arch & Engineering,Soft Costs
Arch & Interior Design,FF&E + Millwork
Arch & MEP,Uncategorized
Arch - Add Services,Soft Costs
Arch - Additional Services,Soft Costs
Arch - Branding Design Allowance,Soft Costs
Arch - Design Services,Soft Costs
Arch - Design Services - Cushing Terell 2D-03713567,Soft Costs
Arch - Design Services - Cushing Terrell,Soft Costs
Arch - Design Services - Gensler,Soft Costs
Arch - Design Services - IA,Soft Costs
Arch - Design Services - SABA Architect,Soft Costs
Arch - Design Services Due Diligence,Soft Costs
Arch - Design Services: IA,Soft Costs
Arch - Elevator Design - Lerch Bates DD,Soft Costs
Arch - Furniture Design,FF&E + Millwork
Arch - Interior Design,FF&E + Millwork
Arch - Test Fits,Soft Costs
Arch / MEP / Lighting (Gensler),Construction
Arch Add Service,Soft Costs
Arch Consultants,Soft Costs
Arch Fees - Leased,Soft Costs
Arch Fees - Owned,Soft Costs
Arch Program - HKS,Uncategorized
Arch Reimbursables - HKS,Soft Costs
Arch Roof Ext Wall Int Wall Do,Construction
Arch Woodwork,Uncategorized
Arch- AP+I Job #20025 -OTE,Uncategorized
Arch- Branding Design,FF&E + Millwork
Arch- Design,Uncategorized
Arch- Design FEE,Soft Costs
Arch- Interior Design,FF&E + Millwork
Arch- Interior Design  AP+I Job #19328 + Add Services,FF&E + Millwork
Arch- Prelim,Uncategorized
Arch/Engineer Fees,Soft Costs
Arch/Engineering/Permit Drawings (PWC),Soft Costs
Arch/MEP Add Service,Soft Costs
Arch/MEP Add Services,Soft Costs
Arch/MEP- Interior Design,FF&E + Millwork
Archaeological Consultant,Soft Costs
Architect,Soft Costs
Architect  - Vision Session,Soft Costs
Architect & Consultants,Soft Costs
Architect & Design Services,Soft Costs
Architect & Engineer,Soft Costs
Architect & Engineering,Soft Costs
Architect & Engineering Design Fee,Soft Costs
Architect & Engineering Fees,Soft Costs
Architect & Engineering Services - Const Admin,Soft Costs
Architect & Engineering Services - Design,Soft Costs
Architect & Engineers,Soft Costs
Architect & Engineers/ sub consultants,Soft Costs
Architect & MEP,Soft Costs
Architect & MEP & Structural,Soft Costs
Architect & MEP - Kevin Zupnik,Soft Costs
Architect & MEP Consultants,Soft Costs
Architect & MEP Design,Soft Costs
Architect & MEP Design - HKS & JJA,Soft Costs
Architect & MEP Design Team,Soft Costs
Architect & MEP Engineer,Soft Costs
Architect & MEP Engineer & Structural Consultant - Energy Architects (LIFT),Soft Costs
Architect & MEP Engineers,Soft Costs
Architect & MEP Fees,Soft Costs
Architect & MEPs,Soft Costs
Architect & Subconsultants,Soft Costs
Architect ( Hourly Billing),Soft Costs
Architect (& MEP),Soft Costs
Architect (28th Floor),Soft Costs
Architect (35th Floor),Soft Costs
Architect (AECOM),Soft Costs
Architect (AOR),Soft Costs
Architect (Burgess),Soft Costs
Architect (CPG + Consultants),Soft Costs
Architect (Design Republic),Soft Costs
Architect (Feasibility Studies),Soft Costs
"Architect (Floors: 20, 23, 24, 25, 26, 27, 31)",Soft Costs
Architect (Floors: 34),Soft Costs
Architect (IA),Soft Costs
Architect (Incl. MEP/Structural),Soft Costs
Architect (Includes MEP & Stair),Soft Costs
Architect (Includes MEP),Soft Costs
"Architect (Includes MEP, AV, Security, Str. Connectivity Design, Structural Engineering, Change Management, Lighting, Signage/Branding, Permit Consulting)",FF&E + Millwork
Architect (Landlord Turnkey),Soft Costs
Architect (Lawrence Group),Soft Costs
Architect (MEP & Structural),Soft Costs
"Architect (MEP, Structural & Civil Engineering Incl.)",Soft Costs
Architect (Spector/HYL/RDA),Soft Costs
Architect (Statton Design Group),Soft Costs
Architect (VA Spaces),Soft Costs
Architect (Vocon),Soft Costs
Architect (Ware Malcomb),Soft Costs
Architect (Whitney),Soft Costs
Architect (includes MEP fees),Soft Costs
Architect (includes MEP),Soft Costs
Architect + MEP + Structural,Soft Costs
Architect + Reimb.,Soft Costs
Architect + Structural,Soft Costs
Architect + Structural Engineer,Soft Costs
Architect - (Whitney Architects),Soft Costs
Architect - 10th Floor Tenant Work,Soft Costs
Architect - 10th floor RR and Suite 1020 peer review,Soft Costs
Architect - 1700 and Common Area,Soft Costs
Architect - 200 / 250 Design,Soft Costs
Architect - 700 Design,Soft Costs
Architect - 7th Fl Restroom work,Soft Costs
Architect - 7th Floor Tenant Work,Soft Costs
Architect - A+I,Soft Costs
Architect - AHS,Soft Costs
Architect - AHS Old Project,Soft Costs
Architect - AOR,Soft Costs
Architect - ARG,Soft Costs
Architect - ASC,Soft Costs
Architect - AXIOM Contract,Soft Costs
Architect - Acoustical Consultant Tocci,Soft Costs
Architect - Add Service - Executive Revisions,Soft Costs
Architect - Baker Barrios - AOR,Soft Costs
Architect - Base Building Due Diligence Part II,FF&E + Millwork
Architect - Base Services,Soft Costs
Architect - CPG Architects & Planners,Soft Costs
Architect - CRTKL,Soft Costs
Architect - Civil - Vasquez Engineering,Soft Costs
Architect - Common Corridor,Soft Costs
Architect - Corgan,Soft Costs
Architect - Cross Country,Soft Costs
Architect - DD through CA,Soft Costs
Architect - DLR,Soft Costs
Architect - Demolition Plan,Soft Costs
Architect - Design,Soft Costs
"Architect - Design Dev., Construction Doc, and Construction Adm.",Soft Costs
Architect - Design Republic,Soft Costs
Architect - ENV,Soft Costs
Architect - EXP,Soft Costs
Architect - FFE Specs,FF&E + Millwork
Architect - Fee Share,Soft Costs
"Architect - FireCad - Mustand SUD - ECS, Geotech Services",Soft Costs
Architect - Furniture,FF&E + Millwork
Architect - Garnett,Soft Costs
Architect - Generator,Soft Costs
Architect - Gensler,Soft Costs
Architect - Ghafari,Soft Costs
Architect - HBx,Soft Costs
Architect - HGA,Soft Costs
Architect - HLG,Soft Costs
Architect - HLW,Soft Costs
Architect - HYL,Soft Costs
Architect - Huntsman,Soft Costs
Architect - Huntsman Reimburseables,Soft Costs
Architect - IA,Soft Costs
Architect - Imaging,Soft Costs
Architect - Includes MEP and Structural,Soft Costs
Architect - Interior Design,FF&E + Millwork
Architect - Interplan Architects,Soft Costs
Architect - Karbon Engineering,Soft Costs
Architect - L3D,Soft Costs
Architect - Library,Soft Costs
Architect - Lighting Designer,Soft Costs
Architect - Liquor Room Allowance,Construction
Architect - Little,Soft Costs
Architect - Lobby,Soft Costs
Architect - MEP Consultants,Soft Costs
Architect - MKDA,Soft Costs
Architect - MKDA (includes RDA & RDT),Soft Costs
Architect - MSC,Soft Costs
Architect - Mancini Duffy,Soft Costs
Architect - Merriman Anderson Architects,Soft Costs
Architect - Miscellaneous,Soft Costs
Architect - Morrison,Soft Costs
Architect - Mozu,Soft Costs
Architect - MultiStudio,Soft Costs
Architect - NORR,Soft Costs
Architect - Needs Assessment,Soft Costs
Architect - Neyer,Soft Costs
Architect - OR Business Architecture,Soft Costs
Architect - OTJ,Soft Costs
Architect - Office,Soft Costs
Architect - Original Design Budget,Soft Costs
Architect - Ossa Studio,Soft Costs
Architect - PBD,Soft Costs
Architect - PDR,Soft Costs
Architect - PSPDF,Soft Costs
Architect - Perkins & Will,Soft Costs
Architect - Perkins Eastman,Soft Costs
Architect - Perkins and Will,Soft Costs
Architect - Phase 1,Soft Costs
Architect - Phase II,Soft Costs
Architect - Planning & Conceptual Design,Soft Costs
Architect - Pre Design,Soft Costs
Architect - Pre Design Fee,Soft Costs
Architect - Programing and Schematic Design Services,Soft Costs
Architect - Public Corridor,Soft Costs
Architect - QA,Soft Costs
Architect - RMW,Soft Costs
Architect - Reimbursables,Soft Costs
Architect - Retail,Soft Costs
Architect - Revel,Soft Costs
Architect - SCIF,Soft Costs
Architect - SDGi,Soft Costs
Architect - SRSS,Soft Costs
Architect - SSM,Soft Costs
Architect - Schillaci Architect,Soft Costs
Architect - Shell,Soft Costs
Architect - Spec Suite 1750,Soft Costs
Architect - Specs,Soft Costs
Architect - Studio 1200,Soft Costs
Architect - Studios Architect Peer Review,Soft Costs
Architect - SynThesis,Soft Costs
Architect - TMA,Soft Costs
Architect - TPG,Soft Costs
Architect - Test Fit,Soft Costs
Architect - Test Fits,Soft Costs
Architect - Test Fits & As-Builts,Soft Costs
Architect - VV1,Soft Costs
Architect - Vocon,Soft Costs
Architect - WAI,Soft Costs
Architect - Ware Malcomb,Soft Costs
Architect - Wayfinding Design,FF&E + Millwork
Architect - Wellness Center w/Consultants,Soft Costs
Architect - Whitney _ Conf. Rm.,Soft Costs
Architect - Whitney _ Lobby,Soft Costs
Architect - Wolcott,Soft Costs
Architect - m+a,Soft Costs
Architect - reimbursable allow,Soft Costs
Architect - test fits & asbuilts,Soft Costs
Architect - through SD,Soft Costs
Architect -Building Evaluation,Soft Costs
Architect -Exterior CPA & Stanford support,Soft Costs
Architect / Design,Soft Costs
Architect / Design / Initial Spend,Soft Costs
Architect / Design Fees,Soft Costs
Architect / Design Fees - Gensler,Soft Costs
Architect / Designer,Soft Costs
Architect / EGD Campus Design Fees - AP+I,Soft Costs
Architect / Engineer,Soft Costs
"Architect / Engineer - Jeffrey A. Stewart, AIA",FF&E + Millwork
Architect / Engineering (HGA),Soft Costs
Architect / MEP,Soft Costs
Architect / MEP Design,Soft Costs
Architect / MEP Design Fees,Soft Costs
Architect / MEP Design Services,Soft Costs
Architect / MEP Engineer / Kitchen / Structural,FF&E + Millwork
Architect / MEP Engineering,Soft Costs
Architect / MEPs,Soft Costs
Architect / test fit,Soft Costs
Architect 1,Soft Costs
Architect 1 - Ware Malcomb,Soft Costs
Architect 2,Soft Costs
Architect 2 - Ennead,Soft Costs
Architect 3 - Rockwell Group,Soft Costs
"Architect AOR Incl MEP, Struct, Permitting",Soft Costs
Architect Const. Admin.,Soft Costs
Architect Construction Administration Fees,Soft Costs
Architect Consultant,Soft Costs
Architect Contingency,Construction
Architect Design Contingency,Soft Costs
Architect Design Fee (Inc Reim) - PWC,Soft Costs
Architect Design Fee and Cx,Soft Costs
Architect Design Fees,Soft Costs
Architect Design Fees - HOK,Soft Costs
Architect Design including Reimbursables and Other Consultants,Soft Costs
Architect Fee,Soft Costs
Architect Fee (Weaver),Soft Costs
Architect Fee - JPC,Soft Costs
Architect Fees,Soft Costs
Architect Fees -  Interiors,Soft Costs
Architect Fees - Interiors,Soft Costs
Architect Fees suite 216,Soft Costs
Architect Fees suite 432,Soft Costs
Architect Fees- Interior,Soft Costs
"Architect Including MEP, Structural, Civil, Landscape",Soft Costs
Architect Including Reimbursables,Soft Costs
"Architect JLL/ SD, DD, CD",Soft Costs
Architect PO-295502,Soft Costs
Architect Refresh,Soft Costs
Architect Reimbursable,Soft Costs
Architect Reimbursable Expenses,Soft Costs
Architect Reimbursables,Soft Costs
Architect Reimbursables (Allowance),Construction
Architect Reimbursables - RMW,Soft Costs
Architect Reimburseables,Soft Costs
Architect Relmburseables,Soft Costs
Architect Renovation,Soft Costs
Architect Review (Nelson),Soft Costs
Architect VOID (Landlord),Soft Costs
Architect VV2 - HLG Studios,Soft Costs
Architect _ Admin,Soft Costs
Architect _ HLW,Soft Costs
Architect and Design Consultant,Soft Costs
Architect and Engineer - NTP,Soft Costs
Architect and Engineering,Soft Costs
Architect and Engineers,Soft Costs
Architect and Engineers/Consultants,Soft Costs
Architect and Expediting,Soft Costs
Architect and MEP,Soft Costs
Architect and MEP - Hummel,Soft Costs
Architect and MEP Design Services,Soft Costs
Architect and MEP Engineer,Soft Costs
Architect including $5K Reimbursables,Soft Costs
Architect including Reimbursable Expenses,Soft Costs
Architect including Reimbursables,Soft Costs
Architect including Stair Design and  Reimbursables,Soft Costs
Architect of Record,Soft Costs
Architect of Record - Meridian,Soft Costs
Architect of Record_JDavis,Soft Costs
Architect reimbursables (includes reimbursable fees for MEP engineer),Soft Costs
"Architect, All",Soft Costs
"Architect, Engineering & Survey - Misc. Costs",Soft Costs
"Architect, Engineering, Survey - Arch- Interior Design",FF&E + Millwork
"Architect, Engineering, Survey - Architect",Soft Costs
"Architect, Engineering, Survey - Civil Engineering",Soft Costs
"Architect, Engineering, Survey - Duke Site Lighting",Soft Costs
"Architect, Engineering, Survey - Misc AE, Survey Costs",Soft Costs
"Architect, Engineering, Survey - Signage",FF&E + Millwork
"Architect, Engineering, Survey - Special Inspections",Soft Costs
"Architect, Engineering, Survey - Surveys General",Soft Costs
"Architect, Interior",Soft Costs
"Architect, MEP",Soft Costs
"Architect, MEP & AV",Soft Costs
"Architect, MEP & Consultants",Soft Costs
"Architect, MEP & Misc Consultants",Soft Costs
"Architect, MEP & Structural",Soft Costs
"Architect, MEP Engineer, Lighting Designer",Soft Costs
"Architect, MEP, LL",Soft Costs
"Architect, MEP, Lighting, Kitchen consultant",FF&E + Millwork
"Architect, Mechanical & Electrical",Soft Costs
"Architect, all",Soft Costs
"Architect, all (Ware Malcomb)",Soft Costs
Architect- AudioVisual,FF&E + Millwork
Architect- BBP,Soft Costs
Architect- Covered by TIA,Soft Costs
Architect- Fire Sep-HazMat,Soft Costs
Architect- Interworks (5th Floor RR),Soft Costs
Architect- Lionakis,Soft Costs
Architect- M Moser,Soft Costs
Architect- OTJ Architects,Soft Costs
Architect- PGAI,Soft Costs
Architect- Perkins & Will,Soft Costs
Architect- TMA,Soft Costs
Architect-Admin,Soft Costs
Architect-AoR,Soft Costs
Architect-Design Reimbursables,Soft Costs
Architect-Engineer,Soft Costs
Architect-Exp,Soft Costs
Architect-Interior Design,FF&E + Millwork
Architect-MEP-Structural,Soft Costs
Architect-Retail,Soft Costs
Architect/ Engineering,Soft Costs
Architect/ MEP Add Services,Soft Costs
Architect/ MEP Engineer,Soft Costs
Architect/ MEP/Permit Expeditor (OTJ/RDA/Brookbridge),Soft Costs
Architect/ Structural/ MEP/ IT / AV Design,FF&E + Millwork
Architect/Design (site selection/programming (Architect Due Diligence),Soft Costs
Architect/Designer,Soft Costs
Architect/Engineer,Soft Costs
Architect/Engineer - Jacobs,Soft Costs
Architect/Engineer - Kleinfelder,Soft Costs
Architect/Engineer - Kleinfelder (2023 only),Soft Costs
Architect/Engineer Fees (w/ Reimbursables),Soft Costs
Architect/Engineering,Soft Costs
Architect/Engineering Design/Permit,Soft Costs
Architect/Engineers,Soft Costs
Architect/Interior Design,FF&E + Millwork
Architect/Interior Design/AS-Builts,FF&E + Millwork
Architect/MEP,Soft Costs
Architect/MEP - RMW,Soft Costs
Architect/MEP Add Services,Soft Costs
Architect/MEP Engineer,Soft Costs
Architect/MEP Engineer: Stantec,Soft Costs
Architect/MEP Engineering,Soft Costs
Architect/MEP Phase 2,Soft Costs
Architect/MEP Phase 3,Soft Costs
Architect/MEP/FP/IT,Soft Costs
Architect/MEP/Furn/Stair/LEED/WELL Design,Soft Costs
Architect/MEP/Life Safety,Soft Costs
Architect/Perkins Eastman,Soft Costs
Architect/Structural Engineer,Soft Costs
Architect: MAA,Soft Costs
Architect: Mancini,Soft Costs
Architect_BCJ,Soft Costs
Architects - CPG,Soft Costs
Architects Fee,Soft Costs
Architectual,Soft Costs
Architectural,Soft Costs
Architectural & Civil Design,Soft Costs
Architectural & Design,Soft Costs
Architectural & Engineering,Soft Costs
Architectural & Engineering  Reimbursables Phase 0-2,Soft Costs
Architectural & Engineering CJMW KPO000101797,Soft Costs
Architectural & Engineering Design,Soft Costs
Architectural & Engineering Fees/Consultants,Soft Costs
Architectural & Engineering Fees/Consultants Phase 0-2,Soft Costs
Architectural & MEP Design Fees,Soft Costs
Architectural - Construction Admin.,Soft Costs
Architectural - Furniture Coordination,FF&E + Millwork
Architectural - MEP Study,Soft Costs
Architectural / Engineering,Soft Costs
Architectural / Engineering Design,Soft Costs
Architectural AP+I,Soft Costs
Architectural Basic Services,Soft Costs
Architectural Consultant,Soft Costs
Architectural Design,Soft Costs
Architectural Design Fee,Soft Costs
"Architectural Design Fee (includes interior design, structural, and civil)",FF&E + Millwork
Architectural Design Fees,Soft Costs
Architectural Design Fees (DCI),Soft Costs
Architectural Design Fees (LEAD),Soft Costs
Architectural Design Fees (LEED),Soft Costs
Architectural Design Fees - Demising and Storefront,Soft Costs
Architectural Design Fees Interior Fit-Out (CD-CA),Soft Costs
Architectural Design Fees Interior Fit-Out (SD-DD),Soft Costs
Architectural Design Fees Job#19225 OPEX,Soft Costs
Architectural Design Fees/ Gensler,Soft Costs
Architectural Design Fees/MEP Engineer,Soft Costs
Architectural Design Firm,Soft Costs
Architectural Design including Reimbursables & Design Consultants,Soft Costs
Architectural Design including Reimbursables - PDR,Soft Costs
Architectural Design including Reimbursables - PDR including Design Contingency,Soft Costs
"Architectural Design, MEP Eng & Commissioning",Soft Costs
"Architectural Design, Reimbursables, MEP Consulting Services & Add Services",Soft Costs
Architectural Expenses,Soft Costs
Architectural Fee - New Construction,Soft Costs
Architectural Fee - Renovation,Soft Costs
Architectural Fee - TPG,Soft Costs
Architectural Fee -TPG,Soft Costs
Architectural Fees,Soft Costs
Architectural Fees Exp,Soft Costs
Architectural Fees for Add Services,Soft Costs
Architectural Fees for FM Studios,Soft Costs
Architectural Fees-BM,Soft Costs
Architectural Fees-LHI,Soft Costs
Architectural Fees-NC,Soft Costs
Architectural Metal & Glass,Soft Costs
Architectural Millwork,FF&E + Millwork
Architectural Programming and Test Fits,Soft Costs
Architectural Reimbursables,Soft Costs
Architectural Services (US),Soft Costs
Architectural Services - Project 308,Soft Costs
Architectural Test Fit,Soft Costs
Architectural and Engineering - Building Shell,Soft Costs
Architectural and Engineering - Interiors,Soft Costs
Architectural/Design,Soft Costs
Architectural/Design Services,Soft Costs
Architectural/Engineering Design,Soft Costs
Architectural/Engineering/Consultants,Soft Costs
Architecture,Soft Costs
Architecture & Engineering,Soft Costs
Architecture & Engineering Design,Soft Costs
Architecture & MEP,Soft Costs
Architecture (OBA),Soft Costs
Architecture -  MEP & Other Consultants,Soft Costs
Architecture - Branding Design,FF&E + Millwork
Architecture - Branding/ EGD,FF&E + Millwork
Architecture - Branding/EGD,FF&E + Millwork
Architecture - Exterior,Soft Costs
Architecture - Furniture Spec,FF&E + Millwork
Architecture - Furniture Specifications,FF&E + Millwork
Architecture - IA Fee,Soft Costs
Architecture - Imprv Facilities,Soft Costs
Architecture - Interior,Soft Costs
Architecture - Interior Design,FF&E + Millwork
Architecture - Nelson,Soft Costs
Architecture - Specifications Writer,Soft Costs
Architecture / Engineering,Soft Costs
Architecture / Engineering Design,Soft Costs
Architecture Design - Test Fits,Soft Costs
Architecture Gensler,Soft Costs
Architecture and Design Fees,Soft Costs
Architecture- Interior Design,FF&E + Millwork
Architecture/Design,Soft Costs
Architecture/Engineering,Soft Costs
Architecture/Engineering - CAP,Soft Costs
Architecture/Engineering - Design,Soft Costs
Architecture/Engineering Design,Soft Costs
Architecture/Engineering Fee,Soft Costs
Architecture/Engineering Reimbursables,Soft Costs
Architecture/Engineering and Shielding,Soft Costs
Architecture/MEP Fees,Soft Costs
Architecture/MEP fees,Soft Costs
Architect| all,Soft Costs
Archtect,Uncategorized
Archway Development Fee,Soft Costs
Area Rug,Uncategorized
Area Rugs - WB Wood,Uncategorized
Arquitectural / Structures,Soft Costs
Arris Design,Uncategorized
Art,FF&E + Millwork
Art & Acces,FF&E + Millwork
Art & Signage,FF&E + Millwork
Art (Formerly White Boards) - Purchase & Relocate,FF&E + Millwork
Art + Hanging,FF&E + Millwork
"Art - Mural (only stucco coat, not art)",FF&E + Millwork
Art Consultant,FF&E + Millwork
Art Consultants,FF&E + Millwork
Art Installations & Exhibit Decor,FF&E + Millwork
Art Installations & Exhibit Décor,FF&E + Millwork
Art Program,FF&E + Millwork
Art Shop,FF&E + Millwork
Art Storage and Curation - NineDot,FF&E + Millwork
Art Wall/ Mural Allowance,Construction
Art Work,FF&E + Millwork
Art Work & Décor,FF&E + Millwork
Art Work Moving - Norton Fine Art,FF&E + Millwork
Art Work Related Moving - Norton,FF&E + Millwork
Art and Art Consulting,FF&E + Millwork
Art program,FF&E + Millwork
"Art, Investment Grade",FF&E + Millwork
"Art, Non-Investment Grade",FF&E + Millwork
"Art, Signage & Graphics",FF&E + Millwork
"Art, Signage, Branding",FF&E + Millwork
Art; Non-Investment Grade,FF&E + Millwork
Arts in Public Spaces,FF&E + Millwork
Artwork,FF&E + Millwork
Artwork  (65000 / 65130),FF&E + Millwork
Artwork & Decorative Plants,FF&E + Millwork
Artwork & Glass Film,FF&E + Millwork
Artwork & Interior Landscaping,FF&E + Millwork
Artwork (Capitalized),FF&E + Millwork
Artwork - No Spend Anticipated,FF&E + Millwork
Artwork / Branding,FF&E + Millwork
Artwork / Branding / Plants,FF&E + Millwork
Artwork / Plants / Etc.,FF&E + Millwork
Artwork // Finishes,FF&E + Millwork
Artwork Allowance,Construction
Artwork Orig - L,FF&E + Millwork
Artwork Repro - L,FF&E + Millwork
Artwork and Studio ALLOWANCE,Construction
Artwork reinstallation,FF&E + Millwork
"Artwork, Planting, Signage, Branding",FF&E + Millwork
"Artwork, Plantings, Other Allowance",Construction
"Artwork, Plantings, Others",FF&E + Millwork
Artwork/ Accessories,FF&E + Millwork
Artwork/Branding,FF&E + Millwork
Artwork/Building Theme,FF&E + Millwork
Artwork/Graphics/Branding,FF&E + Millwork
Artwork/Signage/Branding,FF&E + Millwork
Art| Non-Investment Grade,FF&E + Millwork
As-Built Survey,Soft Costs
Asbestos,Uncategorized
Asbestos Abatement,Uncategorized
Asbestos Abatement Allowance,Construction
Asbestos Inspection,Soft Costs
Asbestos Monitoring - Farmers,Uncategorized
Asbestos Survey,Soft Costs
Asbestos Survey & Abatement,Soft Costs
Asbestos Survey Allowance,Construction
Asbestos Test,Uncategorized
Asbestos Testing,Soft Costs
Asbestos Testing - TSL Building Services,Construction
Asbestos Testing/Sampling,Soft Costs
Asbestos removal,Uncategorized
Asbtestos,Uncategorized
Asphalt,Uncategorized
Asphalt Allowance,Construction
Asphalt Paving,Uncategorized
Asphalt/Sealing/Striping & Ramp Improvements (2022),Uncategorized
Asphalt/Sealing/Striping (2022),Uncategorized
Asphalt/Striping,Uncategorized
Assembly Equipment,FF&E + Millwork
"Asset Protection (Card Access, Turnstiles, Guard Svc, Alarms)",Uncategorized
Atl 1 Filing DOB FILING- ROM,Uncategorized
Atl 1 Filing SC JAM Expediter,Soft Costs
Atl 1 Filing SC LBA,Uncategorized
Attorney,Uncategorized
Attorney Fees,Soft Costs
Audio & Video GC,FF&E + Millwork
Audio / Video,FF&E + Millwork
Audio / Video - Metro Sound Pros,FF&E + Millwork
Audio / Video Equipment,FF&E + Millwork
Audio / Visual,FF&E + Millwork
Audio / Visual (Allowance),Construction
"Audio / Visual (TV's, HDMI Cabling)",FF&E + Millwork
Audio System,FF&E + Millwork
Audio Video,FF&E + Millwork
Audio Visual,FF&E + Millwork
Audio Visual & IT,FF&E + Millwork
Audio Visual & Security,FF&E + Millwork
Audio Visual - Cabling,FF&E + Millwork
Audio Visual - Spectra _ Conf. Rm.,FF&E + Millwork
Audio Visual - TVs,FF&E + Millwork
Audio Visual - VECA,FF&E + Millwork
Audio Visual - inLighten Equipment,FF&E + Millwork
Audio Visual Conference Room,FF&E + Millwork
Audio Visual Conference Rooms,FF&E + Millwork
Audio Visual Conferencing,FF&E + Millwork
Audio Visual Consultant,FF&E + Millwork
Audio Visual Consultant - Spectra,FF&E + Millwork
Audio Visual Consultant - Syska,FF&E + Millwork
Audio Visual Contingency,Construction
Audio Visual Design,FF&E + Millwork
Audio Visual Design - CTSI,FF&E + Millwork
Audio Visual Designer,FF&E + Millwork
Audio Visual Equipment,FF&E + Millwork
Audio Visual Equipment & Infrastructure,FF&E + Millwork
Audio Visual Equipment & Install,FF&E + Millwork
Audio Visual Equipment - CTSI,FF&E + Millwork
Audio Visual Equipment/Multimedia,FF&E + Millwork
Audio Visual Removal-Projectors and Screen,FF&E + Millwork
Audio Visual _ TMT,FF&E + Millwork
Audio Visual and Video,FF&E + Millwork
Audio Visual and Video (NIELSEN),FF&E + Millwork
Audio Visual equipment,FF&E + Millwork
Audio Visual | Approved CAR Value - GRE CAP,FF&E + Millwork
Audio Visual-S&C,FF&E + Millwork
Audio Visuals - Spectra,FF&E + Millwork
Audio-Video Systems,FF&E + Millwork
Audio-Visual Equipment,FF&E + Millwork
Audio-Visual Systems,FF&E + Millwork
Audio-Visual Systems Equipment (AVI-SPL),FF&E + Millwork
Audio/ Visual - Goat Wiring,FF&E + Millwork
Audio/Video,FF&E + Millwork
Audio/Video Vendor - KGS IT/AVIST,FF&E + Millwork
Audio/Visual,FF&E + Millwork
Audio/Visual  - Sound Masking,FF&E + Millwork
Audio/Visual & Technology,FF&E + Millwork
Audio/Visual (00011 / 11130),FF&E + Millwork
Audio/Visual - AV Allowance,Construction
Audio/Visual - AVI SPL,FF&E + Millwork
Audio/Visual - CAP,FF&E + Millwork
Audio/Visual - Carousel,FF&E + Millwork
Audio/Visual - Diversified,FF&E + Millwork
Audio/Visual - EXP,FF&E + Millwork
Audio/Visual - Neurilink,FF&E + Millwork
Audio/Visual - Ty and Jason,FF&E + Millwork
Audio/Visual - Verrex,FF&E + Millwork
Audio/Visual - Zoom Equipment,FF&E + Millwork
Audio/Visual / IT / Security,FF&E + Millwork
Audio/Visual AVI SPL,FF&E + Millwork
Audio/Visual BH,FF&E + Millwork
Audio/Visual Consultant,FF&E + Millwork
Audio/Visual Decom - CAP,FF&E + Millwork
Audio/Visual Design,FF&E + Millwork
Audio/Visual Design - National Tech,FF&E + Millwork
Audio/Visual Equipment,FF&E + Millwork
Audio/Visual Equipment & Infrastructure,FF&E + Millwork
Audio/Visual Equipment & Installation,FF&E + Millwork
Audio/Visual Equipment (AVI-SPL),FF&E + Millwork
Audio/Visual Equipment (Including AV Cabling),FF&E + Millwork
Audio/Visual Equipment - TriTech,FF&E + Millwork
Audio/Visual Install,FF&E + Millwork
Audio/Visual Monitors,FF&E + Millwork
Audio/Visual Systems,FF&E + Millwork
"Audio/Visual, All",FF&E + Millwork
"Audio/Visual, all",FF&E + Millwork
Audio/Visual-Exp,FF&E + Millwork
Audio/Visual/Specialty Spaces,FF&E + Millwork
Audio/Visual| all,FF&E + Millwork
Audio/visual Equipment,FF&E + Millwork
AudioVisual,FF&E + Millwork
AudioVisual - BBH,FF&E + Millwork
AudioVisual - IS&T,FF&E + Millwork
AudioVisual - Spectra _ Lobby,FF&E + Millwork
AudioVisual - inLighten Equipment,FF&E + Millwork
AudioVisual Consultant,FF&E + Millwork
AudioVisual Design - Spectra,FF&E + Millwork
AudioVisual L3,FF&E + Millwork
AudioVisual Spectra,FF&E + Millwork
AudioVisual- Spectra/ Paladin,FF&E + Millwork
AudioVisual-Kinly,FF&E + Millwork
Audiovisual,FF&E + Millwork
Audiovisual - Berkadia,FF&E + Millwork
Audiovisual Consultant - Spectra,FF&E + Millwork
August Management Fee,Soft Costs
Authorized Budget LBM00-838001,Uncategorized
Automation - Bastian,Uncategorized
Automation - Conveyance,Uncategorized
Automation/Assembly,Uncategorized
Avuity,Uncategorized
Awnings (Canvas),Uncategorized
Axis - Enviro. Remediation,Uncategorized
B-Work Architetural (Non-structural),Soft Costs
B01 Construction Hard Costs,Construction
"B03 Fees/Costs [Tax, Labor Burden, G/L]",Construction
B04 P&P Bond,Uncategorized
B07 Contractor's Fee,Soft Costs
B08 Owner's HC Contingency 5%,Construction
B11 In Line Tenant Improvements,Construction
BACR Construction,Construction
BB Contingency,Construction
"BBI O&P, Insurance",Soft Costs
BCN #40110C192076324,Uncategorized
BCN #40110C192529318,Uncategorized
BCN #40110C193281012,Uncategorized
BCN #40110C194250136,Uncategorized
BCN #40110C194255003,Uncategorized
BDP Building Permits,Soft Costs
BIM Modeling / Survey,Soft Costs
BIM Scanning,Uncategorized
BKF Civil Engineer,Soft Costs
BMO and Authority Fee,Soft Costs
BMO and authority fees,Soft Costs
BMS,Construction
BMS (ABCS),Construction
BMS designs,Construction
BR Glass,Uncategorized
BRR Design,Uncategorized
BSC Certification,Uncategorized
BSC IT & IT Vendors - Capex,Uncategorized
BSC IT & IT Vendors - Opex,Uncategorized
BSC IT - Exp,Uncategorized
BT empower services,Uncategorized
BT services,Uncategorized
BT works,Uncategorized
BUDGET,Uncategorized
BWA - MEP Consultants,Soft Costs
Back of House Shelving,FF&E + Millwork
Backbone Cabling,FF&E + Millwork
Backflow Preventer Replacement,Uncategorized
Badge Readers,Uncategorized
Baker Barrios & MEPs,Uncategorized
Bala Engineering,Soft Costs
Balfour Beatty GC Contract Value,Construction
Balfour Contingency,Construction
Balfour Pending Change Orders,Construction
Ballast/Pavement,Uncategorized
Ballroom and Meeting Rooms - GC,Construction
Ballrooms and Meeting Rooms FF&E,FF&E + Millwork
Baltimore City Water Connection,Construction
Bandit Barrier,Uncategorized
Bank Equip.,Uncategorized
Bank Equipment,FF&E + Millwork
Bank Equipment & Special Construction,FF&E + Millwork
"Bank Equipment (Drive Up, Depository, Undercounter, TCR)",FF&E + Millwork
Bank Equipment (Phoenix),FF&E + Millwork
Bank Equipment /Undercounter Steel/Drive-Up Work,FF&E + Millwork
Bank Equipment/Undercounter Steel,FF&E + Millwork
Bank Equipment/Vault Removal,FF&E + Millwork
Bank/App/Furn - Oth,Uncategorized
Banking Equipment,FF&E + Millwork
Banking Fees,Soft Costs
Banquettes for Bar B,Uncategorized
Bar Eqpt & Stools,Uncategorized
Bar Stools,Uncategorized
Barbizon Electric,Construction
Barbizon Equipment,FF&E + Millwork
Barista Equipment,FF&E + Millwork
Barrett Sports Group Study (also Icon Mgmt),Uncategorized
Barricade Vendor,Uncategorized
Barringer,Uncategorized
Barrisol,Uncategorized
Barry Isett: Geotechnical Consultant,Soft Costs
Base Build Elements,Construction
Base Building,Construction
Base Building Architect,Soft Costs
Base Building Changes,Construction
Base Building Consultants,Soft Costs
Base Building Fees (1% LL CM Fee),Soft Costs
Base Building Modification Effort,Construction
Base Building Mods,Construction
Base Building transformer Upgrade,Construction
Base Construction Contract,Construction
Base building architect coordination,Soft Costs
Baseboard,Construction
Baseboard Heater Wiring (ALLOWANCE),Construction
Basic Design Services and Basic Construction Administration,Soft Costs
Bask Design time/ space not pursued,Soft Costs
Bathroom Accessories - 10800,FF&E + Millwork
Bathroom Rental,Uncategorized
Battery Equip (UPS),Uncategorized
Bay Alarm,Uncategorized
Beverage Fridge (Install Only),Uncategorized
Bid Documents,Uncategorized
Bidding and Permit,Soft Costs
Bidding/Permit Phase,Soft Costs
Biophilia,Uncategorized
Biophilia (Ambius),Uncategorized
Biophilia - Ambius,Uncategorized
Biophilia Design,Uncategorized
Biophilia Program,Uncategorized
Biophilia program,Uncategorized
Biz - IT Support,Uncategorized
BlackRock Direct Purchases - Equipment AV,FF&E + Millwork
BlackRock Direct Purchases - Equipment Tech,FF&E + Millwork
Bldg / Shell Construction,Construction
Bldg Acq,Uncategorized
"Bldg Acq, all",Uncategorized
Bldg Acq- Closing,Uncategorized
Bldg Acq- Contingency 1,Construction
Bldg Acq- Other,Uncategorized
Bldg Construction - Imprv Facilities,Construction
Bldg Signage,FF&E + Millwork
BldgChannelLetter-Signage Ext,FF&E + Millwork
Blinds,FF&E + Millwork
Blinds - roller shades,FF&E + Millwork
Block of Approved Blum CO's,Uncategorized
Bluebird Graphic (Cafe),Uncategorized
BoH Shelving,FF&E + Millwork
Board of Health Consultant,Soft Costs
Bohler Engineering (Permitting),Soft Costs
Boiler Replacement,Construction
Bollard & Guardrail Allowance,Construction
Bonds,Uncategorized
Bonds and Insurance @ 1.5%.,Soft Costs
Bonk Honk & Compressor,Construction
Booms/Lights/Integration/Endo Equipment,FF&E + Millwork
Both: Architect - Garnett Architects,Soft Costs
Both: MEP/Technology Engineer - Syska Hennessy Group,FF&E + Millwork
Both: Project Contingency - CDW Real Estate,Construction
Both: Project Management - JLL,Soft Costs
Bottoms Up and Mystery Beer Machine,Uncategorized
Branch Check Scanner,Uncategorized
Branch Check Scanner - 1 total,Uncategorized
Branch Equip Package,Uncategorized
Branch Office AV Base Scope,FF&E + Millwork
Branch Office AV Base Scope Revision,FF&E + Millwork
Branding,FF&E + Millwork
Branding & Branding,FF&E + Millwork
Branding & Graphics,FF&E + Millwork
Branding & Signage,FF&E + Millwork
Branding (3D) (Val),FF&E + Millwork
Branding (67000 / 67275),FF&E + Millwork
"Branding - Accessories, Rugs, plants",FF&E + Millwork
Branding - Consulting (Gensler),FF&E + Millwork
Branding - Signage,FF&E + Millwork
Branding - Signage/Graphics,FF&E + Millwork
Branding - Tenfold,FF&E + Millwork
Branding - signage - banners etc.,FF&E + Millwork
Branding / Art,FF&E + Millwork
Branding / Art Mural,FF&E + Millwork
Branding / Environmental Graphics,FF&E + Millwork
Branding / Interior Signage,FF&E + Millwork
Branding / Signage,FF&E + Millwork
Branding / Signage Design,FF&E + Millwork
"Branding Budget  $ 2,325,819 & Signage Budget $562,400 (Unbought Remainder)",FF&E + Millwork
Branding Consultant,FF&E + Millwork
Branding Consultant (BRR),FF&E + Millwork
Branding Design,FF&E + Millwork
Branding Design Bakeoff,FF&E + Millwork
Branding Design Fees,FF&E + Millwork
Branding Infrastructure,FF&E + Millwork
Branding Installation,FF&E + Millwork
Branding PO-297769,FF&E + Millwork
Branding Signage,FF&E + Millwork
Branding Signage Graphic,FF&E + Millwork
Branding and Graphics,FF&E + Millwork
Branding and Wallcovering,FF&E + Millwork
"Branding, Artwork, Signage",FF&E + Millwork
Branding/ Environmental Graphics,FF&E + Millwork
Branding/ Signage,FF&E + Millwork
Branding/Artwork,FF&E + Millwork
Branding/Digital Sign Cost,FF&E + Millwork
Branding/Digital Sign Costs,FF&E + Millwork
Branding/Digital Signage,FF&E + Millwork
Branding/Digital Signage Cost,FF&E + Millwork
Branding/Environmental Graphics,FF&E + Millwork
Branding/Graphics,FF&E + Millwork
Branding/Graphics- Forcade,FF&E + Millwork
Branding/Signage,FF&E + Millwork
Branding/Signage Consultant,FF&E + Millwork
Branding/Signage/Graphics,FF&E + Millwork
Break Out Price For Under Roof Insulation (Fire proofing + Roof Insulation),Construction
Break Room Small Appliances,FF&E + Millwork
Break room Appliances,FF&E + Millwork
Breakdown Gabriel Dr. Furniture,FF&E + Millwork
Breakdown Western Ave. Furniture,FF&E + Millwork
Breakroom Appliances,FF&E + Millwork
Breakroom Tables and Chairs,FF&E + Millwork
Brick Building - Allowance,Construction
Brivo,Uncategorized
Broadcast Studio & Auditorium Consultant,Soft Costs
Broker Cost- Other,Uncategorized
Brokerage Fee,Soft Costs
Brookhaven 2nd and 3rd floor - 38 units,Construction
Brookhaven 2x2 - 20 units,Uncategorized
Buch - Construction,Construction
Budget,Uncategorized
Budget Contingency,Construction
Budget Funding for Developer's Fee: Development Management Reimbursables,Soft Costs
Budget Funding for Development Management Fee,Soft Costs
Budget Funding for Engineering/Consultants Line Items,Soft Costs
"Budget Funding for Hard Costs: Building Hard Costs & Site Work, [Transfer for Design, Allowances]",Soft Costs
"Budget Funding for Hard Costs: Design Costs, Allowances, Insurance",Soft Costs
Budget Funding for Leasing Commissions,Uncategorized
"Budget Funding for Legal, Accounting, DD, Other Line Items",Soft Costs
"Budget Funding for Permits, Testing/Inspection, Fees, Bonds",Soft Costs
Budget/Contingency,Construction
Build Out Permit Fees,Soft Costs
Builder's Risk,Construction
Builder's Risk Insurance,Soft Costs
Builders Risk,Construction
Builders Risk Deduct,Construction
Builders Risk Deductible,Construction
Builders Risk Ins.,Construction
Builders Risk Insurance,Soft Costs
Builders Risk Insurance (00001 / 00002),Soft Costs
Builders Risk Insurance - Willis Towers Watson,Soft Costs
Builders Risk Insurance: Subaru,Soft Costs
Builders risk insurance (Roblox item),Soft Costs
Builders work,Construction
Building & Exterior Signage,FF&E + Millwork
Building Authority (BCA),Construction
Building Charges,Construction
Building Commissioning,Soft Costs
Building Concrete,Construction
Building Construction - Whiting Turner,Construction
Building Construction Fee,Construction
Building Costs,Construction
Building Costs / Landlord Fees,Construction
Building Costs / Shut Down,Construction
Building Costs and Landlord Supervision,Construction
Building Costs including Shut Downs & Elevator Charges,Construction
"Building Costs, Shut Downs",Construction
Building Costs/Shutdowns,Construction
Building Design Fee,Soft Costs
Building Design T&E,Soft Costs
Building Engineer,Soft Costs
Building Engineer - ABLE,Soft Costs
Building Envelope Consultant,Soft Costs
Building Envelope Consultant - BEC,Soft Costs
Building Envelope Consultant - TBD,Soft Costs
Building Envelope Consultant Services (Morrison Hershfield),Soft Costs
Building Envelope Engineer & MEP,Soft Costs
Building Equipment,FF&E + Millwork
Building Equipment ($1,FF&E + Millwork
Building Expenses,Construction
Building Exterior Signage,FF&E + Millwork
Building Fees,Construction
Building Fees ?,Construction
Building Freight Charges for Move (by Invesco),FF&E + Millwork
Building Lighting & Displays Construction Costs,Construction
Building Management,Construction
Building Management Sys,Construction
Building Masonry,Construction
Building Permit,Soft Costs
Building Permit & Fees,Soft Costs
Building Permit - By Owner,Soft Costs
Building Permit - Demising & Storefront,Soft Costs
Building Permit - SCIF,Soft Costs
Building Permit Allowance,Construction
Building Permit Costs,Soft Costs
Building Permit Expediter,Soft Costs
Building Permit Expeditor,Soft Costs
Building Permit Expeditor - TBD,Soft Costs
Building Permit Expeditor Fee,Soft Costs
Building Permit Fee,Soft Costs
Building Permit Fee  Fairfax County,Soft Costs
Building Permit Fee - INVISTA,Soft Costs
Building Permit Fees,Soft Costs
Building Permit Filing Fee - Montgomery County,Soft Costs
Building Permit and Impact Fees,Soft Costs
Building Permit/ Expeditor Fees,Soft Costs
Building Permit/Expeditor Fees,Soft Costs
Building Permit/Plan Check,Soft Costs
Building Permit/Plan Check - FT,Soft Costs
Building Permits,Soft Costs
Building Permits & Fees,Soft Costs
Building Permits (City of Bellevue),Soft Costs
Building Permits (City),Soft Costs
Building Permti,Construction
Building Programming,Soft Costs
Building Related Costs/Shut Downs,Construction
Building Repairs (Pain,Construction
Building Roof Replacement,Construction
Building Scan - Avantilo,Construction
Building Scans,Construction
Building Services,Construction
Building Sign,Construction
Building Signage,FF&E + Millwork
Building Signage - Large,FF&E + Millwork
Building Systems Upgrade Allowance,Construction
Building Systems Upgrade Allowance ( 20000 / 20000),Construction
Building costs and shutdowns,Construction
Building/ Construction Costs,Construction
Buildings & Grounds,Uncategorized
Bullet Resis Glass,Uncategorized
Bulletin #1 (PCO #1),Uncategorized
Bulletin #2 (PCO #2),Uncategorized
Bulletin 01,Uncategorized
Bulletin 02,Uncategorized
Bulletin 03,Uncategorized
Bulletin 04R2,Uncategorized
Bulletin 06,Uncategorized
Bulletin 3 (PCO #12),Uncategorized
Burgess Architects,Soft Costs
Burglar Alarm System,Uncategorized
Burke Michael,Uncategorized
Burnet Title - capex incl Furn,Soft Costs
Business Unit Costs,Uncategorized
"Buzzi-donut panels 48"" (5 total) over Pantry Area",FF&E + Millwork
C&S - Arch - CA,Uncategorized
C&S - Construction,Construction
C&S - Exterior Security,FF&E + Millwork
C&S - JLL Project Management,Soft Costs
C&S - MHH Management Fee,Soft Costs
C&S - NIA Allowance Escalation,Construction
C&S - Pest Control,Uncategorized
C&S Architect - Add Services,Soft Costs
C&S Architect - Pinnacle,Soft Costs
C-Work (Including Signage/Graphics),FF&E + Millwork
C01 Architect - EOA,Soft Costs
C02 Acoustical,Soft Costs
C03 Builder's Risk,Construction
C04 Insurance - Owner General Liability,Soft Costs
C05 Building Envelope - Moisture Intrusion Solutions,Soft Costs
C06 Accessibility/Fair Housing,Uncategorized
C07 Civil Engineer - Fulmer,Soft Costs
C08 Landscape Architecture - Hawkins,Soft Costs
C09 Traffic Engineering - KCI,Soft Costs
C1.5 - Others,Uncategorized
C10 Geotechnical - Terracon,Soft Costs
C10.1 - Building (Shell and Core) / Building Improvement,Construction
C11 Brownfield Agreement Consultants - Terracon,Soft Costs
C11.1 - CONTINGENCY,Construction
C12 Real Property Tax 2019 - Real Estate,Uncategorized
C13 Materials Testing,Soft Costs
C14 Water/Sewer Tap Fees,Construction
C15 Building Permits,Soft Costs
C16 Impact Fees/Rezoning Fees - Smith Gee,Soft Costs
C17 Misc,Uncategorized
C18 Legal Costs - Worman,Soft Costs
C19 SC Contingency,Construction
C2.10 - Internal Signage,FF&E + Millwork
C2.3.5 - Partitioning - Others,FF&E + Millwork
C2.4.6 - Flooring Systems/finishes - Others,Construction
C2.5.10 - Electrical Works - Others,Construction
C2.6.8 - Mechanical & HVAC - Others,Construction
C2.9.2 - External works - Construction works,Construction
C2.9.3 - External works - Signage,FF&E + Millwork
C20 Asset Management Fee (Yrs1&2),Soft Costs
C3.4.8 - Loose Furniture - Others,FF&E + Millwork
C3.9 - Others,Uncategorized
C4.3 - Others,Uncategorized
C41 Restrooms (completed in Phase 2),Soft Costs
C41 Sprinklers (completed in Phase 2),Soft Costs
C5.1 - Architect/Interior Designer,FF&E + Millwork
C5.8 - Other Consultants,Soft Costs
C6.3 - Others,Uncategorized
CAID Contingency,Construction
CAM - AV/Tech,Uncategorized
CAM - Construction,Construction
CAM - Furniture,FF&E + Millwork
CAPEX - Lum Sum Funding,Uncategorized
CAPEX - Lump Sum Funding,Uncategorized
CAPEX Budget General Construction,Construction
CAPEX Budget- General Construction,Construction
CAPEX CONTINGENCY,Construction
CAPEX for 190 Mathilda,Uncategorized
CAPEx Contingency,Construction
CAR,Uncategorized
CAR Cooling Tower Stairs,Uncategorized
CAR Site Improvements,Construction
CARRIER HVAC,Construction
CAS Seed,Uncategorized
CBF & IS - Construction,Construction
CBF - Architect,Soft Costs
CBF - Construction,Construction
CBF - Consultants,Soft Costs
CBF - Data Cabling and Misc. IT Scope for Network Requirements,FF&E + Millwork
CBF - Design Fees,Soft Costs
CBF - Permits & Fees,Soft Costs
CBF - Preconstruction,Construction
CBF - Professional Labor,Uncategorized
CBF - Project Contingency,Construction
CBF - Security,FF&E + Millwork
CBF - Testing & Inspections,Soft Costs
CBRE - Project Management,Soft Costs
CBRE Project Management Fee,Soft Costs
CCI - Model Room,Uncategorized
CCTV,Uncategorized
CCTV & Access Control,FF&E + Millwork
CCTV / Video Surveillance,FF&E + Millwork
CCTV / Video Surveillance / Access Control,FF&E + Millwork
CCTV Cameras,FF&E + Millwork
CCTV Security System (Access Control) (Camera Monitoring),FF&E + Millwork
CCTV and Gate Access,Construction
"CCTV, Access control, Carpet, Modular Furniture, Chairs",FF&E + Millwork
CDW Established Budget,Uncategorized
CFA Procured Assets,Uncategorized
CGY Contingency,Construction
CHP HC Contingency,Construction
CIM Engineering - L,Soft Costs
CJMW SD - DD KPO000040216,Uncategorized
CL - Bank Equipment,FF&E + Millwork
CL - Communication Equipment,FF&E + Millwork
CL - Communication/Computer/POS,Uncategorized
CL - Furniture Refurb,FF&E + Millwork
CL - Hanging/Framing Artwork,FF&E + Millwork
CL - Security Equipment,FF&E + Millwork
CL - Systems Furniture / New Furniture,FF&E + Millwork
CL - Telecom Expense,FF&E + Millwork
CM Bond,Uncategorized
CM Contingency,Construction
CM Fee,Soft Costs
CM Fee & Insurance,Soft Costs
CM General Conditions,Construction
CM&B Pre-Construction Services,Construction
CM&B Re-Stripe Parking Lot Lines,Uncategorized
CM&B Steel Joist Survey,Soft Costs
CM/Construction,Construction
CMK Lighting Pkg. Ph3,Uncategorized
CO #03 - Dock Leveler Upgrade,Uncategorized
CO #1 AV/IT,Uncategorized
CO #10 - Framing Changes,Construction
CO #11 General Construction,Construction
CO #3 - Door Swing Change,Uncategorized
CO #4 Acoustical Changes,Soft Costs
CO #7 - Electrical T&M,Construction
CO 4,Uncategorized
CO Allowance,Construction
CO No. 4: - Selected Alternates,Uncategorized
CO# 1 - Mill work - Upper Cabinets,Uncategorized
CO#1 & CO #5 Change Order Abatement,Uncategorized
CO#4 Gate Removal- TA lease requirement,Construction
CO3,Uncategorized
CO6,Uncategorized
COB Engineering Contingency,Construction
COE Approved Budget Balance,Uncategorized
COM,Uncategorized
CON - ADA / Fair Housing,Uncategorized
CON - Acoustical,Soft Costs
CON - CM GMP,Construction
CON - CM GMP CONTINGENCY,Construction
CON - Parking,Uncategorized
CON - Traffic,Uncategorized
CON - Waterproofing,Construction
CON Fees,Soft Costs
CON- Close Out Inspection and Warranty,Soft Costs
CON- Environmental Consultant and Testing,Soft Costs
CON- Misc.,Uncategorized
CON- QA / Threshold Inspectors,Uncategorized
CON- Special Inspections,Soft Costs
CON- Wetlands Consultant,Soft Costs
CONSTRUCTION COST - SSB,Construction
CONSULTANT - Acoustical Consultant (Longman Lindsey),Soft Costs
CONSULTANT - Audio Visual Consultant (Linear Technologies),FF&E + Millwork
CONSULTANT - Energy Modeling (JLL),Soft Costs
CONSULTANT - Information Technology & Security Consultant (Syska),FF&E + Millwork
CONSULTANT - Kitchen Consultant (Elite Studio),FF&E + Millwork
CONSULTANT - LEED/WELL Program Fees and  3rd Party Inspections for 2025 (IBM),FF&E + Millwork
CONSULTANT - LEED/Well Consultant (JLL),Soft Costs
CONSULTANT - Landscape Architect (RGR) - SD & DDs,Soft Costs
"CONSULTANT - Legal, Internal     (Tracked by IBM )",Soft Costs
CONSULTANT - Lighting Consultant (Syska Hennessey),Soft Costs
CONSULTANT - Pedestrian Modeling (ARUP),Soft Costs
CONSULTANT - Project Management / Cost Management JLL with Due Diligence - Project Management,Soft Costs
CONSULTANT - Project Reimbursable Expenses,Soft Costs
CONSULTANT - Special Inspections  - Concrete  (Skyline/Skylab via VIATEQ),Soft Costs
CONSULTANT - Structural Engineer (Severud),Soft Costs
CONSULTANT - Vertical Transportation (BOCA Group),Soft Costs
CONSULTANT- Special Inspections  (SIS via VIATEQ),Soft Costs
CONTINGENCY,Construction
CONTINGENCY - SOFT COSTS,Soft Costs
CONTINGENCY - Soft Costs,Soft Costs
COP,Uncategorized
COP - Furniture Design,FF&E + Millwork
COPN Application,Uncategorized
COS Allowance,Construction
COSTO DIRECTO,Uncategorized
COSTOS ADMINISTRATIVOS,Uncategorized
COSTOS OPERATIVOS,Uncategorized
COVID 19 Novo LL cost,Uncategorized
COVID 19 Novo PwC Cost,Uncategorized
COVID Contingency,Construction
COVID-19 Allowances,Construction
CQV,Uncategorized
CR's Dev and Summer 24,Uncategorized
CRAC Unit,Uncategorized
CRB Approval,Uncategorized
CRB Approval - Unallocated,Uncategorized
CRB Approval Unallocated,Uncategorized
CRB Approved Funding,Uncategorized
CRB Remaining Approval Amount,Uncategorized
CRE Project Expense,Uncategorized
CREWS Tech Equipment,FF&E + Millwork
CRI - Design Fee,Soft Costs
CRIV - FM,Uncategorized
CRIV - SBO,Uncategorized
CS Project Manager,Uncategorized
CSDA - Acoustical,Soft Costs
CSI Specifications,Uncategorized
"CSP - Structured Cabling, Security Cameras, and AV",FF&E + Millwork
CW - Artwork Purchase,FF&E + Millwork
CW - Communication Equipment,FF&E + Millwork
CW - Hanging/Framing Artwork,FF&E + Millwork
CW - Security Equipment,FF&E + Millwork
CW - Systems Furniture,FF&E + Millwork
CW - Telecom Expense,FF&E + Millwork
CWC,Uncategorized
CWC (Excluding design),Uncategorized
CX Agent,Uncategorized
CX equip,Uncategorized
Cabinet Design Control,Soft Costs
Cable Mgmt Vendor (175 Staff x $50),Uncategorized
Cable Removal,Uncategorized
Cable TV and Televisions,Uncategorized
Cabling,FF&E + Millwork
Cabling & A/V,FF&E + Millwork
Cabling & AV - Electra Link,FF&E + Millwork
Cabling & AV - Ighty,FF&E + Millwork
Cabling - EC,FF&E + Millwork
Cabling - L,FF&E + Millwork
Cabling - Metro Sound Pros,FF&E + Millwork
Cabling - Voice/Data/AV,FF&E + Millwork
Cabling / IT,FF&E + Millwork
Cabling Contingency,Construction
Cabling Design,FF&E + Millwork
Cabling Exp,FF&E + Millwork
Cabling Removal,FF&E + Millwork
Cabling System,FF&E + Millwork
Cabling System BH,FF&E + Millwork
"Cabling, Ladder, Tray, Termination Gear & Racks",FF&E + Millwork
Cabling/Electrical Decom,FF&E + Millwork
Cabling/IT Infrastructure (00011 / 49030),FF&E + Millwork
Cabling/Wiring,FF&E + Millwork
Cadwell - Entrance Digital Signage,FF&E + Millwork
Cafe Appliances,FF&E + Millwork
"Cafe Appliances, Equipment, etc",FF&E + Millwork
Cafe Equipment,FF&E + Millwork
Cafe Kiosks,Uncategorized
Cafe Tables,FF&E + Millwork
Cafeteria & Food Service Equipment,FF&E + Millwork
Cafeteria - Food Service Equipment (00011 / 40100),FF&E + Millwork
Cafeteria/Food Service Equipment,FF&E + Millwork
Calabasas Phase 1-3,Soft Costs
Calbing / Communications / Security,FF&E + Millwork
Call Buttons,Uncategorized
Call Center Access Control-CCTV,FF&E + Millwork
Call Center Audio/Visual,FF&E + Millwork
Call Center Cabling/IT Infrastructure,FF&E + Millwork
"Call Center Furniture, Fixture and Equipment",FF&E + Millwork
Call Center Interior Buildout,Uncategorized
Call Center Relocation/Move Costs,FF&E + Millwork
Call Center Soft Costs - Design/PM,Soft Costs
Cameo Global,Uncategorized
Camera Existing Storm and Sanitary Lines,Construction
Camera Installation and Support (Andersen),Uncategorized
Cameras,FF&E + Millwork
Canada only - BC HST TAX,Uncategorized
Canada only - GST TAX,Uncategorized
Canada only - NB HST TAX,Uncategorized
Canada only - NF HST TAX,Uncategorized
Canada only - NS HST TAX,Uncategorized
Canada only - ON HST TAX,Uncategorized
Canada only - PST TAX,Uncategorized
Canada only - QST TAX,Uncategorized
Canopies & Sitework Construction Costs,Construction
Canopy/Awning,Uncategorized
Cap 2020 Budgeting,Uncategorized
Cap Contingency,Construction
Cap Contingency 10%,Construction
Cap X Funding,Uncategorized
CapEx - Lump Sum Funding,Uncategorized
CapEx Contingency,Construction
CapEx During Construction,Construction
Capital,Uncategorized
Capital Budget,Uncategorized
Capital Contingency,Construction
Capital Contingency (1.0 and 2.0),Construction
Capital IT Cost - per ROM,Uncategorized
Capital Interest,Uncategorized
Capitalized Expenses,Uncategorized
Capitalized Interest - Debt,Uncategorized
Capitalized Operating Costs,Uncategorized
Capitol Interest,Uncategorized
Car Charging Stations,Uncategorized
Car Storage,Uncategorized
Car Wash,Uncategorized
Card Access,Uncategorized
Card Access/Security,FF&E + Millwork
Card Reader Removal,Uncategorized
Card Reader Removal/Key Switch,Uncategorized
Card Readers,Uncategorized
Card Readers LI,Uncategorized
Card Readers and Access Control,FF&E + Millwork
Cardiac Physician Relocation Construction,FF&E + Millwork
Carpentry,Construction
Carpentry Finish,Construction
Carpentry Rough,Construction
Carpet,FF&E + Millwork
Carpet & Flooring,FF&E + Millwork
Carpet & Paint,FF&E + Millwork
Carpet & Resilient Floor System,FF&E + Millwork
Carpet & Vinyl,FF&E + Millwork
Carpet Cleaning,FF&E + Millwork
Carpet Installation,FF&E + Millwork
Carpet Labor,FF&E + Millwork
Carpet Materials,FF&E + Millwork
Carpet/Blinds Bldg Imprv,FF&E + Millwork
Carpet/Blinds Lse Hold Imprv,FF&E + Millwork
Carpet/LVT/ & Vinyl Base,FF&E + Millwork
Carrier Contract,Uncategorized
Carrier Corp- Mechanical,Soft Costs
Casework,FF&E + Millwork
Cash Flow - A/V Equipment & Art,FF&E + Millwork
Cash Flow - Furniture & Fixtures,FF&E + Millwork
Cash Safe/Safe Deposit-TFE,Uncategorized
Cat 7 Reimbursable Expenses,Soft Costs
Caulking Allowance,Construction
Cavalier,Uncategorized
"Ceiling Infill 4, 5, 7",Uncategorized
Ceilings,Construction
Cell Phone Service,Uncategorized
"Cellar, L1, L2 - Lindera (Technics)",Uncategorized
Cement Panels,Uncategorized
Cement Tile - Owner Purchased,Construction
Centerpoint Energy Fees,Soft Costs
Ceramic Tile,Uncategorized
Ceramic Tile - 9630,Construction
Ceramic Tile and Base,Construction
Certificate of Need,Uncategorized
Certificate of Occupancy (Permitting),Soft Costs
Chairs,FF&E + Millwork
Chairs / Tables,FF&E + Millwork
Chamber Equipment,FF&E + Millwork
Chamber removal,Uncategorized
Change Management,Uncategorized
Change Management (Spain),Uncategorized
Change Management - TMA,Uncategorized
Change Management Consultant,Soft Costs
Change Managment,Uncategorized
Change Mgr - JLL,Soft Costs
Change Order #1,Uncategorized
Change Order #1 - Soundmasking,Uncategorized
Change Order #2,Uncategorized
Change Order #2 -Conduit for Fiber,Uncategorized
Change Order #3,Uncategorized
Change Order #3 - Warehouse Office,Uncategorized
Change Order #4- Exterior Signage,FF&E + Millwork
Change Order #5-Wakefield Low Voltage,FF&E + Millwork
Change Order #6-Electrify Hardware for Doors,Uncategorized
Change Order #7 - Wakefield,Uncategorized
Change Order #8- Wakefield,Uncategorized
Change Order Allowance,Construction
Change Order Contingency,Construction
Change Order Coverage Under Submitted Monthly Rental Rate,Uncategorized
Change Orders,Construction
Change Orders 5% (SPC),Construction
Change Orders Contingency,Construction
Change Orders OPEX,Construction
Change in SOW 4U/3L Fire Separation Hazmat,Construction
Chapman - Construction,Construction
Charge Point - Equipment Purchase,FF&E + Millwork
Charger Construction,Construction
Charger Equipment,FF&E + Millwork
Chargers,Uncategorized
Charging Stations,Uncategorized
Charter Mechanical,FF&E + Millwork
Chef Kitchen Equipment,FF&E + Millwork
Chicago Art Source,FF&E + Millwork
Chiller Replacement,Construction
Cineak - Content Review Room Seating,FF&E + Millwork
"Circuit Installation, Network Equipment & Install (by Invesco)",FF&E + Millwork
Circuit Installations,Construction
Circuit Mapping,Construction
Circuits,Construction
Cisco Equip WWT,Uncategorized
Cisco Gear (WWT),Uncategorized
City Permit & Plan Check,Soft Costs
City Permit and Fees,Soft Costs
City Permits,Soft Costs
City Permits (Demising Wall),Soft Costs
City Permits (Direct Export),Soft Costs
City Permits (Western Transfer),Soft Costs
City Tree Guards,Uncategorized
City's Inspection Charges,Soft Costs
Cityscape Credit,Uncategorized
Civil,Soft Costs
Civil & Geotechnical Engineer,Soft Costs
Civil - Additional Services,Soft Costs
Civil - Excavation / Earthwork,FF&E + Millwork
Civil - Roadway / Parking Lot,Soft Costs
Civil Design - Del-Mont,Soft Costs
Civil Engineer,Soft Costs
Civil Engineer & Geotech report,Soft Costs
Civil Engineer & geotech,Soft Costs
Civil Engineer (Diligence) - Bohler,Soft Costs
Civil Engineer - Bohler,Soft Costs
Civil Engineer - CSW,Soft Costs
Civil Engineer - Langan Engineering,Soft Costs
Civil Engineer - Old Project,Soft Costs
Civil Engineering,Soft Costs
Civil Engineering Fee,Soft Costs
"Civil Interior, Kitchen Equipment and loose furniture",FF&E + Millwork
Civil Permit Runner,Soft Costs
"Civil Work- Includng Office Interior Scope,RWH",Soft Costs
Civil Works,Construction
Civil and Landscape,Soft Costs
Civil and Structural Engineer - Borton Lawson,Soft Costs
"Civil, PHE & External Development",Soft Costs
Civil/Design,Soft Costs
Civil/Geotech Consultant - TBD,Soft Costs
Clarizen Catchup,Uncategorized
Classroom Furniture,FF&E + Millwork
Classroom Furniture - Allowance,FF&E + Millwork
Classroom furniture,FF&E + Millwork
Clean Room Construction,Construction
Clean out,Uncategorized
Clean up & Protection,Uncategorized
CleanSuite Ceiling System,Uncategorized
Cleaning,Uncategorized
Cleaning & Protection,Construction
Cleaning and Protection,Construction
Cleaning services,Construction
"Cleaning, Painting, IT Shutdown",Construction
Cleaning/Dumpster Materials,Uncategorized
Cleaning/Protection,Uncategorized
"Cleanup, protection and Infection Prevention",Uncategorized
Clear & Clean old space,Uncategorized
Clear out & disposal,Uncategorized
Clearing of vacating space,Uncategorized
Clearway Equipment Rebate,FF&E + Millwork
Client Change Order Contingency,Construction
Client Reimbursables,Soft Costs
Client Technology - Media Server,FF&E + Millwork
Client Technology - Media Server (1691),FF&E + Millwork
Client Technology - Misc. Client Tech (1716),FF&E + Millwork
Client Technology - Printer (1713),FF&E + Millwork
Client Technology - Workstations & TV's,FF&E + Millwork
Client Technology - Workstations & TV's (1691),FF&E + Millwork
Clinical Equipment,FF&E + Millwork
"Clinical, Office, Admin, Public Space",Uncategorized
Close Out Inspections & Warranty,Soft Costs
Closing - Relocation - Consolidation,FF&E + Millwork
Closing Costs,Uncategorized
Club House / Office Furnishings,FF&E + Millwork
Club House and Amenities,Uncategorized
Club Level Kiosks,Uncategorized
Club Suites,Uncategorized
Clubhouse/ Office Leasing,Uncategorized
"CoS Arena Management - Ongoing Costs (OCPM, Chatham Personnel, etc.)",Uncategorized
"CoS SPLOST Management (Pete Shonka, Other Prior Staffing & Misc. Charges)",Uncategorized
CoWorking,Uncategorized
Code Compliant Signage (Included in Branding/ Signage),FF&E + Millwork
Code Consultant,Soft Costs
"Code Consultant (Building, Fire, Accessibility)",Soft Costs
Code Consultant (King & King),Soft Costs
"Code Consultant (building, fire, accessibility)",Soft Costs
Code Consultant - Municipal Building Consultants,Soft Costs
Code Official - IBTS,Uncategorized
Code Plan Review & Inspections,Soft Costs
Code Plan Review & Inspections - COR,Soft Costs
Code Plan Review & inspections,Soft Costs
Code Signage,FF&E + Millwork
Coffee Bar Equipment,FF&E + Millwork
Coffee Bar Seating,FF&E + Millwork
Coffee Maker,FF&E + Millwork
Coffee Shop + Barista Equipment,FF&E + Millwork
Coin Machine,Uncategorized
Coin Machine Wrap,Uncategorized
Cold Boxes,Uncategorized
Cold Boxes - Delivery & Install (new and existing),Uncategorized
Cold Room,Uncategorized
Cold Storage - S&S Refrigeration,FF&E + Millwork
Coldwell Banker Construction,Construction
Coldwell Banker Furniture-Leased,FF&E + Millwork
ComEd Admin Fees,Soft Costs
Comfy Sacks,Uncategorized
Comm - Data Cabling,FF&E + Millwork
Comm - Data Cabling_Admin,FF&E + Millwork
Comm - Information Systems Reconfiguration,Uncategorized
Comm - Network Equipment,FF&E + Millwork
Comm - Network Equipment & Cabling,FF&E + Millwork
Comm - Networking Equipment,FF&E + Millwork
Comm - Riser Work,Uncategorized
Comm - Soundmasking,Uncategorized
"Comm - Soundmasking ""White Noise"" (1709)",Uncategorized
Comm - Soundmasking (Phase II),Uncategorized
Comm - Soundmasking_Admin,Uncategorized
Comm -UPS,Uncategorized
Comm / IT - Cabling & Equipment,FF&E + Millwork
Comm Systems,Uncategorized
"Comm, Testing & Misc Fees",Soft Costs
Comm- Computer Monitors,FF&E + Millwork
Comm- Computer/Copier,Uncategorized
Comm- DAS Equip/Data Cabling,FF&E + Millwork
Comm- Data Cable/Wire,Uncategorized
Comm- Data Cabling,FF&E + Millwork
Comm- Data Cabling & AV Install,FF&E + Millwork
Comm- Data Cabling & Equipment,FF&E + Millwork
Comm- Data Cabling & IT Equipment,FF&E + Millwork
Comm- Data Cabling & IT Infrastructure,FF&E + Millwork
Comm- Data Cabling & Security,FF&E + Millwork
Comm- Data Cabling (AV Incl),FF&E + Millwork
Comm- Data Cabling (Placeholder),FF&E + Millwork
Comm- Data Cabling (Solda Electric),FF&E + Millwork
Comm- Data Cabling + Soundmasking,FF&E + Millwork
Comm- Data Cabling - Able Communications,FF&E + Millwork
Comm- Data Cabling - Retail,FF&E + Millwork
Comm- Data Cabling - SCIF,FF&E + Millwork
Comm- Data Cabling - Summit Riser,FF&E + Millwork
Comm- Data Cabling / LV Wiring,FF&E + Millwork
Comm- Data Cabling // Retail,FF&E + Millwork
Comm- Data Cabling CCS Horizon,FF&E + Millwork
Comm- Data Cabling SFT,FF&E + Millwork
Comm- Data Cabling SSC,FF&E + Millwork
Comm- Data Cabling: Infinity,FF&E + Millwork
Comm- Data Equipment,FF&E + Millwork
Comm- Data Equipment - Do Not Use - Internal,FF&E + Millwork
Comm- Demo Data Cabling,FF&E + Millwork
Comm- Desktop Monitors,FF&E + Millwork
Comm- IT Equipment,FF&E + Millwork
Comm- IT Equipment & Cabling,FF&E + Millwork
Comm- IT Network Equipment,FF&E + Millwork
Comm- ITS Networking,Uncategorized
Comm- LV/Data Cabling,FF&E + Millwork
Comm- Low Voltage,FF&E + Millwork
Comm- Low Voltage Data Cabling (1710),FF&E + Millwork
Comm- Network/AV/Cabling/Security/Sound Masking,FF&E + Millwork
Comm- Nurse Call,Construction
Comm- Voice Cabling,FF&E + Millwork
Comm- Voice Equipment,FF&E + Millwork
Comm- Voice and Data Cabling,FF&E + Millwork
Comm- WAP's,Uncategorized
Comm- Wireless Hot Spots,FF&E + Millwork
Comm. Material,Uncategorized
Commercial TI (Misc. Owner Hard Costs),Construction
Commission/ArcFlash,Uncategorized
Commissioning,Soft Costs
Commissioning & Building Analysis,Soft Costs
Commissioning (Horizon),Soft Costs
Commissioning - Fundamental,Soft Costs
Commissioning - Genesis,Soft Costs
Commissioning - LEED Enhanced,Soft Costs
Commissioning - Rick Unvarsky,Soft Costs
Commissioning - TBD,Soft Costs
Commissioning Agent,Soft Costs
Commissioning Agent - CxA Fee,Soft Costs
Commissioning Agent - NV5,Soft Costs
Commissioning Agent - Not Needed,Soft Costs
Commissioning Agent Fees,Soft Costs
Commissioning Consul,Soft Costs
Commissioning Consultant,Soft Costs
Commissioning Fundamental,Soft Costs
Commissioning QA QC Day 1,Soft Costs
Commissioning Services,Soft Costs
Commissioning Services (Sazan),Soft Costs
"Commissioning, external",Soft Costs
"Commissioning, external - Other Consulting/Mat'l Testing",Soft Costs
Commissioning/TAB,Soft Costs
Commodore Construction,Construction
Common Area Construction,Construction
Common Area Furnishing,Uncategorized
Common Area Furnishings - Art & Murals,FF&E + Millwork
Common Area Furnishings - MURAL & ART,FF&E + Millwork
Common Area Furniture,FF&E + Millwork
Common Corridor Refresh,Uncategorized
Common Space Decorations,FF&E + Millwork
Commssioning,Uncategorized
Communication,Uncategorized
Communication - IT & Data,Uncategorized
"Communication - IT, Data and CCTV Camera",Uncategorized
Communication Bar,Uncategorized
Communications,Construction
Communications Labor,Construction
Communications and IT,Construction
Communications and IT-S&C,Construction
"Communications, all",Construction
Communications- Public Relations,Construction
Compost Collection Bins,Uncategorized
Compressed Air (BPC002757),Construction
Computer Hardware  - Legacy Network/ SRS,Uncategorized
"Computer Hardware (TCR, CDU)",Uncategorized
Computer Monitors,FF&E + Millwork
Computer Workstation Set Up,Uncategorized
Computer/LAN - PC Hardware,Uncategorized
Computer/LAN/Telephone Cabling,FF&E + Millwork
"Computers, Phones, Monitors, Docking",FF&E + Millwork
"Computers, Printers, Scanners",FF&E + Millwork
"Computers, printers, etc",FF&E + Millwork
Conceptual Study,Construction
Concessions - Food Service,Uncategorized
Concrete,Construction
"Concrete (Footings, Slab, Concrete Retaining Walls, Stairs & Landings)",Construction
Concrete - 3200,Construction
Concrete - 3200 - Structural VT Package,Construction
"Concrete - Cassions, Foundatio",Construction
Concrete Demo (Nor-Cal),Construction
Concrete Improvements (2021),Construction
Concrete Labor,Construction
Concrete Material,Construction
Concrete OT Work (ALLOWANCE),Construction
Concrete Pad,Construction
Concrete Patching,Construction
Concrete Walkway/Curbs,Construction
Concrete/ Masonry/ Fireproofing,Construction
Concrete/ADA Improvements (2021),Construction
Concstruction,Uncategorized
Condensate Line Relocation,FF&E + Millwork
Condo Sales Office,Uncategorized
Condo and Condo Lobby Buildouts,Uncategorized
Conduit & Telecom Infrastructure Allowance,Construction
Conf Rm Scheduler,Uncategorized
Conference Center Casual Seating,FF&E + Millwork
Conference Center Casual Tables,FF&E + Millwork
Conference Center/Roof Deck Construction Added Bathrooms and Pantry,FF&E + Millwork
Conference Chairs,FF&E + Millwork
Conference Room (Large),FF&E + Millwork
Conference Room Monitor,FF&E + Millwork
Conference Room Scheduler,FF&E + Millwork
Conference Room Table (Flip Top),FF&E + Millwork
Conference Table (Large),Uncategorized
Conference Table (Medium),Uncategorized
Conference Table (Small),Uncategorized
Conference Tables,FF&E + Millwork
Conference and Storage,Uncategorized
Conference room monitors,FF&E + Millwork
Conferencing,Uncategorized
Confernece Room Monitor,Uncategorized
Connect Access Control to Main Campus,FF&E + Millwork
Connect Network to Site,Uncategorized
Connecttrac,Uncategorized
Cons - Cost,Uncategorized
Cons- Commissioning,Soft Costs
Cons- Move Coordinator,FF&E + Millwork
Cons- Operational Plan,Uncategorized
Cons- Other,Uncategorized
Cons- Signage/Graphics,FF&E + Millwork
Cons- Window Treatment,FF&E + Millwork
Consigli GMP 3.24.23,Construction
Console Furniture- WC,FF&E + Millwork
Constantine Construction,Construction
Constr-Dsgn Allowance,Construction
Construction,Construction
Construction  - Suite 1300,Construction
Construction & Demo,Construction
Construction & Hard Costs,Construction
Construction & IT,Construction
Construction & Materials,Construction
Construction & Painting,Construction
Construction & Signage,FF&E + Millwork
Construction & int signage,FF&E + Millwork
Construction & signage,FF&E + Millwork
Construction (ACG),Construction
Construction (Alpha Linac),Construction
Construction (BA-22 & MRI),Construction
Construction (Bancroft),Construction
Construction (Clune),Construction
Construction (Color-Art),FF&E + Millwork
Construction (Design & Build Works),Soft Costs
Construction (EXP),Construction
Construction (Flooring Repair),Construction
Construction (Gilbane),Construction
Construction (HITT),Construction
Construction (HVAC Repair & Replacement),Construction
Construction (ISC Contracting),Construction
Construction (Includes Structured Cabling),FF&E + Millwork
Construction (LL Turn-key Repairs including FFE),FF&E + Millwork
Construction (Lawson Roofing),Construction
Construction (MACU),Construction
Construction (Max),Construction
Construction (Modification to LL spec design),Construction
Construction (Office & Lab),Construction
Construction (PLAZA),Construction
Construction (Pavarini),Construction
Construction (Pulcon),Construction
Construction (SPK Lewis),Construction
Construction (Swinerton),Construction
Construction (TCCo),Construction
Construction (TIA),Construction
Construction (Tishman),Construction
Construction (Turner),Construction
Construction (Wolverine Builders Inc),Construction
Construction (by Brookfield),Construction
Construction (demo/Inter Constr/Mechanical/Gen Cond),Construction
Construction (incl Data Cabling) - R&S,FF&E + Millwork
Construction (incl Demo),Construction
"Construction (incl. Security $405,655 and cleaning)",Construction
Construction (includes security),Construction
Construction + Arch/ MEP,Construction
Construction + Soundmasking,Construction
Construction - 2401 - Level 2,Construction
Construction - 28th Floor,Construction
Construction - 35th Floor,Construction
Construction - 50%,Construction
Construction - ACCT. 200,Construction
Construction - AW Design & Build,Soft Costs
Construction - Access controls / Security,FF&E + Millwork
Construction - Acoustical Ceilings,Soft Costs
Construction - Added Scope,Construction
Construction - BCCI,Construction
Construction - Bakery,Construction
Construction - Barn Renovation,Construction
Construction - Barringer,Construction
Construction - Base Building Tenant Influence Costs,Construction
Construction - Base Project,Construction
Construction - Base Scope,Construction
Construction - Based on CM&B 9-8-21,Construction
Construction - Bldg,Construction
Construction - Brocon,Construction
Construction - CB,Construction
Construction - CO1,Construction
Construction - CO2,Construction
Construction - Capex,Construction
Construction - Carpet & Resilient Flooring,FF&E + Millwork
Construction - Cat walk,Construction
Construction - Caulking (Details Custom Builders),Construction
Construction - Ceramic,Construction
Construction - Change Orders,Construction
Construction - Civil,Construction
Construction - Clune,Construction
Construction - Coffee Bar,FF&E + Millwork
Construction - Concrete,Construction
Construction - Conf. Rm.,Construction
Construction - Conference Center,Construction
Construction - Consultants,Soft Costs
Construction - Contract Value + NEQ Contingency,Construction
Construction - Core and Shell,Construction
Construction - Cross Country & Corridor,Construction
Construction - DA Pope,Construction
Construction - DPR,Construction
Construction - Daimler,Construction
Construction - Davit System,Construction
Construction - Day 1 Scope,Construction
Construction - Day 2 Scope,Construction
Construction - Decommission,FF&E + Millwork
Construction - Demolition,Construction
Construction - Design Build GMP,Soft Costs
Construction - Dilbeck,Construction
Construction - Dock Inspections,Soft Costs
Construction - Doors Frames & Hardware,Construction
Construction - EVOS,Construction
Construction - EXP,Construction
Construction - Electrical,Construction
Construction - Equipment & Appliances,FF&E + Millwork
Construction - Escalation,Construction
Construction - Exp,Construction
Construction - Exterior Improvements (Initially Lobby and Public Space,Construction
Construction - Eyde,Construction
Construction - Facade Construction,Construction
Construction - Fee (4%),Construction
Construction - Fire Alarm Allowance,Construction
Construction - Fire Alarm Shutdown Allowance,Construction
Construction - Fire Protection + Eng Costs,Construction
Construction - Flooring Add Alt,Construction
Construction - Flooring Preparations,Construction
Construction - GCI,Construction
Construction - GMP,Construction
Construction - GMP Space,Construction
Construction - GTL,Construction
Construction - Geis Companies,Construction
Construction - General Conditions,Construction
Construction - General Liability Insurance,Soft Costs
Construction - General Restoration (Details Custom Builders),Construction
"Construction - Generator, Transfer Switch, Feeders",Construction
Construction - Giampolini,Construction
Construction - Glass Partitions,FF&E + Millwork
Construction - Gleim,Construction
Construction - Goodman,Construction
Construction - Guest Room,Construction
Construction - Guestrooms,Construction
Construction - Gypsum Drywall,Construction
Construction - HBC,Construction
Construction - HVAC,Construction
Construction - HVAC Ductwork & Diffusers,Construction
Construction - Hunt Estimate 8/14/19,Construction
Construction - Hydradyne,Construction
Construction - ICON,Construction
Construction - Icon Interiors,Construction
Construction - Infill Area Prep,Construction
Construction - Initial,Construction
Construction - Int Architectural Millwork,FF&E + Millwork
Construction - Interior Repairs and Upgrades,Construction
Construction - JTM,Construction
Construction - Kibler,Construction
Construction - Kone Elevators,Construction
Construction - Landlord Scope,Construction
Construction - Laundry Relocation,FF&E + Millwork
Construction - Library,Construction
Construction - Lobby,Construction
Construction - MAPP,Construction
Construction - Maintenance,Construction
Construction - Mayco,Construction
Construction - McLarney,Construction
Construction - Misc,Construction
Construction - Model Room,Construction
Construction - Modular House,Construction
Construction - NOVO,Construction
Construction - Neyer,Construction
Construction - Non Union,Construction
Construction - Novo,Construction
Construction - Novo (2-way comm LL),Construction
Construction - Novo (2-way comm PwC) (FA cable),Construction
Construction - OPOS design/manufacture/install,FF&E + Millwork
Construction - Office,Construction
Construction - Opex,Construction
Construction - Other,Construction
Construction - Other (Cleaning),Construction
Construction - PCS,Construction
Construction - PSPDF,Construction
Construction - PTC22025 GMP,Construction
Construction - Pacific Builders,Construction
Construction - Paint & Flooring,Construction
Construction - Painting,Construction
Construction - Panattoni/Alston,Construction
Construction - Paving,Construction
Construction - Peacock,Construction
Construction - Permits,Soft Costs
Construction - Phase 1,Soft Costs
Construction - Phase 1 (1West Side),Soft Costs
Construction - Phase 2,Soft Costs
Construction - Phase 2 (1&2 East),Soft Costs
Construction - Phase 3,Construction
Construction - Phase 4,Construction
Construction - Phase 5,Construction
Construction - Phase I,Construction
Construction - Plumbing,Construction
Construction - Pole Barn,Construction
Construction - Pole Barn Electrical,Construction
Construction - Pole Barn Site & Water,Construction
Construction - Presidents Plaza,Construction
Construction - Principal Builders,Construction
Construction - Project Requirements,Construction
Construction - Public Space,Construction
Construction - R&S,Construction
Construction - RCS,Construction
Construction - RTH Kitchen,Construction
Construction - RVA,Construction
Construction - Rail,Construction
Construction - Remediation (ATI) ANWHR035600117,Construction
Construction - Retail,Construction
Construction - Roof Replacement,Construction
Construction - Roof replacement,Construction
Construction - Roofing Contractor,Construction
Construction - Rough Carpentry,Construction
Construction - Rycon,Construction
Construction - SCIF,Construction
Construction - SPC Cafe,Construction
Construction - Siena,Construction
Construction - Skyline,Construction
Construction - Skyline / Bastion/ Vocon,Construction
Construction - Southwestern Services,Construction
Construction - Spanish Suite,Construction
Construction - Specialties,Construction
Construction - Specialty,Construction
Construction - Specialty/Generator,Construction
Construction - Structure,Construction
Construction - Suite 1201,Construction
Construction - Sweetwater Construction,Construction
Construction - Swinerton,Construction
"Construction - Swinerton FL 3,4,5",Construction
Construction - T&K Asphalt,Construction
Construction - TI,Construction
Construction - TI (Office Space),Construction
Construction - TI (Vivarium),Construction
Construction - TI GLP Space,Construction
Construction - TI Office Space,Construction
Construction - TI [Premium Cost],Construction
Construction - TI [Premium Over Turnkey],Construction
Construction - TI [Vivarium],Construction
Construction - TI [office],Construction
Construction - Teel Construction,Construction
Construction - Temp Trailer,Construction
Construction - Tenant Improvement,Construction
Construction - Tenant Space,Construction
Construction - Tenant improvements,Construction
Construction - Trade Costs,Construction
Construction - Truebeck,Construction
Construction - Truebeck Construction,Construction
Construction - Turner,Construction
Construction - Units,Construction
Construction - Unity & Horan Electric,Construction
Construction - Vestibules,Construction
Construction - Winmar Paint,Construction
Construction - above LL's contribution of the first $126K,Construction
Construction - change orders,Construction
Construction - repair drywall,Construction
Construction -- Northwest Contractors,Construction
Construction -- Suburban Elevator,Construction
Construction -Demo,Construction
Construction -EXP,Construction
Construction -TI,Construction
Construction -TI (Lab Space),Construction
Construction / General Contractor,Construction
Construction // Retail,Construction
Construction 1.0 Project,Construction
Construction 2.0 Project,Construction
Construction 216 - GC Kinzey,Construction
Construction 2K2L,Construction
Construction 2nd FL,Construction
Construction 2nd Floor (Roslovic),Construction
Construction 435 - GC Kinzey,Construction
Construction 47FL,Construction
Construction 48FL,Construction
Construction ADA,Construction
Construction Administration,Soft Costs
Construction Allowance,Construction
Construction Allowance - JPMC Anticipate not spending,Construction
Construction Allowances - within CCI's GMP,Construction
Construction Alt. Allowance - Skyline,Construction
Construction BNB 2D-02002666,Construction
Construction Base,Construction
Construction Base Cost,Construction
Construction CO's,Construction
Construction Change Orders,Construction
Construction Concrete,Construction
Construction Contingency,Construction
Construction Contingency (10%),Construction
Construction Contingency (2%),Construction
Construction Contingency (5%),Construction
Construction Contingency (Design-Builder),Soft Costs
Construction Contingency - 10%,Construction
Construction Contingency - 10.3%,Construction
Construction Contingency - Phase 1,Construction
Construction Contingency - Skyline,Construction
Construction Contingncy,Construction
Construction Contract,Construction
Construction Contract Increase,Construction
Construction Contract including Contingency,Construction
Construction Core Shell,Construction
Construction Cost,Construction
Construction Cost - Base Scope,Construction
Construction Cost TI,Construction
Construction Cost of Work,Construction
Construction Costs,Construction
Construction Costs (L1 DC),Construction
Construction Costs (L1 Labs),Construction
Construction Costs (Level 3),Construction
Construction Costs - B&I,Construction
Construction Costs - Exp,Construction
Construction Costs - HST,Construction
Construction Costs L5,Construction
Construction Costs L6,Construction
Construction Costs-General,Construction
Construction Decommissioning (PDQ),FF&E + Millwork
Construction Demo - JTM,Construction
Construction Document Phase,Construction
Construction Documents,Construction
Construction Early Sewer work,Construction
Construction Eastvale,Construction
Construction Estimate,Construction
Construction Excluding Workstations,FF&E + Millwork
Construction Expense,Construction
Construction Expense Contingency,Construction
Construction Fee,Construction
Construction Fee - OH&P,Construction
Construction Fees,Construction
Construction Gate Loops,Construction
Construction Hard Costs,Construction
Construction Hard Costs - Extended Stay,Construction
Construction Hard Costs - Flow,Construction
Construction Hard Costs - Interior,Construction
Construction Hard Costs - Rodgers Builders,Construction
Construction Inspections - CEC,Soft Costs
Construction Inspections - Skyline Engineering,Soft Costs
Construction Inspector,Construction
Construction Inspector - IBTS,Construction
Construction Insurance,Soft Costs
Construction Interest,Construction
Construction Interest Reserve,Construction
Construction Interim Interest,Construction
Construction Lab,Construction
Construction Loan Closing Costs,Construction
Construction Loan Interest,Construction
Construction Loan- Closing & Payoff,Construction
Construction Loan- Interest,Construction
Construction Management,Construction
Construction Management - JLL Fee,Soft Costs
Construction Management - Pavarini,Construction
Construction Management Fee,Soft Costs
Construction Management Fee (L & K at 1.5%),Soft Costs
Construction Management Fee - 5%,Soft Costs
Construction Management Fee - 5% (LL),Soft Costs
Construction Management Fees,Soft Costs
Construction Management Services,Construction
Construction Management Services - JLL,Soft Costs
Construction Manager,Construction
Construction Manager / Pre-Const Services,Construction
Construction Manager Insurance,Soft Costs
Construction Manager Overhead & Profit,Construction
Construction Material Testing,Construction
Construction Materials Testing (Terracon & Whitaker),Construction
Construction Materials Testing/NPDES,Construction
Construction Miscellaneous,Construction
Construction NOVO# 120-129,Construction
Construction OPEX,Construction
Construction Office,Construction
Construction Other,Construction
Construction Overage,Construction
Construction PO-295249,Construction
Construction Permitting Fees,Soft Costs
Construction Phase 1,Soft Costs
Construction Phase 1- Vivarium Suites,Soft Costs
Construction Phase 2,Soft Costs
Construction Phase 2 - Expansion Space,Soft Costs
Construction Phase 2A and 2B,Soft Costs
Construction Phase 3,Construction
Construction Phase I,Construction
Construction Phase II ROM,Construction
Construction Project Management,Soft Costs
Construction Project Manager (JLL),Soft Costs
Construction Related Consultants & Supervision,Soft Costs
Construction Revised,Construction
Construction Services,Construction
Construction Services - Correction,Construction
Construction Services - Other,Construction
Construction Soft Costs,Construction
Construction Supervision,Construction
Construction Testing,Construction
Construction Testing (Concrete),Construction
Construction Testing (Material & Special Inspection),Soft Costs
Construction Testing (Soil Density & Steel),Construction
Construction Think Tank 2.0 Project,Construction
Construction Total,Construction
Construction Total Project Hard Costs (HBC),Construction
Construction Trailer Rental,Construction
Construction Utilities Through Turnover,Construction
Construction Warehouse/ Dock,Construction
Construction Works,Construction
Construction and Design (Combined GAI and Sublease Work),Soft Costs
Construction and FF&E,FF&E + Millwork
Construction and allowance,Construction
Construction by Tenant,Construction
Construction incl. General Conditions (DCC),Construction
Construction including Interior Construct Contingency,Construction
Construction w/ permitting & expeditor cost - PARKWAY,Soft Costs
Construction works,Construction
Construction | Approved CAR Value - GRE CAP,Construction
Construction | Approved IFM CAR Value - GRE CAP,Construction
Construction- Covered by TIA,Construction
Construction- Lab,Construction
Construction- Office,Construction
Construction- Project Unite,Construction
Construction- Red Hawk,Construction
Construction- Saunders,Construction
Construction-Change Orders,Construction
Construction-Clune,Construction
Construction-Exp,Construction
"Construction-IT, Brivo, Signage, Architect",FF&E + Millwork
Construction-LHI,Construction
Construction-R&S,Construction
Construction-Rycon,Construction
Construction/Hard Costs,Construction
Construction/Owner Contingency - 10%,Construction
Construction/Site Work,Construction
Construction/TI Allow,Construction
Construction:  Multi-Purpose Room,Construction
Construction: Bldg F and Lot G - Greek Development,Construction
Construction: GMK,Construction
Construction: Refresh,Construction
Construction: Renovation,Construction
Construction_Admin,Construction
Consultant,Soft Costs
Consultant  Environmental,Soft Costs
Consultant  Geotechnical,Soft Costs
Consultant  MISC Reimbursables,Soft Costs
Consultant  Material Testing,Soft Costs
Consultant  Survey,Soft Costs
Consultant -  Financial/ Tax Consultants,Soft Costs
Consultant -  Jensen Hughes (smoke control),Soft Costs
Consultant -  Wetlands Consultants,Soft Costs
Consultant - 3rd Party,FF&E + Millwork
Consultant - 3rd Party Commissioning,FF&E + Millwork
Consultant - 3rd Party Inspector,FF&E + Millwork
Consultant - A-L Landscaping,Soft Costs
Consultant - A/v + Info Tech + Security,FF&E + Millwork
Consultant - ADA,Soft Costs
Consultant - ADA / Fair Housing,Soft Costs
Consultant - ADA Consultant,Soft Costs
Consultant - ADA/Fair Housing,Soft Costs
Consultant - ADT,Soft Costs
Consultant - AV,Soft Costs
Consultant - AV (Rahi),FF&E + Millwork
"Consultant - AV, IT, Security (Construction PM)",Soft Costs
"Consultant - AV, LVC, & Security",FF&E + Millwork
Consultant - AV/IT,Soft Costs
Consultant - AV/IT/Security,FF&E + Millwork
Consultant - Acoustic,Soft Costs
Consultant - Acoustical,Soft Costs
Consultant - Acoustical (Cerami),Soft Costs
Consultant - Acoustical - Gensler/Newson Brown,Soft Costs
Consultant - Acoustical Consultant,Soft Costs
Consultant - Acoustical Engineer,Soft Costs
Consultant - Acoustician,Soft Costs
Consultant - Acoustics,Soft Costs
Consultant - Acoustics NOT ONBOARDED,Soft Costs
Consultant - Acoustics/Vibration,Soft Costs
Consultant - Allowance,Construction
Consultant - Architect,Soft Costs
Consultant - Architect Peer Review,Soft Costs
Consultant - Architect of Record,Soft Costs
Consultant - Art,FF&E + Millwork
Consultant - Art Curator,FF&E + Millwork
Consultant - Asbestos Abatement Contractor,Soft Costs
Consultant - Asbestos Survey,Soft Costs
Consultant - Asbestos Survey and Phase One Survey,Soft Costs
Consultant - Asbestos Testing,Soft Costs
Consultant - Asbestos Testing/Reporting,Soft Costs
Consultant - Ascent Furniture,FF&E + Millwork
Consultant - Atlas Technical,Soft Costs
Consultant - AudioVisual,FF&E + Millwork
Consultant - AudioVisual (Spectra),FF&E + Millwork
Consultant - AudioVisual (in Technology Cons Fee),FF&E + Millwork
Consultant - AudioVisual - Brytesight,FF&E + Millwork
Consultant - AudioVisual - ZC Solutions,FF&E + Millwork
Consultant - AudioVisual / IT / Security,FF&E + Millwork
Consultant - AudioVisual Design,FF&E + Millwork
Consultant - AudioVisual Design (Paladin),FF&E + Millwork
Consultant - AudioVisual Design (Telecom),FF&E + Millwork
Consultant - AudioVisual Designer,FF&E + Millwork
Consultant - AudioVisual HQ-TMT,FF&E + Millwork
Consultant - AudioVisual and Security,FF&E + Millwork
Consultant - AudioVisual/IT/Security,FF&E + Millwork
Consultant - B&G Design,Soft Costs
Consultant - Big Box,Soft Costs
Consultant - Branding,FF&E + Millwork
Consultant - Branding (Tenfold),FF&E + Millwork
Consultant - Branding - SIMALS,FF&E + Millwork
Consultant - Branding Design,FF&E + Millwork
Consultant - Branding Digital Content,FF&E + Millwork
Consultant - Braun Intertec Corp,Soft Costs
Consultant - Building Envelope,Soft Costs
Consultant - Building Permit Fees (etimated),Soft Costs
Consultant - Certified Industrial Hygienist (CIH),Soft Costs
Consultant - Change Management,Soft Costs
Consultant - Chubb IT Contingency,Construction
Consultant - Civil,Soft Costs
Consultant - Civil Engineer,Soft Costs
"Consultant - Civil Engineer (Lea & Brazen Engineering, INC)",Soft Costs
Consultant - Close Out Inspection & Warranty,Soft Costs
Consultant - Code,Soft Costs
Consultant - Code Red,Soft Costs
Consultant - Code/Life Safety,Soft Costs
Consultant - Commissioning,Soft Costs
Consultant - Commissioning & T&B Services,Soft Costs
Consultant - Commissioning - AlfaTech,Soft Costs
Consultant - Commissioning - Gensler+tk1sc,Soft Costs
Consultant - Commissioning - TBD,Soft Costs
Consultant - Commissioning Agent,Soft Costs
Consultant - Cost,Soft Costs
Consultant - Cost - RLB,Soft Costs
Consultant - Cost Estimating,Soft Costs
Consultant - Cost Estimator,Soft Costs
Consultant - Cost Management - Gleeds,Soft Costs
Consultant - CxA,Soft Costs
Consultant - DAS - McKinstry Essention,Soft Costs
Consultant - Dallas Green Consultant,Soft Costs
Consultant - Daylighting Analysis,Soft Costs
Consultant - Design - (Pope + Wainwright),Soft Costs
Consultant - Design Oversight,Soft Costs
Consultant - Documentation Photography,Soft Costs
Consultant - Door Hardware,Soft Costs
Consultant - Due Diligence,Soft Costs
Consultant - Due Diligence & Survey,Soft Costs
Consultant - Elevator,Soft Costs
Consultant - Energy Modeling,Soft Costs
Consultant - Engineer freight operator,Soft Costs
Consultant - Environmental,Soft Costs
Consultant - Environmental - Airspace,Soft Costs
Consultant - Environmental Consultant,Soft Costs
Consultant - Environmental Consultant (ERM),Soft Costs
Consultant - Environmental Studies & Brownfield Work,Soft Costs
Consultant - Environmental Testing,Soft Costs
Consultant - Environmental Testing and Reports,Soft Costs
"Consultant - Environmental, Phase 1",Soft Costs
Consultant - Environmental/Geotech,Soft Costs
Consultant - Expediting,Soft Costs
Consultant - Expense Allowance (Excluding Travel),Construction
Consultant - Expenses,Soft Costs
Consultant - Expenses - EXP,Soft Costs
Consultant - FFE Purchasing Agent,FF&E + Millwork
Consultant - Facade Testing (Support),Soft Costs
Consultant - Fire,Soft Costs
Consultant - Fire Safety,Soft Costs
Consultant - Fitness,Soft Costs
Consultant - Flooring,Soft Costs
Consultant - Food & Beverage,Soft Costs
Consultant - Food Services (JDB),Soft Costs
Consultant - Food Space,Soft Costs
Consultant - Food service,Soft Costs
Consultant - Food service - E15,Soft Costs
Consultant - Furniture,FF&E + Millwork
Consultant - Furniture / FF&E Design,FF&E + Millwork
Consultant - Furniture Procurement,FF&E + Millwork
Consultant - GC Pre-Construction,Soft Costs
Consultant - Geotech,Soft Costs
Consultant - Geotechnical,Soft Costs
Consultant - Geotechnical (Summit),Soft Costs
Consultant - Geotechnical - Library,Soft Costs
Consultant - Geotechnical Engineer,Soft Costs
Consultant - HTC,Soft Costs
Consultant - Haz Mat,Soft Costs
Consultant - Highwall Signage,FF&E + Millwork
Consultant - Historical,Soft Costs
Consultant - IAQ Testing,Soft Costs
Consultant - ID,Soft Costs
Consultant - IOR,Soft Costs
Consultant - IT,Soft Costs
Consultant - IT Internal 3rd Party,FF&E + Millwork
"Consultant - IT,Security",FF&E + Millwork
Consultant - IT/AudioVisual,FF&E + Millwork
Consultant - IT/AudioVisual Design,FF&E + Millwork
Consultant - Information Tech,Soft Costs
Consultant - Information Tech - VTE,Soft Costs
Consultant - Information Tech Design (Telecom),FF&E + Millwork
Consultant - Information Tech/ / Security/ Acoustical,FF&E + Millwork
Consultant - Initial Brownfield Legal (McGuire Woods),Soft Costs
Consultant - Inspection Testing,Soft Costs
Consultant - Inspections,Soft Costs
Consultant - Inspections / Testing,Soft Costs
Consultant - Inspections / Testing (AMAA),Soft Costs
Consultant - Inspections / Testing (Owner Direct Payment),Soft Costs
Consultant - Inspections / Testing (by Invesco),Soft Costs
Consultant - Inspections / Testing - AEL,Soft Costs
Consultant - Inspections / Testing - CEL,Soft Costs
Consultant - Inspections/Testing,Soft Costs
Consultant - Interior Design,FF&E + Millwork
Consultant - Internal BlackRock,Soft Costs
Consultant - JLL,Soft Costs
Consultant - JLL Energy Audit,Soft Costs
Consultant - JLL Fee,Soft Costs
Consultant - JLL PDS Project Fee,Soft Costs
Consultant - JLL PDS Project Fee (2021-2022),Soft Costs
Consultant - JLL Project Mgmnt.,Soft Costs
Consultant - JSAS -GSM,Soft Costs
Consultant - Jensen Hughes,Soft Costs
Consultant - Keys and Signage,FF&E + Millwork
Consultant - Kitchen,Soft Costs
Consultant - Kitchen Design,FF&E + Millwork
Consultant - Kleinfelder,Soft Costs
Consultant - Kleinfelder (2021-2022),Soft Costs
Consultant - Kleinfelder Concrete/Asphalt Testing (2021-2022),Soft Costs
Consultant - Krazan & Associates,Soft Costs
Consultant - LEED,Soft Costs
Consultant - LEED - LEED Allowance /USGBC Fees,Construction
Consultant - LEED Air Testing / Monitoring,Soft Costs
Consultant - LEED Enhanced Commissioning,Soft Costs
Consultant - LEED Green Power,Soft Costs
Consultant - LEED Registration / Certification,Soft Costs
Consultant - LEED/Energy Modeling,Soft Costs
Consultant - LL Drawing Review Fee,Soft Costs
Consultant - Lab,Soft Costs
Consultant - Lab Consultant,Soft Costs
Consultant - Lab/ Kitchen Consultant,FF&E + Millwork
Consultant - Land Survey - Langan Engineering,Soft Costs
Consultant - Landlord CM Fee,Soft Costs
Consultant - Landlord Environmental Consultant,Soft Costs
Consultant - Landlord Mgmt,Soft Costs
Consultant - Landscape Architect,Soft Costs
Consultant - Landscape design,Soft Costs
Consultant - Legal,Soft Costs
Consultant - Lighting,Soft Costs
Consultant - Lighting (Banks Landl),Soft Costs
Consultant - Lighting (Castelli),Soft Costs
Consultant - Lighting (Syska),Soft Costs
Consultant - Lighting Consultant,Soft Costs
Consultant - Lighting Design,Soft Costs
Consultant - Lighting Programming,Soft Costs
Consultant - Locksmith,Soft Costs
Consultant - Low Voltage,FF&E + Millwork
Consultant - Low Voltage (Redwood Elec),FF&E + Millwork
Consultant - Low Voltage Designer,FF&E + Millwork
Consultant - MEP Engineer Reimbursable,Soft Costs
Consultant - MEP/AV/Tech,Soft Costs
Consultant - MISC,Soft Costs
Consultant - Market Research Report,Soft Costs
Consultant - Material Testing and Inspection,Soft Costs
Consultant - Materials Testing / Special Inspections,Soft Costs
Consultant - Medical Equipment,FF&E + Millwork
Consultant - Meters (Scott Testing),Soft Costs
Consultant - Misc.,Soft Costs
Consultant - Miscellaneous,Soft Costs
Consultant - Move Coordinator,FF&E + Millwork
Consultant - Move Management,FF&E + Millwork
Consultant - Move Mgmt,FF&E + Millwork
Consultant - Move Planner,FF&E + Millwork
Consultant - Municipal Expeditor,Soft Costs
Consultant - Nelson Electric,Soft Costs
Consultant - Operations,Soft Costs
Consultant - Other,Soft Costs
Consultant - Other AV & IT,FF&E + Millwork
Consultant - Other Consultants,Soft Costs
Consultant - Other Landscape Architect,Soft Costs
Consultant - Peer Review Report,Soft Costs
Consultant - Permit,Soft Costs
Consultant - Permit - Milrose,Soft Costs
Consultant - Permit - SFCodes,Soft Costs
Consultant - Permit /Zoning & Associated Fees,Soft Costs
Consultant - Permit Expediter,Soft Costs
Consultant - Permit Expeditor,Soft Costs
"Consultant - Permit Expeditor (incl. CCD1 Fees, Permit Fees tracked in HC) (by Invesco)",Soft Costs
Consultant - Permit Expeditor / Code Consultant (Rizzo),Soft Costs
Consultant - Permit/Expeditor,Soft Costs
Consultant - Permit/Zoning,Soft Costs
Consultant - Permit/zoning,Soft Costs
Consultant - Permit/zoning  - Expeditor,Soft Costs
Consultant - Permit/zoning -  SEP,Soft Costs
Consultant - Permit/zoning - 3S LLC,Soft Costs
Consultant - Permit/zoning - Milrose,Soft Costs
Consultant - Permit/zoning - SCIF,Soft Costs
Consultant - Permits,Soft Costs
Consultant - Permitting Expeditor,Soft Costs
Consultant - Photography,Soft Costs
Consultant - Physicist,Soft Costs
Consultant - Plan Review Fee (Landlord),Soft Costs
Consultant - Plan Review fee (Landlord),Soft Costs
Consultant - Pre-Const Cost,Soft Costs
Consultant - Pre-treatment Validation,Soft Costs
Consultant - Preconstruction,Soft Costs
Consultant - Procurement Agent,Soft Costs
Consultant - Procurement Agent & Reimbursables,Soft Costs
Consultant - Project Management,Soft Costs
Consultant - Project Management JLL,Soft Costs
Consultant - Project Management/Legal Fees,Soft Costs
Consultant - Project Mgmt (Data Center),Soft Costs
Consultant - Project Mgmt (Data and Migration),Soft Costs
"Consultant - Property / Facility (Dock, Freight, Drain Downs)",Soft Costs
Consultant - Property Manager / Engineering,Soft Costs
Consultant - Property Mgmt (JLL),Soft Costs
Consultant - Property Mgmt (Landlord Admin Fee),Soft Costs
Consultant - Property Mgmt (Landlord Fee),Soft Costs
Consultant - Property Mgmt (Landlord),Soft Costs
Consultant - Property Mgmt (Landlord) - 1% Mgmt Fee,Soft Costs
Consultant - Property Mgmt (Landlord) - Landlord Fees (soft and hard),Soft Costs
Consultant - Property Mgmt (Landlord) Engineer Overtime,Soft Costs
Consultant - Property Mgmt Allowance (Landlord),Construction
Consultant - Property Mgmt. (Landlord),Soft Costs
Consultant - RE Tax,Soft Costs
Consultant - REIMBURSABLES,Soft Costs
Consultant - RMI,Soft Costs
Consultant - RMI (2022),Soft Costs
Consultant - RMI (NIC),Soft Costs
Consultant - Radiology Shielding,Soft Costs
Consultant - Reimbursables,Soft Costs
Consultant - Roofing - Survey,Soft Costs
Consultant - SOO Reviewer,Soft Costs
Consultant - SOO Reviews,Soft Costs
Consultant - Security,FF&E + Millwork
Consultant - Security (Bastion),FF&E + Millwork
Consultant - Security (Boston Security),FF&E + Millwork
Consultant - Security (KSD),FF&E + Millwork
Consultant - Security (card readers),FF&E + Millwork
Consultant - Security - Guidepost,FF&E + Millwork
Consultant - Security 7 (1 month fee),FF&E + Millwork
Consultant - Security Design,FF&E + Millwork
Consultant - Security Design (Telecom),FF&E + Millwork
Consultant - Security Designer,FF&E + Millwork
Consultant - Security- Advent,FF&E + Millwork
Consultant - Services (EXP),Soft Costs
Consultant - Seyforth Shaw,Soft Costs
Consultant - Signage,FF&E + Millwork
Consultant - Signage & Branding,FF&E + Millwork
Consultant - Signage/Graphic Desgin,FF&E + Millwork
Consultant - Signage/Graphics,FF&E + Millwork
Consultant - Signage/Graphics - D21,FF&E + Millwork
Consultant - Signage/Graphics - Priority Sign,FF&E + Millwork
Consultant - Smoke Control,Soft Costs
Consultant - Sound Masking,Soft Costs
Consultant - Special Inspections,Soft Costs
Consultant - Special Inspections / Testing,Soft Costs
Consultant - Structural,Soft Costs
Consultant - Structural Eng,Soft Costs
Consultant - Structural Engineer,Soft Costs
Consultant - Structural Peer Review,Soft Costs
Consultant - Survey,Soft Costs
Consultant - Survey - Final As-Built,Soft Costs
Consultant - Survey Asbestos,Soft Costs
Consultant - Surveys - General,Soft Costs
Consultant - Sustainability,Soft Costs
Consultant - Sustainability (LEED or WELL),Soft Costs
Consultant - Sustainability Professional Service,Soft Costs
Consultant - Tech/Security/AV,FF&E + Millwork
Consultant - Technology,Soft Costs
Consultant - Tel Data Cabling,FF&E + Millwork
Consultant - Tel-Data,Soft Costs
Consultant - Tel/Data,Soft Costs
Consultant - TelData,Soft Costs
Consultant - Teledata / Security,FF&E + Millwork
Consultant - Third Party,FF&E + Millwork
Consultant - Third Party Inspections,FF&E + Millwork
Consultant - Thomas A Carcaterra,Soft Costs
Consultant - Thornton Tomasetti Inc.,Soft Costs
Consultant - Traffic,Soft Costs
Consultant - Tree Survey,Soft Costs
Consultant - Utility Expeditor,Soft Costs
Consultant - Vibration/Movement,FF&E + Millwork
Consultant - Voice/Data/AV,Soft Costs
Consultant - WELL/LEED,Soft Costs
Consultant - Waterproofing,Soft Costs
Consultant - Wetlands,Soft Costs
Consultant - Window Coverings & Const. Misc.,FF&E + Millwork
Consultant - Window Film,Soft Costs
Consultant - Window Tint,Soft Costs
Consultant - Workplace Strategy,Soft Costs
Consultant - ZT PH 1,Soft Costs
Consultant - asbestos survey,Soft Costs
Consultant - legal cost,Soft Costs
Consultant - security,FF&E + Millwork
Consultant -Asbestos Testing,Soft Costs
Consultant -Bay Area Property Solutions,Soft Costs
Consultant -Geo Tech (AES),Soft Costs
Consultant -Low Voltage Consultant (BEI),FF&E + Millwork
Consultant -Matrl Testing Special Inspections,Soft Costs
"Consultant Add-Services (A/E, PM, etc.)",Soft Costs
Consultant Allowance - Acoustical,Construction
Consultant Allowance - AudioVisual,Construction
Consultant Allowance - Security Designer,Soft Costs
Consultant Contingency,Construction
Consultant Costs - CAP,Soft Costs
Consultant Environmental,Soft Costs
Consultant Expense,Soft Costs
Consultant Furniture,FF&E + Millwork
Consultant Geotechnical,Soft Costs
Consultant HYGENIX | Material Testing- Invoicing 100%,Soft Costs
Consultant Reimbursable,Soft Costs
Consultant Reimbursable Expenses,Soft Costs
Consultant Reimbursable Expenses @ 5%,Soft Costs
Consultant Reimbursable Expenses @5%,Soft Costs
Consultant Reimbursables,Soft Costs
Consultant Reimbursables - JLL,Soft Costs
Consultant Reimburseables (Includes Architects Renderings),Soft Costs
Consultant Reimbursibles,Soft Costs
Consultant Survey,Soft Costs
Consultant- Branding,FF&E + Millwork
Consultant- City,Soft Costs
Consultant- Civil Engineer,Soft Costs
Consultant- Feasibility Report,Soft Costs
Consultant- Market Research Report,Soft Costs
Consultant-Technology,Soft Costs
Consultants,Soft Costs
Consultants  DAS Design,Soft Costs
Consultants (Nelson),Soft Costs
Consultants - ALL,Soft Costs
Consultants - Additional Services,Soft Costs
Consultants - Furn Design/PM,Soft Costs
Consultants - Furn PM,Soft Costs
Consultants - Imprv Facilities,Soft Costs
Consultants - Milrose,Soft Costs
Consultants - Misc.,Soft Costs
Consultants - Other,Soft Costs
Consultants - Rail design,Soft Costs
Consultants - TBD Additional Services,Soft Costs
Consultants - Utility Study,Soft Costs
Consultants - Waterproofing,Soft Costs
Consultants 1,Soft Costs
Consultants 1 - Change Management,Soft Costs
Consultants 1 - Elocen,Soft Costs
Consultants 2,Soft Costs
Consultants 3,Soft Costs
Consultants Exp,Soft Costs
Consultants Fees - L,Soft Costs
Consultants Other,Soft Costs
Consultants Reimb - L,Soft Costs
Consultants TBD Additional Services,Soft Costs
"Consultants, All",Soft Costs
"Consultants, all",Soft Costs
"Consultants, other-BM",Soft Costs
"Consultants, other-LHI",Soft Costs
"Consultants, other-NC",Soft Costs
Consultants-Initial Space Plans,Soft Costs
Consultants/ Engineers,Soft Costs
Consultants; other-BM,Soft Costs
Consultants| all,Soft Costs
Consultants| other-BM,Soft Costs
"Consulting - Decontamination, Third Party Testing",FF&E + Millwork
Consulting - Workplace Strategy & Change Mgmt,Uncategorized
Consulting Firm Lerch Bates,Uncategorized
Content/Equipment Relocation,FF&E + Millwork
Contents Moving,FF&E + Millwork
Contigencies,Uncategorized
Contigency,Uncategorized
Contigency  | Approved CAR Value - GRE CAP,Uncategorized
Continge - Contr/Own,Uncategorized
Contingecy,Uncategorized
Contingencies,Uncategorized
Contingencies (10%),Uncategorized
Contingencies - Budget Increase,Soft Costs
Contingencies - CAP,Uncategorized
Contingency,Construction
Contingency  Gen Re,Construction
Contingency & Risk,Construction
Contingency (10% Soft and 15% Hard Costs),Soft Costs
Contingency (10% Total Project),Construction
Contingency (10% of Hard & Soft Costs),Soft Costs
"Contingency (10% of Soft, 15% of Hard) + Escalation",Soft Costs
Contingency (10% on HC & SC),Construction
Contingency (10% on Hard & Soft Costs),Soft Costs
Contingency (10% on Hard Cost),Construction
Contingency (10% on Hard and Soft Costs),Soft Costs
Contingency (10% on Soft & 15% Hard Costs),Soft Costs
Contingency (10% on Soft & 15% on Hard Costs),Soft Costs
"Contingency (10% on costs excl. FFE, IT)",Construction
Contingency (10% on hard & soft costs),Soft Costs
Contingency (10%),Construction
Contingency (10%) - Phase 1,Construction
Contingency (13% on Hard & Soft Costs),Soft Costs
Contingency (15% on Hard Costs),Construction
Contingency (18% on Hard & Soft Costs),Soft Costs
Contingency (20%),Construction
Contingency (5% - used for C&W/LL fees),Construction
Contingency (5% of Project Costs),Construction
Contingency (5% on Hard & Soft Costs),Soft Costs
Contingency (5%),Construction
Contingency (8%),Construction
Contingency (CAPEX),Construction
Contingency (OPEX),Construction
Contingency + Budget Increase,Construction
Contingency - 10%,Construction
Contingency - 20%,Construction
Contingency - BB,Construction
Contingency - CAP,Construction
Contingency - CapEx,Construction
Contingency - Capex,Construction
Contingency - Capital,Construction
Contingency - Capital Budget,Construction
Contingency - Construction,Construction
Contingency - EXP,Construction
Contingency - Exp,Construction
Contingency - Expense,Construction
Contingency - Expense Budget,Construction
Contingency - Exterior,Construction
Contingency - Furniture,FF&E + Millwork
Contingency - GIT Costs EXP,Construction
Contingency - Grill Stands and Markets,Construction
Contingency - HC Contingency,Construction
Contingency - Hard & Soft Costs,Soft Costs
Contingency - Hard Costs,Construction
Contingency - Interior Club and Amenities,Construction
Contingency - MMG Ortho,Construction
Contingency - NRH PT,Construction
Contingency - One Time Expenses,Construction
Contingency - Opex,Construction
Contingency - Other,Construction
"Contingency - Other FF&E, Food Service and Technology",FF&E + Millwork
Contingency - Overall Project,Construction
Contingency - Parking Deck,Construction
Contingency - SC Contingency,Construction
Contingency - Soft Costs,Soft Costs
Contingency - TI,Construction
Contingency - Units,Construction
Contingency -Owner,Construction
Contingency / Change Orders,Construction
Contingency 10%,Construction
Contingency 10% of Project Cost,Construction
Contingency 10% of Trades,Construction
"Contingency 5% , Expense All",Construction
Contingency 5% of Construction Costs,Construction
Contingency @ 10%,Construction
Contingency @ 5%,Construction
Contingency All,Construction
Contingency All (15%),Construction
Contingency Allowance,Construction
Contingency Allowances,Construction
Contingency BB,Construction
Contingency Capital - L,Construction
Contingency Consultants,Construction
Contingency Cost,Construction
Contingency EXP,Construction
Contingency Exp,Construction
Contingency Exp - GRI,Construction
Contingency Exp - L,Construction
Contingency Expense One Time Expenses,Construction
Contingency Furniture,FF&E + Millwork
Contingency Hard Costs,Construction
Contingency North,Construction
Contingency Owner,Construction
"Contingency Phase 2, 4.1, 5 (2023 Only)",Construction
Contingency for Conference Room AV & Low Voltage,Construction
Contingency on PM - Covered by TIA,Construction
Contingency on PM - Covered by TIA (Kens Budget),Construction
Contingency on PM - Not Covered by TIA,Construction
Contingency | Approved CAR Value - CAP,Construction
Contingency | Approved CAR Value - GRE CAP,Construction
Contingency | Approved CAR value - GRE CAP,Construction
"Contingency, all",Construction
Contingency- 5%,Construction
Contingency- Escalation Factor 4% per year,Construction
Contingency-5%,Construction
Contingency-CAP,Construction
Contingency-EXP,Construction
Contingency-Exp,Construction
Contingency-Owner,Construction
Contingency/Budget Transfers,Construction
Contingency: Owner,Construction
Contingency: Unforeseen Conditions,Construction
Contingent Worker - California Paid Sick,Uncategorized
Contingent Worker-Affordable Care Act B,Uncategorized
Contour Survey,Soft Costs
Contract - Other - Correction,Uncategorized
Contract Admin T&M,Uncategorized
Contract Business Services - Other,Uncategorized
Contract Labor,Uncategorized
Contract sum,Uncategorized
Contractor Allowances,Construction
Contractor Contingency,Construction
Contractor Fee,Construction
Contractor Gen. Con,Construction
Contractor Gen. Conditions,Construction
Contractor Overtime Allowance,Construction
Contractor's Fee,Soft Costs
Contractors Contingency,Construction
Contractors Fee @ 3.5%.,Soft Costs
Contractual Requirements & Retention Payoff,Uncategorized
Controlled Access (Datawatch),Uncategorized
Controlled Access Equipment as Required for Owner,FF&E + Millwork
Controlled Inspections,Soft Costs
Controls,Construction
Convergint : security enhancement,FF&E + Millwork
Conveying,Uncategorized
Conveying (ADA Elevator).,Construction
Conveying Equipment,FF&E + Millwork
Conveying Syst,Uncategorized
Conveying System,Uncategorized
Conveying-Exp,Uncategorized
Conveyor,Uncategorized
Cooling Tower Replacement,Uncategorized
Coordinating Architect Fees,Soft Costs
"Coordination, Supervision and Labor",Uncategorized
Copier Equipment,FF&E + Millwork
Copiers,Uncategorized
Copley Wolff,Uncategorized
Core & Shell Construction,Construction
Core & Shell Contingency,Construction
Core & Shell Contractor VE,Construction
Core & Shell Upgrade Allowance,Construction
Core & Shell Upgrade Allowance (20000 / 20000),Construction
Corgan - Architect,Soft Costs
Corovan Decommission - Exp,FF&E + Millwork
Corp Plan /Consultant Plan,Soft Costs
Corporate Art,FF&E + Millwork
Corporate Security,FF&E + Millwork
Corporate Services Costs,Uncategorized
Corridor Finish Upgrade,Uncategorized
Corrosion Building Renovations Due Diligence,Soft Costs
Cost Consultant,Soft Costs
Cost Consultants,Soft Costs
Cost Controller,Uncategorized
Cost Engineer,Soft Costs
Cost Escalation,Uncategorized
Cost Estimating Services,Uncategorized
Cost Management,Uncategorized
Cost Management (JLL),Soft Costs
Cost Management - T&T,Uncategorized
Cost Management- NOT ONBOARDED,Uncategorized
Cost Manager,Uncategorized
Cost of Money,Uncategorized
Costello - (MIH)106 RAD Units - Davis Bacon,Uncategorized
Costello - (Residential) 161 Non-RAD Units - Non-Davis Bacon,Uncategorized
Costo,Uncategorized
Costo Directo,Uncategorized
Costruction Cost- Bryco,Uncategorized
Council Contributions,Uncategorized
County Building Permit,Soft Costs
Courtyard Improvements,Uncategorized
Covid Allowances,Construction
Coworking Space (incl with Lobby),Uncategorized
Crane,Uncategorized
Crate Rental,Uncategorized
Crates,Uncategorized
Credit to Paint vs. Replace Lockers,FF&E + Millwork
Critical Building Repairs,Construction
Culinary,Uncategorized
Culinary (Square),Uncategorized
Culinary Equipment (CA South),FF&E + Millwork
Cultural & Archeological Resources Assessment,Soft Costs
Current Lease Obligation,Uncategorized
Cushing Signage,FF&E + Millwork
Cushman & Wakefield,Uncategorized
Cushman and Wakefield - Project Management,Soft Costs
Cushman and Wakefield - Project Management - Base VV1,Soft Costs
Custom Graphics/Branding/Signage Design,FF&E + Millwork
D&L Paving,Uncategorized
D01 General Requirements,Construction
D02 Existing Conditions,Construction
D02 General Marketing - TrueLook,Uncategorized
D03 Concrete,Construction
D03 General Construction,Construction
D04 Retail T/I Allowance - EOA & Hawkins,Construction
"D06 Wood, Plastics & Composites",Uncategorized
D07 Thermal_Moisture Protection,Uncategorized
D08 Openings - Doors_Windows,Construction
D09 Finishes,Construction
"D1 General Require, all",Uncategorized
D1 Hard Cost Contingency,Construction
D10 Specialties,Uncategorized
D11 Equipment,FF&E + Millwork
D12 Furnishings,FF&E + Millwork
D12 Furniture Systems,FF&E + Millwork
D13 Security Equipment,FF&E + Millwork
D13 Security Installation,FF&E + Millwork
D13 Special Construction,Construction
D16 AV Equipment,FF&E + Millwork
D16 Cabling Materials,FF&E + Millwork
"D2 Site Construction, all",Construction
D21 Fire Suppression,Construction
D22 Plumbing,Construction
D23 HVAC,Construction
D23 Mechanical,Soft Costs
D26 Electrical,Construction
D27 Communications,Construction
D28 Electronic Safety and Security,FF&E + Millwork
D31 AV,Uncategorized
D32 Exterior Improvements,Construction
"D9 Finishes, all",Construction
DAS,Uncategorized
DAS Design,Uncategorized
DAS McKinstry,Uncategorized
DAS System (Zinwave),FF&E + Millwork
DC Green Building Fee,Construction
DC facility,Uncategorized
DCRA,Uncategorized
DCRA Building Permit,Soft Costs
DCRA Green Code Commissioning,Soft Costs
DCRA Permit Fee,Soft Costs
DDI,Uncategorized
DEV Network Security,FF&E + Millwork
DEV Network/Security,FF&E + Millwork
DG Sets,Uncategorized
DGF General Contractor Fee_Expenses,Construction
DIAGEO Internal IT Allowance,Construction
DISH,Uncategorized
DIVISION 02 - EXISTING CONDITIONS- DEMOLITION - JFE,Construction
DIVISION 05 – METALS - Steeltech,Construction
"DIVISION 06 - WOOD, PLASTICS, AND COMPOSITES - MILLWORK - Legere",FF&E + Millwork
DIVISION 1 - TEMPORARY PROTECTION /SCAFFOLD AT STAIRCASES - BrandSafway,Construction
DIVISION 10 – SPECIALTIES - LOCKERS,FF&E + Millwork
DIVISION 14.1 - LOADING DOCK EQUIPMENT - Maybury,FF&E + Millwork
DIVISION 21 - FIRE SUPPRESSION -WOLVERINE,Construction
DIVISION 22 - PLUMBING - B&G Piping,Construction
"DIVISION 23 - HEATING, VENTILATING, AND AIR CONDITIONING - AMX",Construction
DIVISION 26 – ELECTRICAL - Westfair,Construction
DIVISION 26 – LIGHTING - Turtle & Hughes,Uncategorized
DIVISION 27 - SOUND MASKING - Environmental Acoustics,Soft Costs
DMARK to 3rd Floor Telecommunications Run,FF&E + Millwork
DMC,Uncategorized
DMS Other Hard Costs,Construction
DOB Filing & Permit Fees,Soft Costs
DOB Filing Fees,Soft Costs
DPR Construction - Pre GMP 01,Construction
DPR Construction Contingency,Construction
DPR Scope,Uncategorized
DSG Design Fees,Soft Costs
DUB - AV/Tech,Uncategorized
DVR Replacement Costs,Uncategorized
Daimler Construction - Design Center,Soft Costs
Damp / Waterproofing,Construction
Damp/Waterproofing,Construction
Danbee Security Consultant,FF&E + Millwork
Dancker (design time & as builts),Soft Costs
Dancker-Renderings,Uncategorized
Data & Communications Consultant,Soft Costs
Data - Single Source,Uncategorized
Data / Access Ctl / Sec - RoundTower,Uncategorized
Data / IT Equip. - allowance,Construction
Data / Technology / Security / AV,FF&E + Millwork
Data Cables,Uncategorized
Data Cabling,FF&E + Millwork
Data Cabling & Desktop Support,FF&E + Millwork
Data Cabling & Electrical Outlet,FF&E + Millwork
Data Cabling & Infrastructure (LV Wiring),FF&E + Millwork
Data Cabling (LV Wiring) - Anderson Howard,FF&E + Millwork
Data Cabling (NCS) - White Noise (KINLY),FF&E + Millwork
Data Cabling - 2 West,FF&E + Millwork
Data Cabling - 3 West,FF&E + Millwork
Data Cabling - Avisight,FF&E + Millwork
Data Cabling - Remove,FF&E + Millwork
Data Cabling Contingency,Construction
Data Cabling Vendor - LIFT (MHC),FF&E + Millwork
Data Cabling and Electrical,FF&E + Millwork
Data Cabling and IT Infrastructure,FF&E + Millwork
Data Cabling removal,FF&E + Millwork
"Data Cabling, AV, Soundmasking",FF&E + Millwork
Data Cabling/A/V,FF&E + Millwork
Data Cabling/AV,FF&E + Millwork
Data Cabling/IT Cabling,FF&E + Millwork
Data Cabling/IT Closet /TV Install,FF&E + Millwork
Data Cabling/IT Infrastructure (LV Wiring),FF&E + Millwork
Data Center Cabinets,Uncategorized
Data Colocation,Uncategorized
Data Comm+ A/V- Equipment,FF&E + Millwork
Data Communications Network Equipment,FF&E + Millwork
Data Communications Network Equipment (WWT),FF&E + Millwork
Data Hardware,Uncategorized
Data IT/Network 2 Cameras (Setel),FF&E + Millwork
Data Network Gear (WWT),Uncategorized
Data Outlets,Uncategorized
Data and Cabling Infrastructure - Cochran,FF&E + Millwork
Data and Voice Cabling,FF&E + Millwork
Data cabling / Audio Video,FF&E + Millwork
Data recycling/ Internal disposal cost,Uncategorized
Data/Horizontal Cabling,FF&E + Millwork
Data/Voice Cabling,FF&E + Millwork
Data/Voice Wiring/Racks,FF&E + Millwork
Davits/WW Rig - Tractel,Uncategorized
Day 1 Gifts,Uncategorized
Day 2 Budget,Uncategorized
DeBranding,FF&E + Millwork
Decabling/TV Removal/Electrical/Low Voltage Decomm,FF&E + Millwork
Decarb Capital,Uncategorized
December Management Fee,Soft Costs
Decom,FF&E + Millwork
Decom & Cleaning,FF&E + Millwork
Decom - JD Companies,FF&E + Millwork
Decom / Restoration for 925,FF&E + Millwork
Decom / Restoration for 955,FF&E + Millwork
Decom Cleaning Fees,FF&E + Millwork
Decom Contingency,Construction
Decom Costs,FF&E + Millwork
Decom Project Management Fee,FF&E + Millwork
Decom and Cleaning,FF&E + Millwork
Decom and Furniture Removal,FF&E + Millwork
Decom of Existing Space - Pinnacle,FF&E + Millwork
Decom of Leased Space,FF&E + Millwork
Decom- Furniture,FF&E + Millwork
Decom/Move/AV/Security,FF&E + Millwork
Decom/Moving,FF&E + Millwork
Decom/Site Close,FF&E + Millwork
Decomission,FF&E + Millwork
Decomissioning,FF&E + Millwork
Decomissioning Costs,FF&E + Millwork
Decomm,FF&E + Millwork
Decomm - Swinerton,FF&E + Millwork
Decomm ADT Brivo System,FF&E + Millwork
Decomm data/network rack at W. Temple (Carta),FF&E + Millwork
Decomm/Move 64 workstations from MACU (Suddath),FF&E + Millwork
Decommission,FF&E + Millwork
Decommission & Furniture Disposition Allowance,FF&E + Millwork
Decommission - Exp,FF&E + Millwork
Decommission - TBD,FF&E + Millwork
Decommission Cost,FF&E + Millwork
Decommission Cost  | Approved CAR Value - GRE One-Time EXP,FF&E + Millwork
Decommission Expense,FF&E + Millwork
Decommission Furniture - Lile,FF&E + Millwork
Decommission Leased Space,FF&E + Millwork
Decommission and Relocation (Suddath),FF&E + Millwork
Decommission cost | Approved CAR Value - GRE One-Time EXP,FF&E + Millwork
Decommission of 5140Yonge Office,FF&E + Millwork
Decommission of Furniture & Equipment,FF&E + Millwork
Decommission of Furniture & Equipment Phase 2,FF&E + Millwork
Decommission/ Restoration,FF&E + Millwork
Decommission/Cleaning of Existing Space,FF&E + Millwork
Decommission/Recommission,FF&E + Millwork
Decommissioning,FF&E + Millwork
Decommissioning & Move at 2 Wall Street,FF&E + Millwork
Decommissioning (Corovan),FF&E + Millwork
Decommissioning (NorCal),FF&E + Millwork
Decommissioning (Wilton Offices),FF&E + Millwork
Decommissioning - Construction,FF&E + Millwork
Decommissioning - Furniture,FF&E + Millwork
Decommissioning / Liquidation - BHC,FF&E + Millwork
Decommissioning Allowance,Construction
Decommissioning Contingency,Construction
Decommissioning Costs,FF&E + Millwork
Decommissioning Existing Floors,FF&E + Millwork
Decommissioning Labor,FF&E + Millwork
Decommissioning Management,FF&E + Millwork
Decommissioning existing space,FF&E + Millwork
Decommissioning of 11th Floor - LV,FF&E + Millwork
Decommissioning of AV Equipment,FF&E + Millwork
Decommissioning of Furniture @ Elkridge (OPEX),FF&E + Millwork
Decommissioning of Leased Space,FF&E + Millwork
Decommissioning of Space,FF&E + Millwork
"Decommissioning, external",FF&E + Millwork
Decommissioning/Recommissioning,FF&E + Millwork
Decor,FF&E + Millwork
Decor - The Collective,FF&E + Millwork
Decorative - Window Display,FF&E + Millwork
Decorative Items,FF&E + Millwork
Decorative Lighting & Controls Allowance,Construction
Decorative Rugs (Edward Fields),FF&E + Millwork
Decorative Wall Designs,FF&E + Millwork
Delivery & Installation,Uncategorized
Delivery / Install Estimate,Uncategorized
Delivery and Install,Uncategorized
"Delivery, Freight and Installation- (CERTIFIED MOVING & STORAGE under WALDNERS)",FF&E + Millwork
Delivery/PM,Uncategorized
Dell,Uncategorized
Dell (Equipment Moving),FF&E + Millwork
Demark Extension,Uncategorized
Demising & Storefront Construction,Construction
Demising Fence,Uncategorized
Demising Wall Budget - TI,Uncategorized
Demo,Uncategorized
Demo & Abatement,Uncategorized
Demo / MEP Equipment (Completed by AWC),FF&E + Millwork
Demo Expense,Uncategorized
Demo FRP in Breakroom without Metal Panel,Construction
Demo Room - Evoqua,Uncategorized
Demo and Construction Estimate,Construction
Demo existing conditions,Construction
Demo/Abatement,Uncategorized
Demo/Corklan/Lobby,Uncategorized
Demolition,Construction
Demolition & Abatement,Construction
Demolition & Containment - ODAD,Construction
Demolition & Removal,Construction
Demolition & Sawcut,Construction
Demolition & Site Preparation,Construction
Demolition (Aceco),Construction
Demolition (Cap),Construction
Demolition (Exp),Construction
Demolition - 2050,Construction
Demolition - ASI,Construction
Demolition - Equip,Construction
Demolition - Exp,Construction
Demolition - RAR,Construction
Demolition / Abatement,Construction
Demolition Costs,Construction
Demolition Costs- NOVO# 120-011,Construction
Demolition Exp,Construction
Demolition Labor,Construction
Demolition Materials,Construction
Demolition NOVO# 120-048,Construction
Demolition Permit Fees,Soft Costs
Demolition and Asbestos Remediation,Construction
Demolition and Remediation,Construction
Demolition of existing bldg,Construction
"Demolition, Interior",Construction
Demolition-Exp,Construction
Demolition/ Decommission,FF&E + Millwork
Demolitions,Construction
Demonstrations/Exhibits,Uncategorized
DemountTellLine/Mlwk-TFE,Uncategorized
DemountWalls/Part-TFE,FF&E + Millwork
Demountable Office Fronts (included in Tristars Proposal),Soft Costs
Demountable Partitions,FF&E + Millwork
Demountable Partitions (Not Required),FF&E + Millwork
Demountable Partitions - DIRTT,FF&E + Millwork
Demountable Partitions - DIRTT (1623),FF&E + Millwork
Demountable Wall Systems,Uncategorized
Demountable Walls,Construction
Demountable Walls & Workstations,FF&E + Millwork
Density Sensors,Uncategorized
Denver Construction,Construction
Denver Water Tap,Construction
Deputy Inspections,Soft Costs
Design,Soft Costs
Design & Build Contractor,Soft Costs
Design & Other Consultants,Soft Costs
Design - Arch SD-CD,Soft Costs
Design - Architectural,Soft Costs
Design - BRR / JLL Design Solutions,Soft Costs
Design - CX,Soft Costs
Design - Civil / Landscape / Traffic,Soft Costs
Design - Engineering,Soft Costs
Design - Engineering - Mgmt,Soft Costs
Design - JLL Estimating Services,Soft Costs
Design - JLL PM Fee,Soft Costs
Design - MOD Contingency,Soft Costs
Design - MedStar Mgmt Fee,Soft Costs
Design - Nelson,Soft Costs
Design - Permit Fees,Soft Costs
Design - RF Shielding,Soft Costs
Design - Structural,Soft Costs
Design - Utility Metering,Soft Costs
Design / Management,Soft Costs
Design / PM,Soft Costs
Design / PM Fees,Soft Costs
Design / Pre-Con Survey,Soft Costs
Design Add Service Allowance,Soft Costs
Design Add Services,Soft Costs
Design Additional Services,Soft Costs
Design Allowance,Soft Costs
Design Architect,Soft Costs
Design Architect (PDR),Soft Costs
Design Architect - BHD,Soft Costs
Design Architect - Cannon,Soft Costs
Design Architect - Moss,Soft Costs
Design Architect Branding,FF&E + Millwork
Design Architect Fees,Soft Costs
Design Architect _ DLA+,Soft Costs
Design Build,Soft Costs
Design Build General Construction,Soft Costs
Design Builder Contingency,Soft Costs
Design Builder Fee,Soft Costs
Design C/S Restrooms,Soft Costs
Design Competition,Soft Costs
Design Consultant - LEED,Soft Costs
Design Contingency,Soft Costs
Design Contingency (10%),Soft Costs
Design Contingency (25%),Soft Costs
Design Contingency (5%),Soft Costs
Design Contingency - 5%,Soft Costs
Design Contingency 10%,Soft Costs
Design Contingency Allowance,Soft Costs
Design Costs,Soft Costs
Design Development,Soft Costs
Design Development Package,Soft Costs
Design Development/Construction Documents,Soft Costs
Design Engineer,Soft Costs
Design Engineering Support,Soft Costs
Design Fees,Soft Costs
Design Fees (BA-22 & MRI),Soft Costs
Design Fees - Site Surveys/Design Consultant,Soft Costs
Design Fees Total,Soft Costs
Design Guide Consultant,Soft Costs
Design Professionals Reimbursables,Soft Costs
Design Reimbursable Expense Allowance,Soft Costs
Design Reimbursable Expenses,Soft Costs
Design Reimbursables,Soft Costs
Design Reimbursables Allowance,Soft Costs
Design Reimbursements,Soft Costs
Design Sales Tax,Soft Costs
Design Sales Taxes,Soft Costs
Design Service,Soft Costs
Design Services,Soft Costs
Design Services - Owned,Soft Costs
Design Support,Soft Costs
Design Team,Soft Costs
Design Team - Reimbursable Expenses,Soft Costs
Design and CA - IN:SITE,Soft Costs
Design and Consultant Contingency,Soft Costs
Design and Engineering,Soft Costs
Design and Install,Soft Costs
Design and Professional Fees,Soft Costs
Design and Soft Cost,Soft Costs
"Design, all",Soft Costs
Design- Dollries Group,Soft Costs
Design-Build,Soft Costs
Design-Builder,Soft Costs
Design/AE Costs,Soft Costs
Design/AE Costs Exp,Soft Costs
Design/Admin Fees (Finish Selection),Soft Costs
Design/Build Contractor,Soft Costs
Design/Construction,Soft Costs
Designated Tenant Allowances,Soft Costs
Designer,Soft Costs
Designer (Studio Mellone),Soft Costs
Designer - SIMALS,Soft Costs
Desk Occupancy Sensors,FF&E + Millwork
Desk Top Support (desk set up),FF&E + Millwork
Desktop Equipment,FF&E + Millwork
Desktop Hardware,FF&E + Millwork
Desktop Monitors,FF&E + Millwork
"Desktop Servers, Printers",FF&E + Millwork
Desktop Set Ups & Printer,FF&E + Millwork
Desktop Technology,FF&E + Millwork
Desktop equipment and voice,FF&E + Millwork
Desktop/UPS/E-Waste,FF&E + Millwork
Desktop/UPS/Ewaste,FF&E + Millwork
Desktops (incl. monitors & peripherals),FF&E + Millwork
Detailed Clean/Carpet Shampoo,FF&E + Millwork
Developer Contingency,Construction
Developer Costs,Uncategorized
Developer Fee 1% Hard & Soft Costs,Soft Costs
Developer Insurance,Soft Costs
Developer Legal,Soft Costs
Developer Soft Costs,Soft Costs
"Developer oversight, Project Mgmt, Program Mgmt",Uncategorized
Development Area Base Contract,Construction
Development Contingency,Construction
Development Escalation,Uncategorized
Development Fee,Soft Costs
Development Hard Costs,Construction
Development Reimbursables,Soft Costs
Development and Brokerage Fees,Soft Costs
Dewatering Permit,Soft Costs
Dick's Sporting Goods,Uncategorized
Digital Boards,Uncategorized
Digital Branding / DXD,FF&E + Millwork
Digital Directory,Uncategorized
Digital Locks,Uncategorized
Digital Marketing,Uncategorized
Digital Media Room,Uncategorized
Digital Signage,FF&E + Millwork
Digital Storage,Uncategorized
Digitization - TPC owner cost,Uncategorized
Dining Hall Food Service Design,Uncategorized
Dining Hall General Construction Costs,Construction
Direct Cost,Uncategorized
Direct Costs Contingency,Construction
Direct Expenses,Uncategorized
Direct Expenses Contingency,Construction
Direct Expenses Contingency (5%),Construction
Direct Project Costs,Uncategorized
Directional Signage - Design,FF&E + Millwork
Directional Signage - Install,FF&E + Millwork
Dish Machine,Uncategorized
Display Boards,Uncategorized
"Display Racks, Carts",FF&E + Millwork
Disposal/Restoration,Uncategorized
Dispose Extra Furniture,FF&E + Millwork
Distraction Banding + Privacy Film,Uncategorized
Distraction Banding - Fast Signs,Uncategorized
Distraction Marking - CGT,Uncategorized
Div 1 - General Requirements,Construction
Div 1 - General Use 1,Construction
Div 10 - Signage,Construction
Div 2- General Use 1,Construction
Div 2- General Use 2,Construction
Div 2- General Use 3,Construction
Div 3 - General Use 1,Construction
Div 8 - General Use 1,Construction
Div 9 - General Use 1,Construction
Diversified - AV,Uncategorized
Division 0 - Professional Services,Uncategorized
Division 1 - General Requirements,Construction
Division 10 - Specialties,Uncategorized
Division 12 - Furnishings,FF&E + Millwork
Division 2 - Existing Conditions,Construction
Division 21 - Fire Protection Sprinkler System,Construction
Division 22 - Plumbing and Compressed Air,Construction
Division 23 - Heating Ventilating & Air Conditioning,Construction
Division 26 - Electrical,Construction
Division 28 - Fire Alarm,Construction
Division 3 - Concrete,Construction
Division 5 - Metals,Construction
Division 6 - Wood & Plastics,Uncategorized
Division 7 - Thermal & Moisture Protection,Construction
Division 8 - Doors & Windows,Uncategorized
Division 9 - Finishes,Construction
Dock Equipment,FF&E + Millwork
Dock Equipment - ALLOWANCE,Construction
Dock Equipment PM Service - American OHD,FF&E + Millwork
Dock Leveller,Uncategorized
Dock: Dock Doors - Warehouse Technology,Uncategorized
Document Printing,Uncategorized
Document Storage,Uncategorized
Dominion Power Cost,Uncategorized
Dominion Usage Construction,Construction
Dominion Vault/Transfer,Uncategorized
Door Contacts,Uncategorized
"Door Frames, Hardware and Glass",Uncategorized
Door Hardware/Keyways,Uncategorized
Door Labor,Uncategorized
Door Stop in Breakroom (Furnish & Install),Uncategorized
Doors,Uncategorized
Doors & Frames,Uncategorized
Doors & Glass,Uncategorized
Doors / Frames / Hardware,Uncategorized
"Doors, Frames & Hardware",Construction
"Doors, Frames and Hardware",Construction
"Doors, Frames, & Hardware",Construction
"Doors, Frames, Hardware",Construction
"Doors, Frames, Hardware (Supply)",Construction
Doors/Frame/Hardware,Uncategorized
Doors/Frames/Hardware,Uncategorized
Doors/Frames/Hw,Uncategorized
Doors/Windows,Uncategorized
Doors/Windows-Exp,Uncategorized
Downers Grove Construction,Construction
Downtown Dining,Uncategorized
Drapery - Windows,Uncategorized
Drapery/Window Treatments (G&G),FF&E + Millwork
Dredging,Construction
DriveUp Equip-Bank Equip,Uncategorized
Dry Utilities Consultant,Soft Costs
Drywall,Construction
Drywall & ACT - 9250,Construction
Drywall & Acoustic Ceilings,Soft Costs
Drywall & Carpentry/ Ceilings,Construction
Drywall & Ceiling,Construction
Drywall & Metal Framing,Construction
Drywall / Ceilings / Insulation,Construction
Drywall and Ceilings,Construction
"Drywall, MEP and Finishes Adjustments - Benchmark",Construction
Due Diligence,Soft Costs
"Due Diligence (legal, wetlands assessment, survey, etc.)",Soft Costs
Due Diligence - ALTA Survey,Soft Costs
Due Diligence - Architect Concept Design,Soft Costs
Due Diligence / Legal Fees,Soft Costs
Due Diligence Report: JLL,Soft Costs
Due Diligence and Legal Fees,Soft Costs
Due Diligence for 2nd Site Allowance,Construction
Due Diligence for Both Buildings,Soft Costs
Due Dilligence (Milrose),Uncategorized
Due Dilligence - As-Builts & Feasibility Report,Uncategorized
Due Dilligence - PCA & ESA,Soft Costs
Due Dilligence - PML Report,Uncategorized
Duke Direct - Capital,Uncategorized
Duke Direct - Expense,Uncategorized
Duke Direct CAP,Uncategorized
Duke Direct EXP,Uncategorized
Dumbwaiters,Uncategorized
Durable Surfaces - Floor Cleaning,Construction
Durst Fees,Soft Costs
Dyer Brown,Uncategorized
E&S budget,Uncategorized
E-Waste,Uncategorized
E-waste,Uncategorized
E01 Total of FF&E,FF&E + Millwork
EA Chargers,Uncategorized
EARLY U&O 4TH FLOOR PERMIT FEE,Soft Costs
EBSL - ACM Testing,Soft Costs
EBSL - Air Monitoring,Uncategorized
EC,Uncategorized
EC - replace ATS handle,Uncategorized
EC Long Lead Item Purchases,Uncategorized
ECR,Uncategorized
ECR's,Uncategorized
ECRs,Uncategorized
ECRs - 3 total,Uncategorized
ECRs - 4 total,Uncategorized
ECS 3rd Party Inspections,FF&E + Millwork
EDC Const Mgmt Fee (2.5%),Soft Costs
EDPE,Uncategorized
EEI: Civil Engineer,Soft Costs
EGD Signage/Graphics,FF&E + Millwork
EH&S Consultant,Soft Costs
EH&S Consulting,Uncategorized
EHS - Chemicals,Uncategorized
EHS Consultants,Soft Costs
EHS Consulting,Uncategorized
EIFS & Joint Sealants,Uncategorized
ELECTRICAL POWER DISTRIBUTION,Construction
ELectrical and Data,Construction
EMF FP DEsign only,Soft Costs
EMF Fire Life Safety installation,Construction
EMI,Uncategorized
EOL Budget,Uncategorized
EOL budget,Uncategorized
EOT Crane,Uncategorized
ERTS Phones,Uncategorized
ETP/STP,Uncategorized
EV Charger Installation,Uncategorized
EV Charging Stations - allowance for 6 additional,Construction
EXP Contingency,Construction
Early Construction Project,Construction
Early Set Permit (Optional),Soft Costs
Early Start Site Work,FF&E + Millwork
Earthwork,FF&E + Millwork
Earthwork/Site Improvements/Landscaping,FF&E + Millwork
East Fitness Allowance,Construction
East/West Clubs,Uncategorized
Edge Fee,Soft Costs
Edge Technology,Uncategorized
Elec Low Voltage Cabling Materials,FF&E + Millwork
"Elect Construction, Distribution",Construction
Electical and Mechanical System,Soft Costs
Electric,Construction
Electric (Cates),Construction
Electric Fees,Soft Costs
Electric Metering,Construction
Electric Pallet Jacks,Construction
Electric Vehicle Charging Stations,Construction
Electric and Gas Engineer - Paragon,Soft Costs
Electrical,Construction
Electrical & FA - 16050,Construction
"Electrical & FA,PA",Construction
Electrical & Fire Alarm,Construction
Electrical & Mechanical Services,Construction
Electrical (Garahan Electric),Construction
Electrical - CBF,Construction
Electrical - EC Fit Up,Construction
Electrical - EC Hook Up,Construction
Electrical - Exist,Construction
Electrical - LV Cable & Whip Removal (1710),Construction
Electrical - Lighting Management Systems,Construction
Electrical - New,Construction
Electrical - Non-PO Expense,Construction
Electrical - Solar Alterations,Construction
Electrical - Titan,Construction
Electrical / Cabling / Card Reader,FF&E + Millwork
Electrical / Power Run,Construction
Electrical All Labor,Construction
Electrical Cabling,FF&E + Millwork
Electrical Cabling Labor,FF&E + Millwork
Electrical Charging Stations,Construction
Electrical Construction,Construction
"Electrical Construction, Communication",Construction
Electrical Consultant,Soft Costs
Electrical Demo,Construction
Electrical Design,Construction
Electrical Drawings,Construction
Electrical Drawings - OpEx,Construction
Electrical Engineer,Soft Costs
Electrical Engineering,Soft Costs
Electrical Engineering - Design,Soft Costs
Electrical Engineering - Survey,Soft Costs
Electrical Engineering Fees,Soft Costs
Electrical Equipment,FF&E + Millwork
Electrical Generator Seperation,Construction
Electrical Labor,Construction
Electrical Load Testing,Construction
Electrical Material,Construction
Electrical Outlets,Construction
Electrical Power,Construction
Electrical Power Distribution,Construction
Electrical Power Run(s),Construction
Electrical Rehabilitation and ACU Upgrade,Construction
Electrical Scope,Construction
Electrical Services,Construction
Electrical Sub-metering for north electrical room,Construction
Electrical System,Construction
Electrical Systems,Construction
Electrical Work,Construction
Electrical and Lighting,Construction
Electrical for Furniture,FF&E + Millwork
Electrical for new ext signage,FF&E + Millwork
"Electrical work, HVAC Work, Security, PHE, AV Works,UPS and Networking",FF&E + Millwork
"Electrical, All",Construction
Electrical-Exp,Construction
Electrical.,Construction
Electrically Work,Construction
Electrician,Uncategorized
Electrician - Par4,Uncategorized
Electricians,Uncategorized
Electronic Safety & Security,FF&E + Millwork
Electronic Safety and Security,FF&E + Millwork
Electronic Safety and Security (Northland),FF&E + Millwork
ElectronicSafety/Sec,Uncategorized
Element 9 - Jesse Hora Artist,FF&E + Millwork
Elevator,Construction
Elevator - Inspections / Testing,Soft Costs
Elevator - Warren,Construction
Elevator -Exist,Construction
Elevator Button Refinish,Construction
Elevator Button Refinish - Stuart Dean,FF&E + Millwork
Elevator Construction,Construction
Elevator Consultant,Soft Costs
Elevator Contractor,Construction
Elevator Finishes,Construction
Elevator Lobby Budget - CapEx,Construction
Elevator Modernization,Construction
Elevator Modernization - Service Elevator,Construction
Elevator Tech,Construction
Elevator/Freight/Plan Review,Construction
Elevator/Stairs/Mechanical,Construction
Elevators,Construction
Elite- Kitchen Design,FF&E + Millwork
Emer Power Generator,Uncategorized
Emerald City Movers,FF&E + Millwork
Emergency Leak Repair,Uncategorized
Emergency Power,Uncategorized
Emergency Repair Cost,Uncategorized
Emergency Response System - CTS,Uncategorized
Empire Furniture,FF&E + Millwork
Employee Gifts,Uncategorized
Employee Relocation & Decommissioning,FF&E + Millwork
Employee Time Clock System Relocation,FF&E + Millwork
Enabling / Move / Utility,FF&E + Millwork
Enabling Infrastructure,Uncategorized
Enabling Projects and Utility Support,Uncategorized
Enabling Space / Swing Space,Uncategorized
Enabling Work,Uncategorized
Enabling/Utility,Uncategorized
Encino Phase 1-2,Soft Costs
Encore CM Fee,Soft Costs
Encore Development Fee,Soft Costs
End User Computing for Employees,Uncategorized
End User Services,Uncategorized
Endangered Species Assessment,Soft Costs
Energizer - Total Construction Costs,Construction
Energy Audit,Uncategorized
Energy Model,Uncategorized
Energy Modeling,Uncategorized
Eng Design/Consultants,Soft Costs
Eng- Electrical,Construction
Eng- Mechanical,Soft Costs
Eng- Other,Uncategorized
Engineer,Soft Costs
"Engineer - Mechanical, Electrical, and Plumbing (MEP)",Soft Costs
Engineer - RDA,Soft Costs
Engineer - Structural,Soft Costs
Engineer Code Review,Soft Costs
Engineer Overtime (Allowance),Construction
Engineer Overtime / Third Party Review,FF&E + Millwork
Engineer's Overtime,Soft Costs
Engineer- Prelim,Soft Costs
Engineering,Soft Costs
Engineering -,Soft Costs
Engineering - AHA Fee,Soft Costs
Engineering Design,Soft Costs
Engineering Design Support,Soft Costs
Engineering Fees,Soft Costs
Engineering Fees (if not included above),Soft Costs
Engineering Fees-BM,Soft Costs
Engineering Fees-LHI,Soft Costs
Engineering Judgement,Soft Costs
Engineering Overtime,Soft Costs
Engineering Overtime Fee,Soft Costs
Engineering Overtime Fees,Soft Costs
Engineering fees,Soft Costs
Engineering fees (if not included above),Soft Costs
Engineering/Technical Professional Servi,Soft Costs
Engineers Overtime,Soft Costs
Ensurances/Utility/Admin FEE,Soft Costs
Entitlement Application and Review Costs,Soft Costs
Entrance/Storefronts,Uncategorized
Env. Branding & Graphics (Tenfold),FF&E + Millwork
Env. Graphics & Branding (TBD),FF&E + Millwork
Envelope Consultant - Peer Review/Water testing,Soft Costs
EnviroPop - Signage & Wayfinding,FF&E + Millwork
Environ Mgmt & Remediation,Uncategorized
Environmental,Soft Costs
Environmental (EBS),Soft Costs
Environmental (Highground),Soft Costs
Environmental Branding,FF&E + Millwork
Environmental Branding & Graphics,FF&E + Millwork
Environmental Branding & Signage (Int. & Ext.),FF&E + Millwork
Environmental Branding Design,FF&E + Millwork
Environmental Building Solutions,Soft Costs
Environmental Consul,Soft Costs
Environmental Consultant,Soft Costs
Environmental Consultant - (Scope included in Civil),Soft Costs
Environmental Consultant - Arcadis,Soft Costs
Environmental Consultant: Terraphase,Soft Costs
Environmental Engineer,Soft Costs
Environmental Fees,Soft Costs
Environmental Fees - L,Soft Costs
Environmental Grants,Soft Costs
Environmental Hygienist,Soft Costs
Environmental Inspections,Soft Costs
Environmental Permitting Consultant - INVISTA (Taurus/Testenger/Trinity),Soft Costs
"Environmental Remediation, Removal",Soft Costs
"Environmental Remediation, Testing",Soft Costs
Environmental Services - Hillmann Consulting,Soft Costs
Environmental Site Assessment - Phase 1,Soft Costs
Environmental Studies,Soft Costs
Environmental Testing,Soft Costs
Environmental Testing - Boggs,Soft Costs
Environmental Testing Consultant - INVISTA (EFI Global),Soft Costs
Environmental/Asbestos Survey,Soft Costs
Environmental/Safety Professional Servic,Soft Costs
Epic IT Equipment,FF&E + Millwork
Epic IT Equipment Removal (Mark IV),FF&E + Millwork
Epoxy Floor Removal,Construction
Epoxy Flooring,Construction
Equip Install Labor,Uncategorized
Equip Other,Uncategorized
Equip Rentals Trailers Manlift,Construction
Equip/Cabling/Access Control,FF&E + Millwork
Equip/Furn Contingency (10%),Construction
Equipment,FF&E + Millwork
Equipment  - Siemens,FF&E + Millwork
Equipment  - Skytron,FF&E + Millwork
Equipment  - Supplemental Tech,FF&E + Millwork
Equipment (Infrastructure & Security),FF&E + Millwork
Equipment - 10086 Open Face Cabinet,FF&E + Millwork
Equipment - Acct. 100 - Hillrom,FF&E + Millwork
Equipment - Air line relocation,FF&E + Millwork
Equipment - Appliances,FF&E + Millwork
Equipment - Appliances (Owner Provided),FF&E + Millwork
"Equipment - Cabling, ladder, Tray, Termination Gear & Racks",FF&E + Millwork
Equipment - Cafe Equipment,FF&E + Millwork
Equipment - Central Services,FF&E + Millwork
Equipment - Chargers,FF&E + Millwork
Equipment - Concessions,FF&E + Millwork
Equipment - Contingency,Construction
Equipment - Cups,FF&E + Millwork
Equipment - Dock Equipment,FF&E + Millwork
Equipment - Dock Shelters,FF&E + Millwork
Equipment - Dust Extraction System,FF&E + Millwork
Equipment - EXP,FF&E + Millwork
Equipment - Evoqua,FF&E + Millwork
Equipment - General PBX and Voice Mail Systems,FF&E + Millwork
Equipment - Lab Benching,FF&E + Millwork
Equipment - Large Tool Box,FF&E + Millwork
Equipment - MRI Eq. MEP Infrastructure (allowance),Construction
Equipment - Medical,FF&E + Millwork
Equipment - Megamat,FF&E + Millwork
Equipment - Metal Electrical Evaluation,FF&E + Millwork
Equipment - Metal Working Mill,FF&E + Millwork
Equipment - Minor Equip,FF&E + Millwork
Equipment - New Server Rm Racks/Cabinets & Connectivity,FF&E + Millwork
Equipment - Philips,FF&E + Millwork
Equipment - Pickup,FF&E + Millwork
Equipment - Reels,FF&E + Millwork
Equipment - Refurbishment,FF&E + Millwork
Equipment - Replacement,FF&E + Millwork
Equipment - Shop,FF&E + Millwork
Equipment - Snap On,FF&E + Millwork
Equipment - Stryker,FF&E + Millwork
Equipment - Surgery/OR,FF&E + Millwork
"Equipment - Switches, Routers and Hubs",FF&E + Millwork
Equipment - Video Integration,FF&E + Millwork
Equipment - WAPs,FF&E + Millwork
Equipment - Welders,FF&E + Millwork
Equipment - Welding Machine,FF&E + Millwork
Equipment - Welding booths,FF&E + Millwork
Equipment - Woodworking Belt Sander,FF&E + Millwork
Equipment - Woodworking Panel Saw,FF&E + Millwork
Equipment - compressor,FF&E + Millwork
Equipment -Metal Working Lathe,FF&E + Millwork
Equipment / Cabling,FF&E + Millwork
Equipment / IT Decom,FF&E + Millwork
Equipment / Miscellaneous,FF&E + Millwork
Equipment Anchorage/Misc. Steel,FF&E + Millwork
Equipment Battery Chargers,FF&E + Millwork
Equipment Calibration,FF&E + Millwork
Equipment Contingency,Construction
Equipment Disconnect - Electrical,FF&E + Millwork
Equipment Disconnect - Mechanical & Plumbing,FF&E + Millwork
Equipment Exhaust hose extension,FF&E + Millwork
Equipment Getinge Booms & Lights,FF&E + Millwork
Equipment Install Labor,FF&E + Millwork
Equipment Laundry,FF&E + Millwork
Equipment Material,FF&E + Millwork
Equipment Move,FF&E + Millwork
Equipment Other,FF&E + Millwork
Equipment Portable Bar,FF&E + Millwork
Equipment Purchase - Bldg Equip,FF&E + Millwork
Equipment Relocation,FF&E + Millwork
Equipment Relocation to GSO,FF&E + Millwork
Equipment Removal,FF&E + Millwork
"Equipment Removal - FT Vendor, CSG",FF&E + Millwork
Equipment Removal/E Waste,FF&E + Millwork
Equipment Requalification / Calibration,FF&E + Millwork
Equipment Snap On,FF&E + Millwork
Equipment Total,FF&E + Millwork
Equipment VR Equipment,FF&E + Millwork
Equipment Welding Booth,FF&E + Millwork
Equipment | Approved CAR value - GRE CAP,FF&E + Millwork
"Equipment, Appliances",FF&E + Millwork
"Equipment, Furniture & Fixtures",FF&E + Millwork
"Equipment, Misc/Specialized",FF&E + Millwork
Equipment-Charger,FF&E + Millwork
Equipment-Exp,FF&E + Millwork
Equipment-Misc,FF&E + Millwork
Equipment-PEM Mezzanine + Equipment,FF&E + Millwork
Equipment.,FF&E + Millwork
Equipment/Appliances,FF&E + Millwork
Equipment/Cabling,FF&E + Millwork
Equipment/Furnishings Relocation,FF&E + Millwork
Ergo Consultant,Soft Costs
Escalation,Uncategorized
Escalation - 5%,Uncategorized
Escalation Allowance - reduced to 2.5%,Construction
Escalation for Current Year,Uncategorized
Escalation on sub total (2018 through 2019),Uncategorized
Escalation/Contingency,Construction
Escalator,Uncategorized
Escalators,Uncategorized
Escorting,Uncategorized
Escrow Fee,Soft Costs
Essensys Proposal (IT Infrastructure/ Network System),Soft Costs
Estimating,Uncategorized
Ethernet Cable,Uncategorized
Event Space Lighting & Controls Allowance,Construction
Execution Requirements,Uncategorized
Executive Area Upgrade,Uncategorized
"Executive Office, Tables, Seating",FF&E + Millwork
Executive Phones,Uncategorized
Exercise Consultant  & Equipment- Fitness,FF&E + Millwork
Exercise Equipment,FF&E + Millwork
Exhaust Hoods,Uncategorized
"Exhibit C - IT, Security, FF&E",FF&E + Millwork
Exhibit Designers (All Other),Soft Costs
Exhibit Designers (Making of a Broadway Show),Soft Costs
Exhibit Renderings (All Other),Uncategorized
Exhibits & Decorative Lighting,FF&E + Millwork
Exhibits Millwork,FF&E + Millwork
Exist Cond,Uncategorized
Exist Cond/Demo,Uncategorized
Existing Boom Coordination,Uncategorized
Existing Conditions,Construction
Existing Conditions (Demo),Construction
Existing Conditions / Unforeseen Risk Factor,Construction
Existing FF&E Removal,FF&E + Millwork
Existing Furniture - Encore,FF&E + Millwork
Existing Furniture Disposal,FF&E + Millwork
Existing Furniture Liquidation,FF&E + Millwork
Existing Furniture Reconfiguration,FF&E + Millwork
Existing Furniture Relo,FF&E + Millwork
Existing Furniture Removal,FF&E + Millwork
Existing Roofing/Siding,Construction
Existing Space Decommission,FF&E + Millwork
Existing Space Decommissioning,FF&E + Millwork
Existing Space Disposal/Decommission,FF&E + Millwork
Existing Structure Demolition or Move,FF&E + Millwork
Existing office install,Uncategorized
Exp Contingency,Construction
Expediter,Soft Costs
Expediter (Permit)/ SF Codes,Soft Costs
Expediter (Permits),Soft Costs
Expediter - Permit,Soft Costs
Expediter Fee - Milrose,Soft Costs
Expediter Permits (Allowance),Construction
"Expediter, Code Consultant",Soft Costs
Expediter/Code Consultant,Soft Costs
Expediting Services (Cost Code: B0137-0001),Uncategorized
Expeditor,Soft Costs
Expeditor & Code Consultant,Soft Costs
Expeditor & DOB Filing Fees - Metropolis,Soft Costs
Expeditor (Milrose),Soft Costs
Expeditor (Permits),Soft Costs
Expeditor - Archetype Consultants,Soft Costs
Expeditor - Design 2147,Soft Costs
Expeditor - Milrose,Soft Costs
Expeditor - Milrose Consultants,Soft Costs
Expeditor - Permits,Soft Costs
Expeditor / Code Consultant,Soft Costs
Expeditor / Permitting/CD's,Soft Costs
Expeditor 1 - Outsource,Soft Costs
Expeditor 2 - JM Zoning,Soft Costs
Expeditor Fees,Soft Costs
Expeditor | Code/Life Safety,Soft Costs
Expeditor/ Permitting,Soft Costs
Expeditor/Code Consultant,Soft Costs
Expeditor/Code Consultant + Permit Fees - Vitacco,Soft Costs
Expeditor/Code Consultant - Archetype,Soft Costs
Expeditor/Code Consultant - Rethy Associates,Soft Costs
Expeditor/Permits (Milrose),Soft Costs
Expense,Uncategorized
Expense - Move Costs,FF&E + Millwork
Expense - add draw dn from G3,Uncategorized
Expense Budget,Uncategorized
Expense Contingency,Construction
Expense Contingency @ 5%,Construction
Expense Cost Contingency,Construction
Expense IT Cost - per ROM,Uncategorized
Expensed Legal Costs (not in project-booked to RE),Soft Costs
Expenses,Uncategorized
Expenses Contingency,Construction
Expenses Contingency *,Construction
Experiential Graphic Design,Uncategorized
Experiential Graphics,FF&E + Millwork
Ext Generator Removal,Uncategorized
Ext Signage,FF&E + Millwork
Exterior & Pylon Signage Removal,FF&E + Millwork
Exterior Aluminum Panels,Construction
Exterior Arena Painting Construction Costs,Construction
Exterior Audio Speakers + Equipment,FF&E + Millwork
Exterior Awning/Signage,FF&E + Millwork
Exterior Branding,FF&E + Millwork
Exterior Building Sign,Construction
Exterior Building Signage,FF&E + Millwork
"Exterior Building Signage (7th Floor, Penthouse)",FF&E + Millwork
Exterior Construction,Construction
Exterior Elevation - Repair and Painting,Construction
Exterior Furniture/Recreational Equipment Allowance,FF&E + Millwork
Exterior Graphics/Signage,FF&E + Millwork
Exterior Highwall Sign,Construction
Exterior Improvement,Construction
Exterior Improvements,Construction
Exterior LED Retrofit,Construction
Exterior Lighting (2021),Construction
Exterior Paint,Construction
Exterior Paint - EE Mills,Construction
Exterior Painting,Construction
Exterior Painting - Painting USA,Construction
Exterior Repair,Construction
Exterior Scope - Facilities/Maintenance,Construction
"Exterior Scope - HVAC, Generator, Exterior Signage",FF&E + Millwork
Exterior Sign,Construction
Exterior Signage,FF&E + Millwork
Exterior Signage  (CAPEX),FF&E + Millwork
Exterior Signage (AGI),FF&E + Millwork
Exterior Signage (Graphic Display),FF&E + Millwork
Exterior Signage - Alphabet,FF&E + Millwork
Exterior Signage - Art Display,FF&E + Millwork
Exterior Signage - EC,FF&E + Millwork
Exterior Signage - MMG Ortho,FF&E + Millwork
Exterior Signage - NRH PT,FF&E + Millwork
Exterior Signage - Preliminary,FF&E + Millwork
Exterior Signage Allowance,Construction
Exterior Signage Removal,FF&E + Millwork
Exterior Signage Removal & Repair,FF&E + Millwork
Exterior Signage Removal (Yesco),FF&E + Millwork
Exterior Signage/Graphics,FF&E + Millwork
Exterior Signage/New Branch,FF&E + Millwork
Exterior Signages - True North,FF&E + Millwork
Exterior Skin Consultant - WDP,Soft Costs
Exterior Work - ALLOWANCE,Construction
Exterior Work/Facilities/Maintenance,Construction
Exterior- Other,Construction
Exterior/Interior Signage,FF&E + Millwork
Exterior/Interior Signage RBG,FF&E + Millwork
External Access Points,Uncategorized
External Auditor,Uncategorized
External Electrical Work,Construction
External Signage,FF&E + Millwork
External Signage - L,FF&E + Millwork
External Works,Uncategorized
Ezone application fee,Soft Costs
Ezone application fee Offset,Soft Costs
F&B Equipment,FF&E + Millwork
"F, F & E CATEGORY",Uncategorized
F01 Financing Costs,Uncategorized
F90 Container,Uncategorized
FA Expeditor (Walter Gorman),Soft Costs
FAA,Uncategorized
FB Equipment,FF&E + Millwork
FEE - JLL Reimburseables,Soft Costs
FEE Contingency,Construction
FEE JLL - Coordination Fee,Soft Costs
FF&E,FF&E + Millwork
FF&E  - OfficeScapes,FF&E + Millwork
FF&E  Sales Tax,FF&E + Millwork
FF&E & Moving,FF&E + Millwork
FF&E & Moving â€“ CAP,FF&E + Millwork
FF&E & Moving – Contingency,FF&E + Millwork
FF&E (Owner),FF&E + Millwork
FF&E - 5th Floor,FF&E + Millwork
FF&E - Appliances,FF&E + Millwork
FF&E - COI,FF&E + Millwork
FF&E - COP Inc,FF&E + Millwork
FF&E - Capital,FF&E + Millwork
FF&E - Clubhouse / Office Furnishings,FF&E + Millwork
FF&E - Contingency - 10%,FF&E + Millwork
FF&E - Contingency - 5%,FF&E + Millwork
FF&E - Empire,FF&E + Millwork
FF&E - Expense,FF&E + Millwork
FF&E - Hub Items,FF&E + Millwork
FF&E - Miscellaneous,FF&E + Millwork
FF&E - SBFI L32 Air Desks,FF&E + Millwork
FF&E - Sales Tax,FF&E + Millwork
FF&E - Steelcase office furniture,FF&E + Millwork
FF&E - Trash Compactor & Trash Carts,FF&E + Millwork
"FF&E - furniture, artwork, soundmasking, branding",FF&E + Millwork
FF&E Cap,FF&E + Millwork
FF&E Cap-Furniture,FF&E + Millwork
FF&E Contingency,FF&E + Millwork
FF&E Contingency (10%),FF&E + Millwork
FF&E Contingency *,FF&E + Millwork
FF&E Contingency @ 5%,FF&E + Millwork
FF&E Contingency @5%,FF&E + Millwork
FF&E Contingency Cap,FF&E + Millwork
FF&E Delivery | Install | Freight,FF&E + Millwork
FF&E Design Fees,FF&E + Millwork
FF&E Exp-Food Service,FF&E + Millwork
FF&E Exp-Furniture,FF&E + Millwork
FF&E Freight (15%),FF&E + Millwork
FF&E Install,FF&E + Millwork
FF&E Liquidation,FF&E + Millwork
FF&E Moving,FF&E + Millwork
FF&E Procurement,FF&E + Millwork
FF&E Purchasing & Other Misc Consultants,FF&E + Millwork
FF&E Purchasing Agent,FF&E + Millwork
FF&E Relocation,FF&E + Millwork
FF&E Sales Tax,FF&E + Millwork
FF&E Task Chairs- PO-298841,FF&E + Millwork
FF&E Total,FF&E + Millwork
FF&E and LV cabling Contingency,FF&E + Millwork
FF&E and Technology - Escalation and Contingency,FF&E + Millwork
FF&E | Approved CAR Value - GRE CAP,FF&E + Millwork
FF&E – EXP,FF&E + Millwork
"FF&E, Accessories, Artwork, Pots for Plants- Lobby",FF&E + Millwork
"FF&E, Accessories, Artwork, Pots for Plants- Lobby OPEX",FF&E + Millwork
"FF&E, IT, Security",FF&E + Millwork
"FF&E, Moving and Tech",FF&E + Millwork
"FF&E, Moving and Tech Lump Sum",FF&E + Millwork
"FF&E, Moving and Technology - CAP",FF&E + Millwork
"FF&E, Moving and Technology Contingency",FF&E + Millwork
FF&E- Access Control / CCTV Equipment,FF&E + Millwork
FF&E- Artwork,FF&E + Millwork
FF&E- Audio/Visual,FF&E + Millwork
FF&E- Club House / Office Furnishings,FF&E + Millwork
FF&E- Exercise Equipment,FF&E + Millwork
FF&E- Golf Cart,FF&E + Millwork
FF&E- Miscellaneous,FF&E + Millwork
FF&E- Specialty & Monument Signage,FF&E + Millwork
"FF&E. IT/AV, Security Contingency - CAP (10%)",FF&E + Millwork
FF&E/AV/IT/Specialty Fit Out/Moving/Contingency/Keying/Misc,FF&E + Millwork
FF&E/IT/AV/Security Contingency,FF&E + Millwork
"FF&E:  Carpet, Wallcovering, Artwork, Window Treatments",FF&E + Millwork
FFE,FF&E + Millwork
FFE  WD,FF&E + Millwork
FFE & Demountable walls,FF&E + Millwork
FFE & OSE,FF&E + Millwork
FFE (EvensonBest),FF&E + Millwork
FFE (Placeholder),FF&E + Millwork
FFE (Temp Cooling),FF&E + Millwork
FFE (The Furniture Xchange),FF&E + Millwork
FFE (by LaserShip),FF&E + Millwork
FFE + Artwork,FF&E + Millwork
FFE - A/V,FF&E + Millwork
FFE - A/V and Security,FF&E + Millwork
FFE - Allsteel,FF&E + Millwork
FFE - Ancillary Furniture,FF&E + Millwork
FFE - Appliances,FF&E + Millwork
FFE - Appliances (1746),FF&E + Millwork
FFE - Artwork,FF&E + Millwork
FFE - Artwork/Branding,FF&E + Millwork
FFE - Benhar,FF&E + Millwork
FFE - Branding,FF&E + Millwork
FFE - CBI,FF&E + Millwork
FFE - CS Supplied,FF&E + Millwork
FFE - Carpet and Flooring - Interface,FF&E + Millwork
FFE - Catalyst,FF&E + Millwork
FFE - Chairs - Catalyst,FF&E + Millwork
FFE - Commodity,FF&E + Millwork
FFE - Contingency,Construction
FFE - Corporate Enviroments,FF&E + Millwork
FFE - DIRTT,FF&E + Millwork
FFE - DIRTT Wall,FF&E + Millwork
FFE - Decorative PLF Entry Element Luchador Mask,FF&E + Millwork
FFE - Empire,FF&E + Millwork
FFE - Empire Office/Innovant,FF&E + Millwork
FFE - Equipment,FF&E + Millwork
FFE - Fitness Equipment,FF&E + Millwork
FFE - Freight,FF&E + Millwork
FFE - Furniture,FF&E + Millwork
FFE - Furniture & Equipment,FF&E + Millwork
FFE - Furniture & Labor,FF&E + Millwork
FFE - Furniture (Incl Install),FF&E + Millwork
FFE - Furniture / Lockers (Waldners),FF&E + Millwork
FFE - Furniture labor,FF&E + Millwork
FFE - GL Seaman,FF&E + Millwork
FFE - Guestroom & Corridor,FF&E + Millwork
"FFE - Guestrooms, Corridors & Public",FF&E + Millwork
FFE - HNI/Inside Source,FF&E + Millwork
FFE - Hub Items (1746),FF&E + Millwork
FFE - Install,FF&E + Millwork
FFE - Kitchen,FF&E + Millwork
FFE - L 2- L8,FF&E + Millwork
FFE - Labor,FF&E + Millwork
FFE - Legacy,FF&E + Millwork
FFE - Lobby Furniture,FF&E + Millwork
FFE - Loth,FF&E + Millwork
FFE - Lounge,FF&E + Millwork
FFE - MarxModa,FF&E + Millwork
FFE - McKesson,FF&E + Millwork
FFE - Medical Equipment,FF&E + Millwork
FFE - New,FF&E + Millwork
FFE - New Furniture,FF&E + Millwork
FFE - OP,FF&E + Millwork
FFE - Office Furniture,FF&E + Millwork
FFE - Office Revolution,FF&E + Millwork
FFE - OneWorkplace,FF&E + Millwork
FFE - Other,FF&E + Millwork
FFE - Outdoor,FF&E + Millwork
FFE - Plants,FF&E + Millwork
FFE - Price Modern,FF&E + Millwork
"FFE - Product, Freight, and Tax",FF&E + Millwork
FFE - RDI,FF&E + Millwork
FFE - Reconfiguration,FF&E + Millwork
FFE - Reimbursement,FF&E + Millwork
FFE - Rigger,FF&E + Millwork
FFE - Royer,FF&E + Millwork
FFE - Security,FF&E + Millwork
FFE - Signage,FF&E + Millwork
FFE - Signage/Graphics,FF&E + Millwork
FFE - Signage/Graphics - AirPark,FF&E + Millwork
FFE - Signature Card File (Classic),FF&E + Millwork
FFE - Specialty Equipment - Flow Wall,FF&E + Millwork
FFE - Spencer + Company,FF&E + Millwork
FFE - Startup Equipment,FF&E + Millwork
FFE - Systems Furniture,FF&E + Millwork
FFE - TFX,FF&E + Millwork
FFE - TFX (Cleaning),FF&E + Millwork
FFE - Tables/Chairs (WB Mason),FF&E + Millwork
FFE - The Collective,FF&E + Millwork
FFE - Thomas Interiors,FF&E + Millwork
FFE - Town Hall,FF&E + Millwork
FFE - Upholstery,FF&E + Millwork
FFE - WD,FF&E + Millwork
FFE - Wall & Panel,FF&E + Millwork
FFE - Warehouse,FF&E + Millwork
FFE - Warehousing,FF&E + Millwork
FFE - Warehousing and Installation,FF&E + Millwork
"FFE - Wayfinding, WPP, COVID Signage - Priority Sign",FF&E + Millwork
FFE - Whiteboard wall,FF&E + Millwork
FFE - Workstations,FF&E + Millwork
"FFE - Workstations, Offices, Conference",FF&E + Millwork
FFE - Workstations/Ancillary/ Conference,FF&E + Millwork
FFE - furniture,FF&E + Millwork
FFE - labor,FF&E + Millwork
FFE -Labor,FF&E + Millwork
FFE // Retail,FF&E + Millwork
FFE /Move/Decom,FF&E + Millwork
FFE Add'l Ancillary Furniture - Catalyst,FF&E + Millwork
FFE Ancillary & Lab Furniture,FF&E + Millwork
FFE Ancillary Furniture,FF&E + Millwork
FFE Ancillary Furniture - Inside source,FF&E + Millwork
FFE Branding - Blue Hammer,FF&E + Millwork
FFE Branding - Conf. Rm.,FF&E + Millwork
FFE Branding - Lobby,FF&E + Millwork
FFE Capital Contingency,Construction
FFE Chairs,FF&E + Millwork
FFE Conference Furniture,FF&E + Millwork
FFE Consultant,FF&E + Millwork
FFE Contingencey,FF&E + Millwork
FFE Contingency,Construction
FFE Contingency - 5%,Construction
FFE Freight & Labor (Val),FF&E + Millwork
FFE Furnish and Install,FF&E + Millwork
FFE Furniture,FF&E + Millwork
FFE Furniture - HNI Allsteel Ancillary - PO 2D-03585583,FF&E + Millwork
FFE Furniture - WD,FF&E + Millwork
FFE Furniture - WD PO 2D-03418700,FF&E + Millwork
FFE Install,FF&E + Millwork
FFE North,FF&E + Millwork
FFE Other,FF&E + Millwork
FFE Other - Catalyst Systems Furniture  PO 2D-03484855,FF&E + Millwork
FFE Other - Furniture HNI Allsteel,FF&E + Millwork
FFE Phone Booths,FF&E + Millwork
FFE Product,FF&E + Millwork
FFE Product & Install,FF&E + Millwork
FFE Product (Val),FF&E + Millwork
FFE Product - Delivery & Install,FF&E + Millwork
FFE Product - Monitor Arms,FF&E + Millwork
FFE Product - New Ancillary,FF&E + Millwork
FFE Product - Sensors,FF&E + Millwork
FFE Product 2.0 Project,FF&E + Millwork
FFE Product and Installation,FF&E + Millwork
FFE Refinishing,FF&E + Millwork
FFE Relocation,FF&E + Millwork
FFE Removal,FF&E + Millwork
FFE Removal/ Decommissioning  (OPEX),FF&E + Millwork
FFE Rental,FF&E + Millwork
FFE Repair,FF&E + Millwork
FFE Standard & Ancillary Furniture - Splice,FF&E + Millwork
FFE Standard Furniture,FF&E + Millwork
FFE Standards & Ancillary Furniture - WD,FF&E + Millwork
FFE Standards & Ancillary Furniture - WD/Splice,FF&E + Millwork
FFE Standards - WD,FF&E + Millwork
FFE Stds & Ancillary Furniture - Splice,FF&E + Millwork
FFE Stds & Ancillary Furniture - WD,FF&E + Millwork
FFE Stds Furniture - Catalyst,FF&E + Millwork
"FFE Stds, Ancillary, Lab - Inside Source",FF&E + Millwork
FFE Storage & Install,FF&E + Millwork
FFE Total,FF&E + Millwork
FFE Used Furniture Xchange,FF&E + Millwork
FFE Walls & Workstations,FF&E + Millwork
FFE Walls & Workstations - Allsteel,FF&E + Millwork
FFE Walls & Workstations - HNI,FF&E + Millwork
FFE Walls/Workstations & Add'l Ancillary - HNI,FF&E + Millwork
FFE Walls/Workstations & Stds - HNI,FF&E + Millwork
"FFE Wayfinding, WPP, COVID Signage",FF&E + Millwork
FFE Wayfinding/WPP/COVID Signage - Priority,FF&E + Millwork
FFE Workstations,FF&E + Millwork
FFE and Artwork and Move,FF&E + Millwork
FFE and Graphics - InSite,FF&E + Millwork
FFE and IT - All,FF&E + Millwork
FFE and Signage,FF&E + Millwork
FFE&Graphic Design - IN:SITE,FF&E + Millwork
"FFE, All",FF&E + Millwork
"FFE, Ancillary",FF&E + Millwork
"FFE, FFE Shipping, Delivery, Installation & Tax (Empire)",FF&E + Millwork
"FFE, Liquidity Services (Asset Sale)",FF&E + Millwork
"FFE, Moving and Technology - Contingency",Construction
"FFE, Moving and Technology Contngency",FF&E + Millwork
"FFE, Plants",FF&E + Millwork
"FFE, Task Chairs",FF&E + Millwork
"FFE, all",FF&E + Millwork
"FFE, all, ISI Cabinet",FF&E + Millwork
FFE- AMF Pins,FF&E + Millwork
FFE- Accesories,FF&E + Millwork
FFE- Allowance,Construction
FFE- Allsteel,FF&E + Millwork
FFE- Aloha POS System,FF&E + Millwork
FFE- Ancillary,FF&E + Millwork
FFE- Appliances,FF&E + Millwork
FFE- Artwork,FF&E + Millwork
FFE- Artwork & Branding,FF&E + Millwork
FFE- Artwork & Decor,FF&E + Millwork
FFE- Artwork (Phase II),FF&E + Millwork
FFE- Artwork (Placeholder),FF&E + Millwork
FFE- Artwork (TBD),FF&E + Millwork
FFE- Artwork (Top Band),FF&E + Millwork
FFE- Artwork / Branding Allowance,Construction
"FFE- Artwork, all",FF&E + Millwork
FFE- Artwork/ Interior Signage - The Weld Guy,FF&E + Millwork
FFE- Artwork/Branding,FF&E + Millwork
FFE- Artwork/Specialty Graphics,FF&E + Millwork
FFE- Bar Eqpt and Walk-in Coolers,FF&E + Millwork
FFE- Bar Equipment,FF&E + Millwork
FFE- Benching,FF&E + Millwork
FFE- BevSpot Inventory System,FF&E + Millwork
FFE- Bonk Honk,FF&E + Millwork
FFE- Bottoms Up,FF&E + Millwork
FFE- Branding,FF&E + Millwork
FFE- Branding Install,FF&E + Millwork
FFE- Branding/ Signage,FF&E + Millwork
FFE- Catalyst,FF&E + Millwork
FFE- Chairs,FF&E + Millwork
FFE- Contingency,Construction
FFE- Contingency (10%),Construction
FFE- Contingency - 5%,Construction
FFE- Contingency - Escalation - 3%,Construction
FFE- Contingency 1,Construction
FFE- Culinary Equipment,FF&E + Millwork
FFE- Czarnowski,FF&E + Millwork
FFE- Demountable Office Fronts,FF&E + Millwork
FFE- Demountable Walls,FF&E + Millwork
"FFE- Equip, Move",FF&E + Millwork
FFE- Equipment,FF&E + Millwork
"FFE- Equipment  (Items 8, 11, 12, 13 Gilbane GMP 2221006)",FF&E + Millwork
FFE- Fit Up Items,FF&E + Millwork
FFE- Fitness Center,FF&E + Millwork
FFE- Fixtures,FF&E + Millwork
FFE- Fixtures (allowance),Construction
FFE- Floor Safe,FF&E + Millwork
FFE- Flooring,FF&E + Millwork
FFE- Food Service Equipment,FF&E + Millwork
FFE- Footballs,FF&E + Millwork
FFE- Forward Space,FF&E + Millwork
FFE- Fowling Boards,FF&E + Millwork
FFE- Fowling Pins,FF&E + Millwork
"FFE- Furn. Equip, Move",FF&E + Millwork
FFE- Furniture,FF&E + Millwork
FFE- Furniture Allowance,FF&E + Millwork
FFE- Furniture Labor,FF&E + Millwork
"FFE- Furniture, Fixtures and Equipment",FF&E + Millwork
FFE- Furniture- Price Modern,FF&E + Millwork
FFE- Furniture/Fixtures,FF&E + Millwork
FFE- General 1,FF&E + Millwork
FFE- General 2,FF&E + Millwork
FFE- Install,FF&E + Millwork
FFE- Interior Signage,FF&E + Millwork
"FFE- Kitchen Eqpt, Hood and Cooler",FF&E + Millwork
FFE- Lab Equipment,FF&E + Millwork
FFE- Labor,FF&E + Millwork
FFE- Major Medical Equipment,FF&E + Millwork
"FFE- Med Equip, Move",FF&E + Millwork
"FFE- Med Equip, Move-Break Room Small Appliances",FF&E + Millwork
FFE- Medical Equip,FF&E + Millwork
FFE- Medical Equip - NIC,FF&E + Millwork
FFE- Millwork & Cabinets,FF&E + Millwork
FFE- Minor Medical Equipment,FF&E + Millwork
FFE- Modular Walls,FF&E + Millwork
FFE- Monitor Arms,FF&E + Millwork
FFE- Movers / Decom,FF&E + Millwork
FFE- Mystery Beer Machine,FF&E + Millwork
FFE- Night Deposit/Vault/Teller Equip (Classic Equip),FF&E + Millwork
FFE- OH Booms,FF&E + Millwork
FFE- Office Furniture,FF&E + Millwork
FFE- Other Furniture,FF&E + Millwork
"FFE- Other Furniture - Terrace, Planters, Landscaping",FF&E + Millwork
FFE- Other Vendors,FF&E + Millwork
FFE- Paintings,FF&E + Millwork
FFE- Plants,FF&E + Millwork
FFE- Prvt Offices,FF&E + Millwork
FFE- Ramp,FF&E + Millwork
FFE- Retail,FF&E + Millwork
FFE- SCIF,FF&E + Millwork
FFE- Safe,FF&E + Millwork
FFE- Sculptures,FF&E + Millwork
FFE- Shades,FF&E + Millwork
FFE- Signage,FF&E + Millwork
FFE- Signage / Artwork / Graphics,FF&E + Millwork
FFE- Signage/Graphics Allowance,Construction
FFE- Stools,FF&E + Millwork
FFE- Storage,FF&E + Millwork
FFE- Supply Chain Equipment,FF&E + Millwork
FFE- Surrounds (Fiserv),FF&E + Millwork
FFE- Systems,FF&E + Millwork
FFE- Systems Furniture,FF&E + Millwork
FFE- Systems Furniture (1599),FF&E + Millwork
FFE- Systems Furniture (TBI),FF&E + Millwork
FFE- TAXES (9.25%),FF&E + Millwork
FFE- Task Chairs - Steelcase,FF&E + Millwork
FFE- Task Seating,FF&E + Millwork
FFE- Taxes,FF&E + Millwork
FFE- Turf Ceiling System,FF&E + Millwork
FFE- Uniweb System,FF&E + Millwork
FFE- WD,FF&E + Millwork
FFE- Wood Spool Tables,FF&E + Millwork
FFE- Workstations / Zilenzio- acoustic planter,FF&E + Millwork
FFE- Worktsations / Leadership Desks / Seats,FF&E + Millwork
FFE- labor,FF&E + Millwork
FFE-EverFi Space only,FF&E + Millwork
FFE-Exp,FF&E + Millwork
FFE-Fixture & Furniture,FF&E + Millwork
FFE-Furniture,FF&E + Millwork
FFE-Furniture/2nd day items/Greenery/Kitchen equipment,FF&E + Millwork
"FFE-Medical Equipment-Clinical, OR",FF&E + Millwork
"FFE-Medical Equipment-IVF, Lab",FF&E + Millwork
FFE-Subtenant Space only,FF&E + Millwork
FFE-Systems Furn,FF&E + Millwork
FFE/Furniture,FF&E + Millwork
FFE/MOVE/TECH Contingency,Construction
FFE/Moving/Technology/Signage,FF&E + Millwork
FFE/OSE and Kitchen Equipment,FF&E + Millwork
"FFE:  Carpet, Wallcovering, Art",FF&E + Millwork
FFE: ICI/CDS,FF&E + Millwork
FFE: Permanent Furniture - Arnold's,FF&E + Millwork
FFE: Temporary Furniture - Arenson,FF&E + Millwork
FIRE DETECTION & FIRE ALARM SYSTEM,Construction
FIre Curtain - 5-7 Week Lead,Construction
FItness Equipment,FF&E + Millwork
FLS Fire Rated Door Installation,Construction
FLS Fire Stopping System Installation,Construction
FLS Sprinkler Upgrades,Construction
FM Global Design Review,Soft Costs
FM Global Standards,Uncategorized
FM Interior Building Expense,Construction
FM Start Up Supplies,FF&E + Millwork
FM Start up,FF&E + Millwork
FM Time,Uncategorized
FM Time & Expense,Uncategorized
FM Travel,Uncategorized
FPP - Walter T Gorman,Uncategorized
FSA,Uncategorized
FTF Structural Engineer,Soft Costs
FURN - Chairs,FF&E + Millwork
FURN - Modular Furniture,FF&E + Millwork
FX Designs - ND,Uncategorized
FY23 - General Construction,Construction
Fabric Graphic,Uncategorized
Fabric Panels,Uncategorized
Fabric wrapped panels allowance,Construction
Fac Master Set Update,Uncategorized
Facilities,Uncategorized
Facilities Allowance,Construction
Facilities Coordination,Uncategorized
Facilities Equipment,FF&E + Millwork
Facilities Equipment- Power/ UPS,FF&E + Millwork
Facilities Labor,Uncategorized
Facilities Purchases,Uncategorized
Facilities Services,Uncategorized
Facilities Site Investigation,Construction
Facility Cost (BPC002756),Uncategorized
Facility Decommission,FF&E + Millwork
Facility Decommission (EXP),FF&E + Millwork
Facility Decommission - 11th Floor Office,FF&E + Millwork
Facility Decommission - Basement,FF&E + Millwork
Facility Decommission - EXP,FF&E + Millwork
Facility Decommission - RAR,FF&E + Millwork
Facility Decommission Turn Key,FF&E + Millwork
Facility Decommission | Approved CAR Value - GRE One-Time EXP,FF&E + Millwork
Facility Decommission- EXP,FF&E + Millwork
Facility Equipment,FF&E + Millwork
Facility Mgr- JLL,Soft Costs
Facility Operation,Uncategorized
Facility Outage Support,Uncategorized
Facility Outage Support (Allowance),Construction
Fast Track Demolition,Construction
Fast Track Probes and Estimating (pre JLL),Soft Costs
Feasibility - Arch Feasibility Study,Uncategorized
Feasibility - JLL Project Management,Soft Costs
Feasibility Study,Uncategorized
Fee,Soft Costs
Fee - Architect / MEP Consultants,Soft Costs
Fee - Development Mgmt,Soft Costs
Fee - JLL DAY 2,Soft Costs
Fee - JLL EHS service,Soft Costs
Fee - JLL LEED PM,Soft Costs
Fee - JLL Manage Principal,Soft Costs
Fee - JLL Project,Soft Costs
Fee - JLL Project Management,Soft Costs
Fee - JLL Specialized Procurement Service,Soft Costs
"Fee - JLL, Base Project",Soft Costs
"Fee - JLL, RTH Kitchen",Soft Costs
"Fee - JLL, projects reimbursable",Soft Costs
Fee - Landlord Construction Management,Construction
Fee - Permit,Soft Costs
Fee Project Mgmt JLL,Soft Costs
Fee-  PM LIFT,Soft Costs
Fee- CM Fee/JLL,Soft Costs
Fee- Development Mgmt,Soft Costs
Fee- Furniture Spec,FF&E + Millwork
Fee- GP IT,Soft Costs
Fee- HOK Reimbursables,Soft Costs
Fee- IPG PM,Soft Costs
Fee- JLL,Soft Costs
Fee- JLL DECOM,FF&E + Millwork
Fee- JLL PDS,Soft Costs
Fee- JLL PM,Soft Costs
Fee- JLL PM Fees,Soft Costs
Fee- JLL PM service,Soft Costs
Fee- JLL Project Management,Soft Costs
Fee- JLL Project Mgmt,Soft Costs
Fee- JLL Sustainability,Soft Costs
"Fee- JLL, 700 Spice",Soft Costs
"Fee- JLL, Change Management",Soft Costs
"Fee- JLL, LIFT",Soft Costs
"Fee- JLL, LIFT Fee",Soft Costs
"Fee- JLL, Managed Principal",Soft Costs
"Fee- JLL, PDS",Soft Costs
"Fee- JLL, PDS, Project Management",Soft Costs
"Fee- JLL, PM",Soft Costs
"Fee- JLL, PM LIFT",Soft Costs
"Fee- JLL, PM Variable",Soft Costs
"Fee- JLL, Project",Soft Costs
"Fee- JLL, Project Management",Soft Costs
"Fee- JLL, Project Manager",Soft Costs
"Fee- JLL, RPM (Variable)",Soft Costs
"Fee- JLL, RPM LIFT",Soft Costs
"Fee- JLL, non-project",Soft Costs
"Fee- JLL, project",Soft Costs
"Fee- JLL, project & Reimbursables",Soft Costs
"Fee- JLL, project (2.5% of Total Construction Cost)",Soft Costs
"Fee- JLL, project (LL Cost)",Soft Costs
"Fee- JLL, project (NTE - hourly billing)",Soft Costs
"Fee- JLL, project (PwC Cost)",Soft Costs
"Fee- JLL, project - Base Scope",Soft Costs
"Fee- JLL, project - DD through CA",Soft Costs
"Fee- JLL, project - LABOR",Soft Costs
"Fee- JLL, project - Phase1",Soft Costs
"Fee- JLL, project - SCIF",Soft Costs
"Fee- JLL, project - through SD",Soft Costs
"Fee- JLL, project_Admin",Soft Costs
Fee- JLL; Valuation & Advisory Services,Soft Costs
Fee- JLL; project,Soft Costs
Fee- JLL| PDS,Soft Costs
Fee- JLL| PM Variable,Soft Costs
Fee- JLL| project,Soft Costs
Fee- LIFT,Soft Costs
Fee- LIFT - PM Fee,Soft Costs
Fee- LIFT Fee,Soft Costs
Fee- LIFT Platform Fee,Soft Costs
"Fee- LIFT, PM",Soft Costs
"Fee- LIFT, PM Overhead",Soft Costs
Fee- Owner's Representative (JLL),Soft Costs
Fee- Project Management Services - (JLL),Soft Costs
Fee- USGBC,Soft Costs
Fee- USGBC + Fitwell,Soft Costs
Fee-JLL PjM,Soft Costs
"Fee-JLL, Autocad",Soft Costs
"Fee-JLL, Project",Soft Costs
Fee/Insurance/OH,Soft Costs
Fees,Soft Costs
Fees - JLL Reimbursables,Soft Costs
Fees - Reimbursables,Soft Costs
Fees 1,Soft Costs
Fence,Uncategorized
Fences,Uncategorized
Fencing,Uncategorized
Fencing (Direct Export),Uncategorized
Fencing (Palmers Iron Fence),Uncategorized
Fencing - Sliding Manuel Gates,Uncategorized
Fencing - State Wide,Uncategorized
Fencing Reimbursables (Direct Export),Soft Costs
Fencing/Gates,Uncategorized
Fiber and/or Copper Backbone,Uncategorized
Fiber to light poles,Uncategorized
"Fiber, DMARC, MISC, Patch Cables",Uncategorized
"Fiber, DMARC,MISC",Uncategorized
Fiber/DMARC/Misc,Uncategorized
Field Survey/ BIM Modeling,Soft Costs
Field Verification,Construction
File Cabinets,Uncategorized
Filing & Permit Fees,Soft Costs
Filing Cabinets,Uncategorized
Filing Fee (1.5% of Construction Fee),Soft Costs
Filing Fees,Soft Costs
Filing Fees & Building Permits,Soft Costs
Filing Fees / Permits,Soft Costs
Filing and Permit Fees,Soft Costs
Filing fees,Soft Costs
Filling & Permit Fees,Soft Costs
Film Removal - Medallion,Uncategorized
Final Clean,Uncategorized
Final Clean by Firmenich,Uncategorized
Final Cleaning,Construction
Final Cleaning (ALLOWANCE),Construction
Final Cleaning (Alliance Maintenance),Construction
Final Cleaning - New Location (included in Construction),Construction
Final Decom (OLS),FF&E + Millwork
Final Deep Post-Construction Cleaning,Construction
Final completion of New Furbishment works,Uncategorized
Finance support,Uncategorized
Finance/Carry Costs,Uncategorized
Financial Review/Audit,Uncategorized
Financing,Uncategorized
Financing - Construction Loan Interest,Construction
Financing - Equity Finance,Uncategorized
Financing - Equity Placement Fee,Soft Costs
Financing - Financing Brokerage Fees,Soft Costs
Financing - Guarantor Fee,Soft Costs
Financing - Interest Cap,Uncategorized
Financing - Loan Deposit,Uncategorized
Financing - Loan Origination Fee,Soft Costs
Financing - Loan Refund,Uncategorized
Financing - Loan Service Fee,Soft Costs
Financing - Loan Underwriting Fee,Soft Costs
Financing - Misc Costs,Uncategorized
Financing - Title Updates,Soft Costs
Financing Costs,Uncategorized
Financing Extension,Uncategorized
Financing Origination Fees,Soft Costs
Fine Art,FF&E + Millwork
Finish Carpentry,Construction
Finish Materials & Millwork - Owner Purchased,FF&E + Millwork
Finish Materials/Methods- ADA WC & Corridor upgrades,Uncategorized
Finish Out Construction,Construction
Finishes,Construction
"Finishes (Flooring, Walls).",Construction
Finishes Labor,Construction
Finishes Material,Construction
Fire / Smoke Protection,Construction
Fire Alarm,Construction
Fire Alarm Consultant,Soft Costs
Fire Alarm Contractor,Construction
"Fire Alarm, Sprinkler & Suppression Systems",Construction
Fire Detection & Alarms,Construction
Fire Detection & Fire Alarm System,Construction
Fire Detection Design,Construction
Fire Engineer - SA Comunale,Soft Costs
Fire Equipment,FF&E + Millwork
Fire Hydrant Flow Test & Water Supply Evaluation,Construction
Fire Life Safety,Construction
Fire Life Safety (FLS),Construction
Fire Panel,Construction
Fire Patching / EJ Allowance,Construction
Fire Proofing,Construction
Fire Protection,Construction
Fire Protection (Sprinkler),Construction
Fire Protection - Extinguishers,Construction
Fire Protection Consultant,Soft Costs
Fire Protection Spec,Construction
Fire Protection Specialties,Construction
Fire Protection Suppression,Construction
Fire Protection Systems,Construction
Fire Protection/Specialties,Construction
Fire Protection/Suppression,Construction
Fire Sprinkler,Construction
Fire Suppression,Construction
Fire Suppression (Fire Sprinklers),Construction
Fire Suppression - Sprinklers,Construction
Fire Suppression Design,Construction
Fire Suppression System,Construction
Fire Suppression System Replacement,Construction
Fire Suppression- Equipment,FF&E + Millwork
Fire Suppression/Sprinklers,Construction
Fire Watch,Construction
Fire Watch - MG Security,FF&E + Millwork
Fire Watch - Mulligan,Construction
Fire Watch Allowance,Construction
Fire/Life/Safe Labor,Uncategorized
Fire/Life/Safe Mat.,Uncategorized
Fire/Smoke Protection,Uncategorized
Fireproof (ALLOWANCE),Construction
Fireproofing,Construction
Firewall,Uncategorized
Firewalls,Construction
First Aid / AED / Medical Equipment,FF&E + Millwork
First Chemical Inventory TBD,Uncategorized
Fisher Architect - Permits,Soft Costs
Fit & Finish,Uncategorized
Fit Out  Contingency,Construction
Fit Out Cost,Construction
Fit Out Cost | Draft CAR Value - GRE CAP,Construction
Fit Out cost | Approved CAR Value - GRE CAP,Construction
Fit and Finish,Uncategorized
Fitness Center Construction/Locker Rooms Rework,Construction
Fitness Center Equipment,FF&E + Millwork
Fitness Equipment,FF&E + Millwork
Fitness Equipment - ProSource,FF&E + Millwork
Fitness equip and design LI,Soft Costs
Fitout Costs,Construction
Fixture Install - 12600,Uncategorized
Fixtures,Uncategorized
Fixtures-Exp,Uncategorized
Flat Panel Monitors and Presentation Equipment,FF&E + Millwork
Fleet Water,Uncategorized
Flood Brothers,Uncategorized
Floor Finishes,Construction
Floor Prep,Construction
Floor penetrations,Construction
Flooring,Construction
Flooring & Tile,Construction
Flooring (Carpet & Base),FF&E + Millwork
Flooring (Sacco),Construction
Flooring (See Landlord Above),Construction
Flooring - 9650,Construction
Flooring - Carpet,FF&E + Millwork
Flooring - Hard Tile,Construction
Flooring - Maint,Construction
Flooring - Maint - Phase 2,Soft Costs
Flooring - Other,Construction
Flooring - Phase 1,Soft Costs
Flooring - Preparation,Construction
Flooring - Preparation (ALLOWANCE),Construction
Flooring - Resilient,Construction
Flooring - Stone,Construction
Flooring 1,Construction
Flooring Installation,Construction
Flooring Resilient,Construction
Flooring VCT / Wood,Construction
Flooring Work (Replace Carpet Flooring/Base),FF&E + Millwork
Flooring/ Carpet,FF&E + Millwork
Floors 9-17 Landlord Work,Uncategorized
Florida Sales tax,Construction
Fluid - Furn Mothers room,Uncategorized
Folio - Architect,Soft Costs
Food Consultant,Soft Costs
Food Service Consultant,Soft Costs
Food Service Consultant - JDB,Soft Costs
Food Service Design,Uncategorized
Food Service Equip (Cimbali),Uncategorized
Food Service Equipment,FF&E + Millwork
Food Service Equipment & Install,FF&E + Millwork
Food Truck Pad,Uncategorized
Football Field Equipment,FF&E + Millwork
Football General Operations,Uncategorized
Forklift,Uncategorized
Forklift/Scissor Lift Rental,Uncategorized
Four Seasons Fees,Soft Costs
Fowling - A/V,FF&E + Millwork
Fowling - A/V Systems,FF&E + Millwork
Fowling - Aloha POS Stations,FF&E + Millwork
Fowling - Appliances,FF&E + Millwork
Fowling - Bar Eqpt and Cooler,Uncategorized
Fowling - Bar Equipment,FF&E + Millwork
Fowling - Bar Stools,Uncategorized
Fowling - BevSpot Inventory System,Uncategorized
Fowling - Bonk Honk Horn & Compressor (Mat'l),Construction
Fowling - Bonk Honk Horn System (Mat'l),Uncategorized
Fowling - BottomsUp Beer Dispenser,Uncategorized
Fowling - BottomsUp Beer Dispensers,Uncategorized
Fowling - Camera System & Door Access,Uncategorized
Fowling - Data and AV Cabling,FF&E + Millwork
"Fowling - Data, Security and AV Cabling",FF&E + Millwork
Fowling - Footballs,Uncategorized
Fowling - Fowling Board Bases,Construction
Fowling - Fowling Boards,Uncategorized
Fowling - Furniture,FF&E + Millwork
Fowling - Furniture & ADA Tables,FF&E + Millwork
Fowling - IT & Data Equipment,FF&E + Millwork
Fowling - IT and Data Equipment,FF&E + Millwork
Fowling - Millwork,FF&E + Millwork
Fowling - Mystery Beer Machine,Uncategorized
Fowling - Office Furniture,FF&E + Millwork
Fowling - Office Safe,Uncategorized
Fowling - POS System,FF&E + Millwork
Fowling - Patron Scan System,Uncategorized
Fowling - Pin Deck Tops,Uncategorized
Fowling - Pin Sets,Uncategorized
Fowling - Reservation Tables,FF&E + Millwork
Fowling - Rink Enclosure,Uncategorized
Fowling - Rink Reservation Tables,FF&E + Millwork
Fowling - Security Equipment,FF&E + Millwork
Fowling - Security and Camera Systems,FF&E + Millwork
Fowling - Signage,FF&E + Millwork
Fowling Boards,Uncategorized
Fowling Warehouse Admin Fee,Soft Costs
Framing & Drywall,Construction
"Framing, Drywall and Taping",Construction
Franchise Fee,Soft Costs
Franchise Fee & Owner Tech Fee,Soft Costs
Franchisee - Security/Intrusion System,FF&E + Millwork
Fred Turner ROM,Uncategorized
Freight,Uncategorized
Freight & Other Bldg. Charges - 135 W 50th,Uncategorized
Freight - FF&E,FF&E + Millwork
Freight / Building Fees,Construction
Freight / Elevator Charges,Construction
Freight Elevator Allowance,Construction
Freight Elevator Charges,Construction
"Freight Elevator Charges During: Construction, Furniture Deliveries, Move-in / out",FF&E + Millwork
Freight Elevator Charges: Construction,Construction
Freight Elevator Charges: Furniture and Move-in (Broke out from Freight Elevator Charges for Construction),FF&E + Millwork
Freight Elevator Use,Construction
Freight Use,Uncategorized
Freight elevator,Construction
Freight from Manufacturers,Uncategorized
"Freight, Delivery, Installation, Tax",Uncategorized
Front of House Lighting & Controls Allowance,Construction
Fuel Canopy,Uncategorized
Fuel Tank,Uncategorized
Full Project Contingency,Construction
Full Scope Project Management,Soft Costs
Fulton IT,Uncategorized
Fume Hoods - CFCI,Uncategorized
Funiture,Uncategorized
Furn & Fixtures Exp,Uncategorized
Furn - Ancillary,Uncategorized
"Furn - Systems, Conference Furn",Uncategorized
Furn Reconfig/Box Move,FF&E + Millwork
Furnishings,FF&E + Millwork
Furnishings (BPC002756),FF&E + Millwork
Furnishings - Box Office,FF&E + Millwork
Furnishings - Green Room and Dressing Rooms,FF&E + Millwork
Furnishings - Offices,FF&E + Millwork
Furnishings - WD,FF&E + Millwork
Furnishings - Workspace Development,FF&E + Millwork
Furnishings Allowance,Construction
Furnishings Equipment/Shop,FF&E + Millwork
Furnishings Misc Shelving,FF&E + Millwork
Furnishings and Accessories,FF&E + Millwork
"Furnishings, Art, Plants",FF&E + Millwork
"Furnishings, Window Film, & Artwork",FF&E + Millwork
Furnishings- Lobby Benches and Hightops,FF&E + Millwork
Furniture,FF&E + Millwork
Furniture & Decorative Items,FF&E + Millwork
Furniture & Equipment,FF&E + Millwork
Furniture & Equipment - Furniture,FF&E + Millwork
Furniture & Equipment Decommission,FF&E + Millwork
Furniture & Equipment- Removal,FF&E + Millwork
Furniture & Finishes,FF&E + Millwork
Furniture & Fixtures,FF&E + Millwork
Furniture & Fixtures - Collaboration Furniture,FF&E + Millwork
Furniture & Fixtures - Workstation Modifications,FF&E + Millwork
Furniture & Fixtures - Workstation Mods,FF&E + Millwork
Furniture & Fixtures Contingency,FF&E + Millwork
Furniture & Fixtures Moves,FF&E + Millwork
Furniture & Fixtures Total,FF&E + Millwork
Furniture & Lockers,FF&E + Millwork
Furniture & Moving,FF&E + Millwork
Furniture & Pack Assistance,FF&E + Millwork
Furniture & Relo,FF&E + Millwork
Furniture & Signage,FF&E + Millwork
Furniture & Storage,FF&E + Millwork
Furniture ($1000 & Under),FF&E + Millwork
Furniture ($12K ACMI/West Elm/Retrofit; $8K Appliances; $1.5K Misc),FF&E + Millwork
Furniture (AFD),FF&E + Millwork
Furniture (American Office),FF&E + Millwork
"Furniture (Ancillary only. Remainder in ""Construction"")",FF&E + Millwork
Furniture (Ancillary),FF&E + Millwork
Furniture (Based on Waldner's Rev No 8 dated 4.28.23  - (WALDNERS),FF&E + Millwork
Furniture (Branches),FF&E + Millwork
Furniture (COI Re-purpose Glass Partitions),FF&E + Millwork
Furniture (Capri),FF&E + Millwork
Furniture (CofCo),FF&E + Millwork
Furniture (Confirmed All Invoices Received),FF&E + Millwork
Furniture (David Lucido),FF&E + Millwork
Furniture (Delivery) (Planters),FF&E + Millwork
Furniture (Design time),FF&E + Millwork
"Furniture (F&I, delivery, taxes)",FF&E + Millwork
Furniture (Included with 4.1 Furniture Cost),FF&E + Millwork
Furniture (Includes art),FF&E + Millwork
Furniture (L3),FF&E + Millwork
Furniture (Major Build),FF&E + Millwork
Furniture (Misc. Day 2),FF&E + Millwork
Furniture (New Desks),FF&E + Millwork
"Furniture (Office, workstations, loose)",FF&E + Millwork
"Furniture (Private Offices, Workstations, Conf, Rooms, Seating, Filing, Pantry, Reception, Showroom)",FF&E + Millwork
Furniture (Reconfigure/Move Existing),FF&E + Millwork
Furniture (Rental & storage),FF&E + Millwork
Furniture (Systems and Ancillary),FF&E + Millwork
Furniture (The Collective),FF&E + Millwork
Furniture (expense),FF&E + Millwork
Furniture (incl Design & PM time),FF&E + Millwork
"Furniture (incl. Ancillary, Reception Desk, PO, WS, Task, Lockers) (WB Wood)",FF&E + Millwork
Furniture (new - 8th floor),FF&E + Millwork
Furniture (new),FF&E + Millwork
Furniture (storage),FF&E + Millwork
Furniture -,FF&E + Millwork
Furniture - 2nd Floor (RSFi),FF&E + Millwork
Furniture - 4 desks and chairs,FF&E + Millwork
Furniture - 803 & 807 Workpointe,FF&E + Millwork
Furniture - 865 Chipman,FF&E + Millwork
Furniture - ALL New,FF&E + Millwork
Furniture - ANCILLARY II,FF&E + Millwork
Furniture - AWC,FF&E + Millwork
Furniture - Additional,FF&E + Millwork
Furniture - All,FF&E + Millwork
Furniture - All-Inclusive,FF&E + Millwork
Furniture - Ancillary,FF&E + Millwork
Furniture - Ancillary & Workstation,FF&E + Millwork
Furniture - Ancillary & Workstations,FF&E + Millwork
Furniture - Ancillary (Office Works),FF&E + Millwork
Furniture - Ancillary and Workstations,FF&E + Millwork
Furniture - Arenson,FF&E + Millwork
Furniture - Arenson Furniture,FF&E + Millwork
Furniture - Base Contract,FF&E + Millwork
Furniture - Better Source,FF&E + Millwork
Furniture - CAP,FF&E + Millwork
Furniture - CAP (moving),FF&E + Millwork
Furniture - CAP WD,FF&E + Millwork
Furniture - CB only,FF&E + Millwork
Furniture - CFS,FF&E + Millwork
Furniture - CFS / Greenbaum,FF&E + Millwork
Furniture - COI,FF&E + Millwork
Furniture - Casegoods,FF&E + Millwork
Furniture - Casework,FF&E + Millwork
Furniture - Catalyst,FF&E + Millwork
Furniture - Chairs,FF&E + Millwork
Furniture - Clinical Space,FF&E + Millwork
Furniture - Conf. Rm.,FF&E + Millwork
Furniture - Conference Room/Ancillary Relocation,FF&E + Millwork
Furniture - Conference Rooms,FF&E + Millwork
Furniture - Continental,FF&E + Millwork
Furniture - Contingency,FF&E + Millwork
Furniture - Credenza's,FF&E + Millwork
Furniture - Cubes (1560),FF&E + Millwork
Furniture - Decommission (OWP),FF&E + Millwork
Furniture - Demountable Partitions,FF&E + Millwork
Furniture - Design & PM time,FF&E + Millwork
Furniture - Design Fees,FF&E + Millwork
Furniture - Design time,FF&E + Millwork
Furniture - Design time & new product,FF&E + Millwork
Furniture - EXP,FF&E + Millwork
Furniture - Environments,FF&E + Millwork
Furniture - EvensonBest,FF&E + Millwork
Furniture - Existing,FF&E + Millwork
Furniture - Exp,FF&E + Millwork
Furniture - Exp All 7.1,FF&E + Millwork
Furniture - Exp BH,FF&E + Millwork
Furniture - Floor 6,FF&E + Millwork
Furniture - Floor 7,FF&E + Millwork
Furniture - Fluid,FF&E + Millwork
Furniture - Freight,FF&E + Millwork
Furniture - General Offices,FF&E + Millwork
Furniture - Guest Room,FF&E + Millwork
Furniture - IE,FF&E + Millwork
"Furniture - Innovation Hub, Control Center",FF&E + Millwork
Furniture - Inside Source,FF&E + Millwork
Furniture - Insidesource,FF&E + Millwork
Furniture - Interior Environments,FF&E + Millwork
Furniture - Inventory & Storage (OWP),FF&E + Millwork
Furniture - Lab Stools,FF&E + Millwork
Furniture - Labor,FF&E + Millwork
Furniture - Lane Office,FF&E + Millwork
Furniture - Leased,FF&E + Millwork
Furniture - Lobby,FF&E + Millwork
Furniture - MOI,FF&E + Millwork
Furniture - Miscellaneous (1032),FF&E + Millwork
Furniture - Miscellaneous (Storage),FF&E + Millwork
Furniture - Model Room,FF&E + Millwork
Furniture - Monitor Arms,FF&E + Millwork
Furniture - NEW,FF&E + Millwork
Furniture - NRH PT,FF&E + Millwork
Furniture - New,FF&E + Millwork
Furniture - New (Mid-City),FF&E + Millwork
Furniture - New (Workplace Elements),FF&E + Millwork
Furniture - OEI,FF&E + Millwork
Furniture - OWP design time,FF&E + Millwork
Furniture - Office & Workstations,FF&E + Millwork
Furniture - Office Chairs,FF&E + Millwork
Furniture - Office/Conference Chairs (Alianza),FF&E + Millwork
Furniture - Offices / Ancillary / Conference (OWP),FF&E + Millwork
Furniture - Other,FF&E + Millwork
Furniture - Ourdoor,FF&E + Millwork
Furniture - Owner,FF&E + Millwork
Furniture - Owner LI,FF&E + Millwork
Furniture - Partial 5th Floor,FF&E + Millwork
Furniture - PeopleSpace,FF&E + Millwork
Furniture - Phase 1,FF&E + Millwork
Furniture - Phase 1 Storage,FF&E + Millwork
Furniture - Phase 2,FF&E + Millwork
Furniture - Phase 2A,FF&E + Millwork
Furniture - Phase 2B,FF&E + Millwork
Furniture - Phase 3,FF&E + Millwork
Furniture - Phase I,FF&E + Millwork
Furniture - Power Hub/Module,FF&E + Millwork
Furniture - Price Modern,FF&E + Millwork
Furniture - Private Offices,FF&E + Millwork
Furniture - Product,FF&E + Millwork
Furniture - Public Space - Original Budget,FF&E + Millwork
Furniture - Quill Task Chairs,FF&E + Millwork
Furniture - Reception,FF&E + Millwork
Furniture - Reception (1596),FF&E + Millwork
Furniture - Red Thread,FF&E + Millwork
Furniture - Slotted Screen,FF&E + Millwork
Furniture - Staples,FF&E + Millwork
Furniture - Symbiote Benches (LabDesign),FF&E + Millwork
Furniture - Systems/Office,FF&E + Millwork
Furniture - TWO,FF&E + Millwork
Furniture - Total Budget,FF&E + Millwork
Furniture - Trading Desks,FF&E + Millwork
Furniture - Training,FF&E + Millwork
Furniture - Used,FF&E + Millwork
Furniture - Waldners,FF&E + Millwork
Furniture - Work Station,FF&E + Millwork
Furniture - Workspace Development,FF&E + Millwork
Furniture - Workstation Decommissioning,FF&E + Millwork
Furniture - Workstations,FF&E + Millwork
Furniture - Workstations  (Pivot),FF&E + Millwork
Furniture - Workstations & Private Offices,FF&E + Millwork
Furniture - Workstations & Relocations,FF&E + Millwork
Furniture - Workstations Relocation,FF&E + Millwork
Furniture - Workstations and Ancillary,FF&E + Millwork
"Furniture - Workstations, Conf Rooms, Ofcs, Wire Management",FF&E + Millwork
Furniture - Workstations/Ancillary,FF&E + Millwork
Furniture - from Zachys Budget,FF&E + Millwork
Furniture - new,FF&E + Millwork
Furniture - new desks,FF&E + Millwork
Furniture - reception desk only,FF&E + Millwork
Furniture - specialty/café/daycare areas,FF&E + Millwork
Furniture - used from storage,FF&E + Millwork
Furniture -ancillary PO-298632,FF&E + Millwork
Furniture / Delivery / Installation,FF&E + Millwork
Furniture / FF&E Installation,FF&E + Millwork
Furniture / Miscellaneous,FF&E + Millwork
Furniture / Personnel Relocation,FF&E + Millwork
Furniture 19/20- CRI,FF&E + Millwork
Furniture Allowance,FF&E + Millwork
Furniture Assessment & Relocation - TBD,FF&E + Millwork
Furniture Budget,FF&E + Millwork
Furniture Contingency,FF&E + Millwork
Furniture Contingency (10%),FF&E + Millwork
Furniture Cost,FF&E + Millwork
Furniture Dancker relo,FF&E + Millwork
Furniture Decom,FF&E + Millwork
Furniture Decom/Relocate - CFI,FF&E + Millwork
Furniture Decom/Removal/Relocate (OFW),FF&E + Millwork
Furniture Decom/broom clean,FF&E + Millwork
Furniture Decommission & Move,FF&E + Millwork
Furniture Decommissioning,FF&E + Millwork
Furniture Demo - WC,FF&E + Millwork
Furniture Design,FF&E + Millwork
Furniture Design & Coordination,FF&E + Millwork
Furniture Design / Specifications / Procurement,FF&E + Millwork
Furniture Design Fee,FF&E + Millwork
Furniture Design Fees,FF&E + Millwork
"Furniture Design, Procurement, and CA",FF&E + Millwork
Furniture Design/PM,FF&E + Millwork
Furniture Disassembly & Removal - OWP/Splice,FF&E + Millwork
Furniture Disposal,FF&E + Millwork
Furniture Elec. & Data Disconnects - 135 W 50th,FF&E + Millwork
Furniture Electrical & Data Disconnects,FF&E + Millwork
Furniture Equipment (ORI),FF&E + Millwork
Furniture Fees,FF&E + Millwork
Furniture Install,FF&E + Millwork
"Furniture Install, Move & Opening Support",FF&E + Millwork
Furniture Installation,FF&E + Millwork
Furniture Install| Move & Opening Support,FF&E + Millwork
Furniture Inventory,FF&E + Millwork
Furniture Knockdown/Install,FF&E + Millwork
Furniture Liqudation,FF&E + Millwork
Furniture Liquidation,FF&E + Millwork
Furniture Management Consultant,FF&E + Millwork
Furniture Mock-ups,FF&E + Millwork
Furniture Modifications - Cofco,FF&E + Millwork
Furniture Move,FF&E + Millwork
Furniture Move and Storage (PMC),FF&E + Millwork
Furniture Moves,FF&E + Millwork
Furniture Moving and Reconfiguration,FF&E + Millwork
Furniture NEW,FF&E + Millwork
Furniture New,FF&E + Millwork
Furniture New (FT),FF&E + Millwork
Furniture Order (Lease),FF&E + Millwork
Furniture Other Own,FF&E + Millwork
Furniture Package,FF&E + Millwork
Furniture Packages,FF&E + Millwork
Furniture Phase I,FF&E + Millwork
Furniture Planning,FF&E + Millwork
Furniture Procurement,FF&E + Millwork
Furniture Procurement Services,FF&E + Millwork
Furniture Product,FF&E + Millwork
Furniture Product & Install,FF&E + Millwork
Furniture Project Management,FF&E + Millwork
Furniture Purchasing Consultant - Wave,FF&E + Millwork
Furniture Rebate,FF&E + Millwork
Furniture Reconfig,FF&E + Millwork
Furniture Reconfig/Box Move,FF&E + Millwork
Furniture Reconfiguration,FF&E + Millwork
Furniture Refurb,FF&E + Millwork
Furniture Refurbish,FF&E + Millwork
Furniture Refurbishment,FF&E + Millwork
Furniture Reinstallation/Removal Costs,FF&E + Millwork
Furniture Relo & Move,FF&E + Millwork
Furniture Relocation,FF&E + Millwork
Furniture Relocation Cost,FF&E + Millwork
Furniture Relocation Fees,FF&E + Millwork
"Furniture Relocation, New/Existing Cubes/Workstations",FF&E + Millwork
Furniture Removal,FF&E + Millwork
Furniture Removal / Storage,FF&E + Millwork
Furniture Removal/Disposal,FF&E + Millwork
Furniture Rental,FF&E + Millwork
Furniture Repair/Refurb,FF&E + Millwork
Furniture Sales,FF&E + Millwork
Furniture Sales Tax Oakland,FF&E + Millwork
Furniture Selection - PDR,FF&E + Millwork
Furniture Selection / Specification,FF&E + Millwork
Furniture Selection/Specification - CRTKL,FF&E + Millwork
Furniture Spec & Procurement,FF&E + Millwork
Furniture Spec / Procurement,FF&E + Millwork
Furniture Spec Procurement,FF&E + Millwork
Furniture Spec/ Procurement,FF&E + Millwork
Furniture Spec/Procurement,FF&E + Millwork
Furniture Specification,FF&E + Millwork
Furniture Specification & Procurement,FF&E + Millwork
Furniture Specification and Procurement,FF&E + Millwork
Furniture Specs and Inventory,FF&E + Millwork
Furniture Storage,FF&E + Millwork
Furniture Storage & Refurbish,FF&E + Millwork
Furniture Systems,FF&E + Millwork
Furniture Tax,FF&E + Millwork
Furniture Tax (10%),FF&E + Millwork
Furniture Temp Storage,FF&E + Millwork
Furniture Vendor,FF&E + Millwork
Furniture Vendor - WPS (LIFT),FF&E + Millwork
Furniture Walls (Moved to General Construction),FF&E + Millwork
Furniture and Lab Moving Costs,FF&E + Millwork
Furniture and fixtures | Approved CAR Value - CAP,FF&E + Millwork
Furniture and soft seating,FF&E + Millwork
Furniture clear & clean out,FF&E + Millwork
Furniture disposal,FF&E + Millwork
Furniture fixes,FF&E + Millwork
Furniture for Phase 1 and 2 - Evenson Best,FF&E + Millwork
Furniture move,FF&E + Millwork
Furniture relo & disposal,FF&E + Millwork
Furniture removal/disposal,FF&E + Millwork
Furniture storage,FF&E + Millwork
Furniture to Clearwater,FF&E + Millwork
Furniture | Approved CAR Value - GRE CAP,FF&E + Millwork
Furniture | Approved CAR value - GRE CAP,FF&E + Millwork
"Furniture, Danker, Steelcase",FF&E + Millwork
"Furniture, Decor, Art - Lobby & Lounge / Bar - Preliminary",FF&E + Millwork
"Furniture, Décor, Art - Lobby & Lounge/ Bar",FF&E + Millwork
"Furniture, FIxtures & Equipment",FF&E + Millwork
"Furniture, Fit and Finish",FF&E + Millwork
"Furniture, Fixtures & Equipment",FF&E + Millwork
"Furniture, Fixtures & Equipment (68000 / 68655)",FF&E + Millwork
"Furniture, Fixtures and Warehouse Equipment",FF&E + Millwork
"Furniture, Fixtures, Equipment",FF&E + Millwork
"Furniture, Furnishing and Equipment",FF&E + Millwork
"Furniture, b",FF&E + Millwork
Furniture- Evenson's Best,FF&E + Millwork
Furniture- FFE,FF&E + Millwork
Furniture- Mat'l & Labor,FF&E + Millwork
Furniture- Price Modern,FF&E + Millwork
Furniture-Back Office,FF&E + Millwork
Furniture-Leased,FF&E + Millwork
Furniture-Merchants,FF&E + Millwork
"Furniture-Workstations, Tables & Chairs",FF&E + Millwork
Furniture/Construction Accommodation,FF&E + Millwork
Furniture/Decommissioning,FF&E + Millwork
Furniture/Design/ PM Time,FF&E + Millwork
Furniture/Design/PM time,FF&E + Millwork
Furniture/Equipment Relocation,FF&E + Millwork
Furniture/Fixtures,FF&E + Millwork
Furniture/Fixtures/Equipment,FF&E + Millwork
Furniture/Fixtures/Equipoment,FF&E + Millwork
Furniture/Move (Pacific WRO/Suddath/Mother Lode),FF&E + Millwork
Furniture/Office Equip. - Contingency,FF&E + Millwork
Furniture/Paint/Carpet,FF&E + Millwork
"Furniture/Wall Removal, Decom, Install",FF&E + Millwork
"Furniture: Ancillary (front desk, break, phone, mothers, guest chairs)",FF&E + Millwork
Furniture: Ancillary _ EvensonBest,FF&E + Millwork
Furniture: Conference Room and Private Offices,FF&E + Millwork
Furniture: New,FF&E + Millwork
Furniture: Permanent,FF&E + Millwork
Furniture: Workstation/Office _ Danker,FF&E + Millwork
Furniture| Fixtures| Equipment,FF&E + Millwork
Furniture| b,FF&E + Millwork
Furntiure,FF&E + Millwork
Fusion Fee,Soft Costs
G&A Contingency,Construction
G01 Developer Fee,Soft Costs
G3 - Architectural/MEP/Tech,Soft Costs
GACHINA,Uncategorized
GC  Exist Cond/Demo,Construction
GC #120-198- LEIA Business Case approved,Construction
GC & Soft Services Contingency,Soft Costs
GC - Andersen Construction,Construction
GC Activities,Construction
GC Alternates- Ambassador Construction,Construction
GC Construction Costs,Construction
GC Construction Eagle,Construction
GC Contingency,Construction
GC Contingency & Allowances,Construction
GC Contingency (3%),Construction
GC Contingency Carried (Removed and Held by Owner),Construction
GC Contract,Construction
GC Cost (Sierra Pacific),Construction
GC Cost: VV2 Construction,Construction
GC Fee,Construction
GC Fee (1.95%),Construction
GC Fee - Building Construction,Construction
GC Fee - Cafe,Construction
GC Fee - Ruppert (2023),Construction
GC Fee - S/C,Construction
GC Fee - Swinerton,Construction
GC Fee - TI,Construction
GC Fee-Cafe,Construction
GC Fee-S&C,Construction
GC Fee-S/C,Construction
GC Fee-TI,Construction
GC Fees,Construction
GC GMP Contingency,Construction
GC General Conditions and Fee,Construction
GC Insurance/Permitting No Retainage,Soft Costs
GC Mark-Up,Construction
GC Overhead & Profit,Construction
GC Oversite,Construction
GC Pre-Construction,Construction
GC Preconstruction,Construction
GC Restoration scope,Construction
GC Sitco Contingency,Construction
"GC Soft Costs (GCs, GRs, Fee)",Construction
GC cost: VV1 TI,Construction
GC works,Construction
GC's and Contingency (Bancroft),Construction
GCI - Construction,Construction
GEI,Uncategorized
GEL Insurance,Soft Costs
"GENERAL CONSTRUCTION TRADE COSTS  (Budget based on L & K Budget of 4.10.23 including program changes of $969,940)",Construction
GENERAL TRADES,Uncategorized
GL BRanding,FF&E + Millwork
GL Upgrades by Hero,Uncategorized
GMP - 100% CDs,Construction
GMP Construction,Construction
GMP Contingency,Construction
GMP Expense Construction Cost,Construction
GPS Engineering,Soft Costs
GPS Satellite Extension,Uncategorized
GR Contingency,Construction
GST,Uncategorized
GTA,Uncategorized
GTL - Construction,Construction
GTS,Uncategorized
Game Room (pool table),Uncategorized
Game Room Equipment,FF&E + Millwork
GameChanger Project Contingency,Construction
Gaming Equipment,FF&E + Millwork
Gang Bathrooms,Uncategorized
Garage Construction,Construction
Garbage Removal,Uncategorized
Garden State Sealing - Paving,Uncategorized
Gas Company Meter Allowance,Construction
Gas Utility - UGI,Construction
Gate Expansion Construction Costs,Construction
Gateway,Uncategorized
"Gateway (GWB Patch, Paint, Backing)",Construction
Gateway - Construction,Construction
Gateway Construction,Construction
Gen Cond & Req,Uncategorized
Gen Cond & Req-Addison,Uncategorized
Gen Requirements,Uncategorized
Gen. Construction & Others,Construction
General & Admin Total,Uncategorized
General Administrative Costs,Uncategorized
General Cond & Req,Uncategorized
General Cond-Exp,Uncategorized
General Conditions,Construction
General Conditions & General Requirements,Construction
"General Conditions & General Requirements  (PER APPROVED CM RFP . Includes Pre Const Mgmt Fee $125K & Progress Photos $20K, Accounting Staff $65k and addt'l procurement $285k)",Construction
General Conditions & Requirements,Construction
General Conditions (GC Personnel Cost).,Construction
General Conditions (Indirect Project Costs),Construction
General Conditions / Final Clean,Construction
General Conditions Per,Construction
General Conditions Per  (Item 1 & 5 Gilbane GMP 2221006),Construction
General Conditions and Fees,Construction
"General Conditions, Fee, & Insurances",Soft Costs
"General Conditions, General Requirements, Overhead & Fee",Construction
"General Conditions, Insurance, Fee Estimate",Soft Costs
"General Conditions, OH & P, Insurance",Soft Costs
General Conditions/Fee,Construction
General Conditons,Uncategorized
General Construction,Construction
General Construction (LHI),Construction
General Construction (Pavarini),Construction
General Construction (per floor),Construction
General Construction (see description),Construction
General Construction - Andersen Construction,Construction
General Construction - Heffron,Construction
General Construction - Hyman Bldg,Construction
General Construction - MMG Ortho,Construction
General Construction - NRH PT,Construction
General Construction - Stutzman Services Inc,Construction
General Construction - Tenant Build Out,Construction
General Construction - Tenant Improvements,Construction
General Construction 5th Floor + Mail Room,Construction
General Construction 7th Floor,Construction
General Construction AHU 8,Construction
General Construction Cost,Construction
General Construction Costs,Construction
General Construction Exp,Construction
General Construction Infusion,Construction
General Construction- CAPEX,Construction
General Construction- Security,Construction
General Construction-minus security (division 16),Construction
General Contingency,Construction
General Contractor,Construction
General Contractor (Construction Costs),Construction
General Contractor (Including Design),Construction
General Contractor (Rand),Construction
General Contractor (VSP) - Alston Construction,Construction
General Contractor - 3D Group - Expense,Construction
General Contractor - Alterations/ No-Build Easement,Construction
General Contractor - Benchmark (INVISTA),Construction
General Contractor - Clune,Construction
General Contractor - GMP,Construction
General Contractor - Gateway,Construction
General Contractor - Sierra,Construction
General Contractor - Site Demo,Construction
General Contractor - Trsystate Mechanical,Construction
General Contractor ADI,Construction
General Contractor DB,Construction
General Contractor Dummy Entry,Construction
General Contractor Fee,Construction
General Contractor Total Contract,Construction
General Contractor: CS Builders,Construction
General Contractor: Nason Construction,Construction
General Counsel,Uncategorized
General Demolition/Decommissioning,FF&E + Millwork
General Development,Uncategorized
General Furniture,FF&E + Millwork
General Furniture - L,FF&E + Millwork
General Liability Insurance,Soft Costs
General Mover,FF&E + Millwork
General PBX & Voice Mail Systems,Uncategorized
General PBX & Voicemail System,Uncategorized
General Permit Fees (excluding CCD1) (by Brookfield),Soft Costs
General Portables,FF&E + Millwork
General Project Contingency,Construction
General Project Expense,Uncategorized
General Requirement,Uncategorized
General Requirements,Construction
General Requirements (Protection),Construction
General Requirements (Site Facilities Cost).,Construction
General Support/Business Services,Uncategorized
General Trades,Uncategorized
General construction,Construction
Generator,Uncategorized
Generator Allowance,Construction
Generator Material - Cummins,Construction
Generator Relocation,FF&E + Millwork
Genmab Contingency,Construction
Gensler,Uncategorized
Gensler / AMA Base Scope,Construction
Geo Survey Allowance,Construction
GeoTechnical Engineers,Soft Costs
Geotech,Soft Costs
Geotech Engineering - Phase 1,Soft Costs
Geotech Engineering / Soil Inspections,Soft Costs
Geotechnical,Soft Costs
Geotechnical - Pavetex,Soft Costs
Geotechnical Consultant,Soft Costs
Geotechnical Engineer,Soft Costs
"Geotechnical Investigation, Report & Design",Soft Costs
Geotechnical Peer Review,Soft Costs
Geotechnical/Geostructural Engineer - Schnabel Engineering,Soft Costs
Gerencia de proyecto,Soft Costs
Gettysburg Commercial,Uncategorized
Gift Shop Consultant,Soft Costs
Gift Shop FFE,FF&E + Millwork
Giveback: Furniture Demo & Clean Desk - GWS,FF&E + Millwork
Giveback: General Contractor (Includes Data Cabling) - Various,FF&E + Millwork
Glance - GC,Construction
Glance FF&E,FF&E + Millwork
Glass & Gazing,Construction
Glass & Glazing,Construction
Glass Doors,Construction
Glass Doors / Glazing / Mirrors,Construction
Glass Film,Construction
Glass Film Removal and window tint,Construction
Glass and Glazing,Construction
Glass weather striping allowance,Construction
Glazing,Construction
Gold Coast Fencing,Uncategorized
Golf Simulator,Uncategorized
Grain Bin - Concrete Foundations,Construction
Grain Bin - Electrical,Construction
Grain Bin - Sitework,Construction
Grain Bin Design/Build Construction,Construction
Grain Bin System,Uncategorized
Grand Counsel,Uncategorized
Grand Lobby,Uncategorized
Grand Opening Expenses,Uncategorized
Graphic,Uncategorized
Graphic & Sign Consultant,Soft Costs
Graphic Design - Emphasis Design,Soft Costs
Graphic Removal,Uncategorized
Graphic Wallcovering (RIOT),Uncategorized
Graphics,FF&E + Millwork
Graphics & Branding,FF&E + Millwork
Graphics & Branding & Interior Signage,FF&E + Millwork
Graphics & Branding _ Brand X,FF&E + Millwork
Graphics (Breakroom),FF&E + Millwork
Graphics - 3D Identity,FF&E + Millwork
Graphics - Covered in R&S PO,FF&E + Millwork
Graphics - LMNL/OHOH,FF&E + Millwork
Graphics / Branding,FF&E + Millwork
Graphics / Branding / Art Consultant,FF&E + Millwork
Graphics / Branding / Artwork,FF&E + Millwork
Graphics Designer,FF&E + Millwork
Graphics Package,FF&E + Millwork
Graphics Removal,FF&E + Millwork
Graphics and Signage Consultant,FF&E + Millwork
"Graphics, Branding & Signage",FF&E + Millwork
"Graphics, Signage, Artwork",FF&E + Millwork
"Graphics/Branding (logo, Etc.)",FF&E + Millwork
Graphics/Branding Design,FF&E + Millwork
Graphics/Branding Signage,FF&E + Millwork
Green Wall Cabinet & Surround,Uncategorized
Greenwall,Uncategorized
Grifols Clean Room,Uncategorized
Grinnell Branded Millwork,FF&E + Millwork
Grinnell Branded millwork,FF&E + Millwork
Grommets at Reception,Uncategorized
Guaranty Fee,Soft Costs
Guardhouse,Uncategorized
Guest Chairs,FF&E + Millwork
Guest Printer,Uncategorized
Guestroom + Corridors FF&E,FF&E + Millwork
Guestroom Entertainment Package,Uncategorized
Guestrooms and Corridors GC,Construction
Gym Eqm,Uncategorized
Gym Equipment,FF&E + Millwork
Gym Equipment / Move,FF&E + Millwork
Gym Furniture,FF&E + Millwork
Gym Padding,Uncategorized
Gypsom Drywall Work,Construction
Gypsum Drywall/Stucco/Weatherproofing,Construction
H01 Capitalized Interests,Uncategorized
H02 Operating Losses During Leaseup,Uncategorized
HARD COST CONTINGENCY,Construction
HARD COSTS,Construction
HAZMAT,Uncategorized
HAZMAT Testing (NAL),Soft Costs
HBUS Branch Decom,FF&E + Millwork
HC  (Demo/Interior General/MEP/Gen Conditions),Uncategorized
HC & Owner Contingency- OPx,Construction
HC + SC Contingency,Construction
HC Change Order Allowance,Construction
HC Construction Contingency,Construction
HC Cont -Owner 4,Uncategorized
"HC Cont- owners, all",Uncategorized
HC Cont-Risks/Allow,Uncategorized
HC Contingency,Construction
HC Contingency  (FIXED),Construction
HC Contingency  IT Equip,Construction
HC Contingency (10% of $5 mil Hard Cost Budget) - ALLOWANCE,Construction
HC Contingency (10%),Construction
HC Contingency (15%),Construction
HC Contingency (5%),Construction
HC Contingency (Goodman),Construction
HC Contingency (Owner Contingency),Construction
HC Contingency (Owner's),Construction
HC Contingency (Owner),Construction
"HC Contingency (did not use $22,724)",Construction
HC Contingency (did not use),Construction
HC Contingency (~3%),Construction
HC Contingency *,Construction
HC Contingency + Escalation,Construction
HC Contingency - 10%,Construction
HC Contingency - 10% Construction Cost,Construction
HC Contingency - 5%,Construction
HC Contingency - 5% of Hard and Soft,Soft Costs
HC Contingency - 8%,Construction
HC Contingency - Change Orders,Construction
HC Contingency - Construction 6%,Construction
HC Contingency - JTM,Construction
HC Contingency - Other,Construction
HC Contingency - Owner,Construction
HC Contingency - Owner (OneStream),Construction
HC Contingency - Owner Held Contingency,Construction
HC Contingency - SCIF,Construction
HC Contingency - Tenant ALT Construction,Construction
HC Contingency - Unused,Construction
HC Contingency - Within CCI's GMP,Construction
HC Contingency -MCD,Construction
HC Contingency -Owner,Construction
HC Contingency -Owner 1,Construction
HC Contingency -Owner 2,Construction
HC Contingency -Owner- CAPx,Construction
HC Contingency / Change Orders,Construction
HC Contingency 10%,Construction
HC Contingency 5%,Construction
HC Contingency @5%,Construction
HC Contingency EXP,Construction
HC Contingency Phase 2,Construction
HC Contingency Phase 3,Construction
HC Contingency and construction,Construction
"HC Contingency, owners",Construction
HC Contingency- Change Orders,Construction
HC Contingency- GMP Split,Construction
HC Contingency- Other,Construction
HC Contingency- Other 1,Construction
HC Contingency- Other 2,Construction
HC Contingency- Overtime/Acceleration,Construction
HC Contingency: Bldg F and Lot G - Greek Development,Construction
HC Contingency_Admin,Construction
HC GC Fees,Construction
HC Owner Contingency,Construction
HC for support Organon Validation,Uncategorized
HCAi Permits/Fees,Soft Costs
HCS Self Perform (Non-Gen.Cons) - Construction,Construction
HD Filing,Uncategorized
HGI -Fire protection consultants,Soft Costs
HITT GMP Cost,Construction
HLW - Architect - Building Due Diligence Part I,FF&E + Millwork
HLW Architect - Building 1 Loading Dock Design,Soft Costs
HP IT - Voice/Data/AV,Uncategorized
HP IT internal transfer funds,Uncategorized
HPI - Project Management Fee,Soft Costs
HQ Shipping,Uncategorized
HSE,Uncategorized
HSIA,Uncategorized
HST,Uncategorized
HT Panel,Uncategorized
HUGS Scope Changes,Uncategorized
HVAC,Construction
HVAC (CLOSED BOOK - ALL INCLUDED),Construction
HVAC (Supply and Installation),Construction
HVAC - Exist,Construction
HVAC Contingency - Capex,Construction
HVAC Contingency - Opex,Construction
HVAC Controls,Construction
HVAC Controls: Johnson Controls Inc. [3708149-OP-4797420316],Construction
HVAC Controls: LCS Inc. [3708153-OP-4797420316],Construction
HVAC Demo,Construction
HVAC Demo Alternative #1,Construction
HVAC Demo Alternative #2,Construction
HVAC Demo Alternative #3,Construction
HVAC Design,Construction
HVAC Equip - Freezer/Cooler,Construction
HVAC Equip - General Warehouse & Office,Construction
HVAC Equipment,FF&E + Millwork
HVAC Equipment & Electrical: EMCOR [3708145-OP-4797420316],FF&E + Millwork
"HVAC Equipment ( 3 reuse + 5 new heat pump boxes, distribution)",FF&E + Millwork
HVAC Equipment - Envise,FF&E + Millwork
HVAC Equipment - Murphy Company,FF&E + Millwork
HVAC Equipment Allowance,Construction
HVAC Refresh,Construction
HVAC Replacement,Construction
HVAC System - Alliance,Construction
HVAC Test/Balancing,Construction
HVAC Upgrades (DDC Controls),Construction
Haggerty - Insulation,Construction
Halcon Table + Installation,Uncategorized
Hall A Exchange,Uncategorized
Hall Concessions,Uncategorized
Hall of Fame Club,Uncategorized
Handover- Client and IFM Approval,Uncategorized
Hard & Soft Contingency,Soft Costs
Hard Connect - IT,Uncategorized
Hard Construction (Target),Construction
Hard Construction - A-to-Z,Construction
Hard Construction - Alternates,Construction
Hard Construction Contingency,Construction
Hard Construction Cost,Construction
Hard Cost,Construction
Hard Cost - Construction (Unity),Construction
Hard Cost - Demo (Bestway),Construction
Hard Cost - Electrical -(Horan),Construction
Hard Cost - Non Permit Items L&K,Soft Costs
Hard Cost - Permit Items,Soft Costs
Hard Cost - Plumbing (Webster),Construction
Hard Cost - uMetal & Kitchen,Construction
Hard Cost Allowance,Construction
Hard Cost Contingecy,Construction
Hard Cost Contingency,Construction
Hard Cost Contingency (10%),Construction
Hard Cost Contingency (Owner's Contingency),Construction
Hard Cost Contingency - 10%,Construction
Hard Cost Contingency - 5%,Construction
Hard Cost Contingency @ 10%,Construction
Hard Cost Contingency @ 5%,Construction
Hard Costs,Construction
Hard Costs + LVT Flooring,Construction
Hard Costs - Apartment,FF&E + Millwork
Hard Costs - Construction,Construction
Hard Costs - Electrical Contractor,Construction
Hard Costs - Escalation and Contingency,Construction
Hard Costs - Fire Alarm (Horan/Automated),Construction
Hard Costs - Mechanical Equipment,FF&E + Millwork
Hard Costs - Other,Construction
Hard Costs - Other 1,Construction
Hard Costs - Permit Fees,Soft Costs
Hard Costs - Roofing (Temptime contracted / LL)),Construction
Hard Costs - S&C,Construction
Hard Costs - TI,Construction
Hard Costs Cap,Construction
Hard Costs Contingency,Construction
Hard Costs Contingency (10%),Construction
Hard Costs Sales Tax,Construction
Hard Costs Total - (Construction),Construction
Hard Costs | Approved CAR Value - GRE CAP,Construction
Hard Costs | Approved CAR Value - GRE One-Time EXP,Construction
Hard Costs – CAP,Construction
Hard Costs – Temptime purchased RTU,Construction
Hard Flooring (Mosaic/ FOH Stone),Construction
Hardscape,Uncategorized
Hardware,Uncategorized
Hardware - Wifi,Uncategorized
Hargis - Security & Telecom,FF&E + Millwork
Harris Internal Costs,Uncategorized
Haz Mat Abatement,Uncategorized
Haz Mat Survey,Soft Costs
Haz-mat - inspection/ testing,Soft Costs
Hazardous Material Abatement,Construction
Hazardous Material Design,Construction
Hazardous Material Testing,Construction
"Hazardous Materials Survey's, Design, and Monitoring",Soft Costs
Hazardous Waste Removal,Uncategorized
Hazmat & Asbestos Abatement,Uncategorized
Hazmat/Asbestos Abat,Uncategorized
Hazmat/Asbestos Abatement,Uncategorized
HeadCount,Uncategorized
Health & Fitness Equipment (00011 / 41017),FF&E + Millwork
Heat Kits,Uncategorized
Heat Strips,Uncategorized
Heathcare Licenses,Uncategorized
Heating - HB McClure,Construction
"Heating, Ventilating, and Air Conditioning (HVAC)",Construction
High Density Storage System,FF&E + Millwork
High-Top Table,Uncategorized
HighPoint Fee,Soft Costs
Highwall Signage,FF&E + Millwork
Highwall Signage - Fab & Install,FF&E + Millwork
Hill-Rom,Uncategorized
Hillsborough 2nd and 3rd floor - 70 units,Construction
Hillsborough 2x2 - 36 units,Uncategorized
Hilton OnQ System,Uncategorized
Hoarding Graphics,FF&E + Millwork
Hoists/Cranes,Uncategorized
Hoists/Cranes - Relocation,FF&E + Millwork
Hollow Metal & Hardware,Uncategorized
Horiz. Cabling-CommCabl,FF&E + Millwork
Horizontal Cabling,FF&E + Millwork
Hositway Cleaning,Uncategorized
Hospital Equipment,FF&E + Millwork
Hospitality Design Consultant - Apicii,Soft Costs
Hot Desking & Room Scheduling,FF&E + Millwork
Hot Water Tank,Construction
Hotel Management System,Uncategorized
Hourly Support Allowance,Construction
Houston Tyner,Uncategorized
Huitt Zollars,Uncategorized
Huntsman Architectural Group,Soft Costs
Huron Internal Costs,Uncategorized
Hvac,Construction
Hyatt Owner - adjacent building monitoring,Construction
Hyatt Owner - direct expense reimbursement,Uncategorized
Hyatt Owner - existing conditions survey,Soft Costs
Hydraulic Design,Uncategorized
Hydro Equipment,FF&E + Millwork
Hydroworx,Uncategorized
Hygenist Consultant - Langan,Soft Costs
I (unforseen),Uncategorized
I&T Capital | Approved CAR Value - I&T CAP,Uncategorized
I&T Expense | Approved CAR Value - I&T EXP,Uncategorized
I.T./Tele/Data/Security Consultant - RDT,FF&E + Millwork
IA & AHA Credit,Uncategorized
IA Code Consultant,Soft Costs
IA Fee,Soft Costs
IA Reimbursable Expense,Soft Costs
IA/AHA - Architect & Engineering,Soft Costs
IBM Branding,FF&E + Millwork
IBM Issued Funding - Master Budget (Uncommitted costs),Uncategorized
IBM Issued Funding - Master Budget - CAP,Uncategorized
"IBMS, Networking, Car Parking, MGPS,PTS & Kitchen",Construction
IBTS Inspections,Soft Costs
IBTS Plan Review,Uncategorized
ICRA,Uncategorized
ICRA Barrier/Monitoring,Uncategorized
ICRA During Construction,Construction
ICRA and Hazmat Abatement,Uncategorized
ICRA/ Electric/ Curtains,Construction
ICRA/ Electric/ Rolyn,Construction
ICRA/ Electric/Curtains,Construction
IDOMP Multi-function Printer,Uncategorized
IFF Internal KBR Procurement,Uncategorized
IFF Internal PM - FEL,Soft Costs
IFF Internal PM - Post  Gate 3,Soft Costs
IFF Internal PM - Post Gate 3,Soft Costs
IFM & MAC support OPEX,Uncategorized
IFM Landscape Maintenance EOL Projects,Uncategorized
IFM/MAC Support,Uncategorized
IIIA1 	Arch/MEP/Structural/IT Fees,Soft Costs
IIIC	Project Manager / Construction Manager,Construction
INDIRECT COST-ADMINISTRATIVE,Uncategorized
INDIRECT COST-UNFORESEEN,Uncategorized
INDIRECT COST-UTILITY,Uncategorized
IPD Office Renovation,Uncategorized
IS - Contingency,Construction
IS&T,Uncategorized
"IS&T Network Gear, DAS",Uncategorized
IS&T Sales Tax,Construction
ISA Hwd & Prof Serv,Uncategorized
ISA Hwd & Prof Svcs,Uncategorized
ISA Hwd & Professional Services,Uncategorized
ISA Staff Cost,Uncategorized
ISA Staff Cost (exp),Uncategorized
ISA Staff Cost (expense),Uncategorized
ISP,Uncategorized
ISS,Uncategorized
IT,FF&E + Millwork
IT & A/V,FF&E + Millwork
IT & A/V Construction,FF&E + Millwork
IT & AV Design and Scope,FF&E + Millwork
IT & Brivo,FF&E + Millwork
IT & Brivo security (1 door),FF&E + Millwork
IT & Construction,Construction
IT & Hardware,FF&E + Millwork
IT & Network Equipmen,FF&E + Millwork
IT & Network Equipment,FF&E + Millwork
IT & Network Equipment and Cabling,FF&E + Millwork
IT & Power blocks,FF&E + Millwork
IT & Security - KGS,FF&E + Millwork
IT & Technology (Shock IT),FF&E + Millwork
IT & Telecom Systems,FF&E + Millwork
IT (BPC002757),FF&E + Millwork
IT (Low Voltage),FF&E + Millwork
IT (Tele-Data),FF&E + Millwork
IT (cabling & AV),FF&E + Millwork
IT - Cabling and Network Hardware,FF&E + Millwork
IT - Capex,FF&E + Millwork
IT - Equipment,FF&E + Millwork
IT - Exp,FF&E + Millwork
IT - Low Voltage,FF&E + Millwork
IT - MedStar,FF&E + Millwork
"IT - Misc. IT Equip. Comp. Monitors, Printers, etc. (NWB)",FF&E + Millwork
"IT - Network Fiber, Cabling, Wifi, Racks, patches, tray, hangers etc.",FF&E + Millwork
IT - Network Internal,FF&E + Millwork
IT - Network/Wi-Fi/Cabling,FF&E + Millwork
IT - Opex,FF&E + Millwork
IT - Phones,FF&E + Millwork
IT - Phones (NWB),FF&E + Millwork
IT - Procured and Installed by Cambrex,FF&E + Millwork
IT / AV,FF&E + Millwork
IT / AV Equipment,FF&E + Millwork
IT / Cabling,FF&E + Millwork
IT / Data Cabling,FF&E + Millwork
IT / Low -Voltage Cabling - CBF,FF&E + Millwork
IT / Network,FF&E + Millwork
IT / Network - OPEX,FF&E + Millwork
IT / Network / Nursecall,FF&E + Millwork
IT / Network Equipment,FF&E + Millwork
"IT / Network, AV",FF&E + Millwork
IT / Security / AV,FF&E + Millwork
IT / Telecom Consultant,FF&E + Millwork
IT /AV Consultant  Alfatech (347302),FF&E + Millwork
IT 216,FF&E + Millwork
IT 432,FF&E + Millwork
IT 435,FF&E + Millwork
IT A/V Integrator,FF&E + Millwork
IT Allowance,Construction
IT BOM (NIELSEN),FF&E + Millwork
IT Budget,FF&E + Millwork
IT CAP,FF&E + Millwork
IT CAPEX,FF&E + Millwork
IT Cabling,FF&E + Millwork
IT Cabling & Equipment,FF&E + Millwork
IT Cabling & Equipment - IDF Work,FF&E + Millwork
IT Cabling & Equipment - Opt4/Tri-M,FF&E + Millwork
IT Cabling / Low Voltage,FF&E + Millwork
IT Cabling and Equipment,FF&E + Millwork
IT Capex,FF&E + Millwork
IT Capital,FF&E + Millwork
IT Capital - BlueTab IT,FF&E + Millwork
IT Capital - Other,FF&E + Millwork
IT Capital - Phase 1,FF&E + Millwork
IT Capital Anixter CAP,FF&E + Millwork
IT Capital Blackbox OTE,FF&E + Millwork
IT Computer,FF&E + Millwork
IT Conference Rooms Update,FF&E + Millwork
IT Consultant,FF&E + Millwork
IT Consultant - RDT,FF&E + Millwork
IT Consultant/ Alfatech,FF&E + Millwork
IT Consulting,FF&E + Millwork
IT Contingency,Construction
IT Contingency (10%),Construction
IT Cost,FF&E + Millwork
IT Costs,FF&E + Millwork
IT Costs - Per ROM,FF&E + Millwork
IT Data Cable Remove,FF&E + Millwork
IT Data Cabling,FF&E + Millwork
IT Data Cabling (ITS),FF&E + Millwork
IT Data Cabling Works,FF&E + Millwork
IT Data Equipment*,FF&E + Millwork
IT Decomissioning Costs,FF&E + Millwork
IT Decommission,FF&E + Millwork
IT Design,FF&E + Millwork
IT Design (BMS): Schneider Electric,FF&E + Millwork
IT Design - CTSI,FF&E + Millwork
IT Design Lead,FF&E + Millwork
IT Desktop,FF&E + Millwork
IT E-waste Removal,FF&E + Millwork
IT EXP,FF&E + Millwork
IT Engagement ComEd,FF&E + Millwork
"IT Equip, Routers, Switches",FF&E + Millwork
IT Equipment,FF&E + Millwork
IT Equipment & Installation,FF&E + Millwork
IT Equipment (CMT Furnished),FF&E + Millwork
"IT Equipment (Ladder Rack, Patch Panels & Switches)",FF&E + Millwork
IT Equipment (Telecom),FF&E + Millwork
IT Equipment - Additional,FF&E + Millwork
IT Equipment - Employees,FF&E + Millwork
IT Equipment - Evoqua,FF&E + Millwork
IT Equipment - General,FF&E + Millwork
IT Equipment - IT Room,FF&E + Millwork
"IT Equipment List - Tech/Comm, all",FF&E + Millwork
IT Equipment Services,FF&E + Millwork
IT Equipment Tax,FF&E + Millwork
IT Equipment and Install,FF&E + Millwork
IT Equipment by RCDC/MACS,FF&E + Millwork
IT Equipment/ Tech Comm,FF&E + Millwork
IT Equipment/Cabling,FF&E + Millwork
IT Equipment/Data Cabling,FF&E + Millwork
IT Expense,FF&E + Millwork
IT Expense - Other,FF&E + Millwork
IT Expense/Decommission Costs - per ROM,FF&E + Millwork
IT Expense/Decommission Costs - per ROM (E-Waste),FF&E + Millwork
IT Expenses,FF&E + Millwork
IT Hard Costs,FF&E + Millwork
IT Hardware (00011 / 40000),FF&E + Millwork
IT Hardware - Monitors,FF&E + Millwork
IT Hdwr & Software - L,FF&E + Millwork
IT Infrastructure & Facilities,FF&E + Millwork
IT Infrastructure Equipment,FF&E + Millwork
IT Infrastructure Equipment - Leased,FF&E + Millwork
IT Infrastructure Equipment 2.0,FF&E + Millwork
IT Infrastructure Hardware,FF&E + Millwork
IT Infrastructure Low Voltage Cabling,FF&E + Millwork
IT Infrastructure _ RDA,FF&E + Millwork
"IT Infrastructure, Security, AV Consultant",FF&E + Millwork
IT Infrastructures and Computers,FF&E + Millwork
IT Lab Equip/ Furniture,FF&E + Millwork
IT Labor,FF&E + Millwork
IT Labor (Val),FF&E + Millwork
IT Labor + Travel,FF&E + Millwork
IT Labor 2.0,FF&E + Millwork
IT Labor 2.0 Project,FF&E + Millwork
IT Misc.,FF&E + Millwork
IT Misc. Office Equipment Allowance,Construction
IT Network,FF&E + Millwork
IT Network (Ally Internal),FF&E + Millwork
IT Network - Roku Direct Vendor,FF&E + Millwork
IT Network - Sycomp,FF&E + Millwork
IT Network Access,FF&E + Millwork
IT Network Equipment,FF&E + Millwork
IT Network Material,FF&E + Millwork
"IT Network, Desktop & A/V",FF&E + Millwork
IT OPEX,FF&E + Millwork
IT Opex,FF&E + Millwork
IT PM Services,FF&E + Millwork
IT Peripherals,FF&E + Millwork
IT Racking and Cabinets,FF&E + Millwork
IT Recycling/Disposal,FF&E + Millwork
IT Reimbursables,FF&E + Millwork
IT Relocation,FF&E + Millwork
IT Resources - L,FF&E + Millwork
IT Room Hardware,FF&E + Millwork
IT Security,FF&E + Millwork
IT Server,FF&E + Millwork
IT Software - ACCT. 300,FF&E + Millwork
IT Structured Cabling (Included in Construction),FF&E + Millwork
IT System (FG Active),FF&E + Millwork
IT System (PI Passive),FF&E + Millwork
IT Systems,FF&E + Millwork
IT Tax (10%),FF&E + Millwork
IT Tech Support/Dell,FF&E + Millwork
IT Tech/Comm,FF&E + Millwork
IT Telephone,FF&E + Millwork
IT Telephony,FF&E + Millwork
IT Total Cost,FF&E + Millwork
IT Travel,FF&E + Millwork
IT Travel (Val),FF&E + Millwork
IT and Technology,FF&E + Millwork
IT and Technology - Contingency,Construction
IT and Technology- EXP,FF&E + Millwork
IT cost,FF&E + Millwork
IT&S,Uncategorized
"IT, Data Cabling",FF&E + Millwork
"IT, LAN, WAN, WIFI - Maureen Data Systems",Uncategorized
"IT, P&G Procured",Uncategorized
"IT, Security, & Telephone Allowance",Construction
"IT, Security, AV",FF&E + Millwork
"IT, Security, and AV Consultant",FF&E + Millwork
"IT, all",Uncategorized
"IT, internal",Uncategorized
IT- Fonet,Uncategorized
IT-Facilities Decomm OPEX,FF&E + Millwork
IT-Low Voltage/Electrical/TVs,FF&E + Millwork
IT-MAS,Uncategorized
IT-Relocate WAP.,Uncategorized
IT/ AV Design - Roku direct vendor,FF&E + Millwork
IT/ Audio/ Visual Integrator,FF&E + Millwork
IT/ Network Equipment,FF&E + Millwork
IT/ Security Consultant - TMT,FF&E + Millwork
IT/ WiFi,Uncategorized
IT/ Wifi System/ People Counter,Uncategorized
IT/AV,FF&E + Millwork
IT/AV Costs ?,FF&E + Millwork
IT/AV Design,FF&E + Millwork
IT/AV Design - Netcor,FF&E + Millwork
IT/AV Design and Equip.,FF&E + Millwork
IT/AV Design and Equipment,FF&E + Millwork
IT/AV Equipment,FF&E + Millwork
IT/AV Equipments (Align),FF&E + Millwork
IT/AV OPEX,FF&E + Millwork
IT/AV and Security,FF&E + Millwork
"IT/AV/ Access Pointe/ Leased Equipment - AVI SPL, DCS, SKC, Dell",FF&E + Millwork
IT/AV/COntingency,Construction
IT/AV/Cabling Equipment,FF&E + Millwork
IT/AV/SEC,FF&E + Millwork
IT/AV/Sec - CTCI,FF&E + Millwork
IT/AV/Security,FF&E + Millwork
IT/AV/Security - TMT,FF&E + Millwork
IT/AV/Security/Electrical,FF&E + Millwork
IT/Audio Visual,FF&E + Millwork
IT/Cabling,FF&E + Millwork
IT/Cabling (Design-Builder),FF&E + Millwork
IT/Cabling - Low Voltage,FF&E + Millwork
IT/Data/AV,Uncategorized
IT/LV,Uncategorized
IT/LowVoltage/Security,FF&E + Millwork
IT/Network,Uncategorized
IT/Network (CMT F&I),Uncategorized
IT/Network Cabling,FF&E + Millwork
IT/Network Cabling - Telelink,FF&E + Millwork
IT/Network/ Security,FF&E + Millwork
IT/Network/A/V,FF&E + Millwork
IT/Network/AV,Uncategorized
IT/PM Resource,Uncategorized
IT/Phone Changes,Uncategorized
IT/Phone Equipment,FF&E + Millwork
IT/Security,FF&E + Millwork
IT/Security - Fortify,FF&E + Millwork
IT/Security Consultant - Fortify,FF&E + Millwork
IT/Security/Telephones,FF&E + Millwork
IT/Special Systems,Uncategorized
IT/Technology,Uncategorized
IT/Telecom Consultant,FF&E + Millwork
IT/Telecom Design,FF&E + Millwork
IT/Telephone/Security Equipment,FF&E + Millwork
ITG IT Cost,Uncategorized
ITS,Uncategorized
ITS Capex,Uncategorized
ITS Expense,Uncategorized
ITS Move Management,FF&E + Millwork
ITS Opex,Uncategorized
ITS Project Expense,Uncategorized
IVA,Uncategorized
Ice Machines,Uncategorized
Icon Labor,Uncategorized
Icon Modern - Branding,FF&E + Millwork
Identification Devices,Uncategorized
Imaging Construction,Construction
Imaging Medical Equipment,FF&E + Millwork
Impact & Connection Fees,Soft Costs
Impact Fees,Soft Costs
Impact Fees - Fire and EMS,Construction
Impact Fees - Park,Soft Costs
Impact on 1st Floor Residents,Construction
Improvements CAP,Uncategorized
In Rack Sprinklers - EMF,Construction
In-House Baffled Ceiling,Uncategorized
In-House Consultants (Cabling),FF&E + Millwork
In-House Consultants (Cabling) - Exp,FF&E + Millwork
In-House Consultants (Cabling)-EXP,FF&E + Millwork
In-House Consultants (Engineering Srvcs),Soft Costs
In-House Consultants (Engineering Srvcs) - Exp,Soft Costs
In-House Consultants (Move Mgmt) - Exp,FF&E + Millwork
In-House Consultants (Proj Mgmt),Soft Costs
In-House Consultants (Proj Mgmt) - EXP,Soft Costs
In-House Consultants (Proj Mgmt) - Exp,Soft Costs
In-House Consultants (Proj Mgmt)-EXP,Soft Costs
In-House Consultants(Proj Mgmt) - Exp,Soft Costs
In-House Labor,Uncategorized
In-House Project Construction Costs,Construction
In-House Repair & Replace,Uncategorized
InSite - Interior,Construction
InSite Interior Designer,FF&E + Millwork
Indirect Costs,Uncategorized
Indirect/Specialty Cost Contingency,Construction
Industrial Racking,Uncategorized
Industrial Racking (Purdy),Uncategorized
Industrial Racking - Crown,Uncategorized
Infection Control,Uncategorized
Infection Control Phase I,Uncategorized
Infilling Doorway for Putback,Uncategorized
Info Systems & Technology,Uncategorized
Information Services,Uncategorized
Information Systems,Uncategorized
Information Tech,Uncategorized
Information Tech & Security - Linear,FF&E + Millwork
Information Tech Cons,Uncategorized
Information Tech/Security- Avisight,FF&E + Millwork
Information Technology,FF&E + Millwork
Information Technology (Hard Costs),FF&E + Millwork
Information Technology Contingency,Construction
Information Technology Systems,FF&E + Millwork
Information Technology: Equipment Removal,FF&E + Millwork
Infrastructure Hardware,Uncategorized
Infrastructure Labor,Uncategorized
Inhouse Consultants Cabling - Exp,FF&E + Millwork
Inhouse Consultants Engineering Srvcs- Exp,Soft Costs
Inhouse Consultants PM - Exp,Soft Costs
Initial Budget Approval,Uncategorized
Inner Loop / LL - 50% split,Uncategorized
Innovation Center,Uncategorized
Inside Source - FF&E,FF&E + Millwork
Inspection  - 3rd Party,FF&E + Millwork
Inspection - IOR,Soft Costs
Inspection - Med Gas,Soft Costs
Inspection Fees,Soft Costs
Inspections  - Med Gas,Soft Costs
Inspections & Testing,Soft Costs
Inspections (GTA),Soft Costs
Inspections - 3rd Party,FF&E + Millwork
Inspections - IOR,Soft Costs
Inspections - Med Gas,Soft Costs
Inspections / Testing,Soft Costs
Inspections / Testing (3rd Party),FF&E + Millwork
Inspections / Testing (Allowance),Construction
Inspections / Testing - The Casa Group,Soft Costs
Inspections / Testing / Cx,Soft Costs
Inspections and Testing,Soft Costs
"Inspections, Testing, & Agency Approvals",Soft Costs
Inspections/Testing,Soft Costs
Inspector of Record (IOR),Uncategorized
Install,Uncategorized
Install Cabling & Soundmasking,FF&E + Millwork
Install Furniture at Western Ave.,FF&E + Millwork
Install OFE,Uncategorized
Install Shelving,FF&E + Millwork
Install workstations,FF&E + Millwork
Install/Programming,Soft Costs
Installation,Uncategorized
Installation AV Monitor Bracket,FF&E + Millwork
Installation and Labor,Uncategorized
Installations and configuration,Uncategorized
Insulation,Construction
Insulation Metal Panels,Construction
Insurance,Soft Costs
Insurance & Bonds,Soft Costs
Insurance (.75%),Soft Costs
Insurance (1.95%),Soft Costs
Insurance (L & K at 1.75%),Soft Costs
Insurance - Builder's Risk,Soft Costs
Insurance - GC,Soft Costs
Insurance - General Liability,Soft Costs
Insurance - General Liability/Builder's Risk,Soft Costs
Insurance - Owner's Liability,Soft Costs
Insurance Adjuster's Fee 8% of Construction Costs,Soft Costs
Insurance Costs,Soft Costs
Insurance Deductible,Soft Costs
Insurance Fees,Soft Costs
Insurance/Taxes/Fees,Soft Costs
Insurances,Soft Costs
Insurances/Bonds/SDI/Permits,Soft Costs
Int & Ext Signage,FF&E + Millwork
Int & Ext Signage Removal,FF&E + Millwork
"Int Finish - Carpet, Paint, Ce",FF&E + Millwork
Int signage & furniture parts needed,FF&E + Millwork
Int/Ext Signage,FF&E + Millwork
Int/Ext Signage Removal,FF&E + Millwork
Integration,Uncategorized
"Integration, Programming Etc",Soft Costs
Intercom,Uncategorized
Interconnected Staircase,Uncategorized
Interconnecting Stair Infill,Uncategorized
Interest,Uncategorized
Interest Reserve,Uncategorized
Interior,Uncategorized
Interior & Building Exterior Signage,FF&E + Millwork
Interior & Exterior Signage,FF&E + Millwork
Interior & Exterior Signage/Branding,FF&E + Millwork
Interior & Exterior Signage/Graphics (L&M),FF&E + Millwork
Interior / Exterior Signage,FF&E + Millwork
Interior Architecture,Soft Costs
Interior Artwork,FF&E + Millwork
Interior Branding,FF&E + Millwork
Interior Branding / Graphics,FF&E + Millwork
Interior Branding / Signage,FF&E + Millwork
Interior Construction,Construction
Interior Construction  - direct work Allowances,Construction
Interior Construction (JT Magen),Construction
Interior Construction (incl. restroom),Construction
Interior Construction - Cosmetic Work,Construction
Interior Construction - Direct Costs,Construction
Interior Construction - LL's work,Construction
Interior Construction - trade costs,Construction
Interior Construction Contingency,Construction
Interior Construction Contract,Construction
Interior Design,FF&E + Millwork
Interior Design (Detailed & Delivery),FF&E + Millwork
Interior Design - Amy Hirsch,FF&E + Millwork
Interior Design - HBA,FF&E + Millwork
Interior Design Layout Consultant,FF&E + Millwork
Interior Design Package,FF&E + Millwork
Interior Design Professional Services,FF&E + Millwork
Interior Design Services,FF&E + Millwork
Interior Designer,FF&E + Millwork
Interior Designer - Hotel / Condo,FF&E + Millwork
Interior Designer - Tia Zoldan Interiors,FF&E + Millwork
Interior Designer Fee - PT FABS Indonesia,FF&E + Millwork
Interior Doors & Hardware,Uncategorized
Interior Furnishings,FF&E + Millwork
Interior Furnishings Contingency,Construction
Interior Furniture,FF&E + Millwork
Interior Graphics,FF&E + Millwork
"Interior Graphics / Branding (Logo, Etc.)",FF&E + Millwork
Interior Graphics/Branding,FF&E + Millwork
Interior Graphics/Signage,FF&E + Millwork
Interior Identification Signage,FF&E + Millwork
Interior Lab Renovation,Uncategorized
Interior Plants,FF&E + Millwork
Interior Plants & Artwork,FF&E + Millwork
Interior Shades & Room Darkening,Uncategorized
Interior Sign/Brand-OE,Uncategorized
Interior Signage,FF&E + Millwork
Interior Signage & Artwork,FF&E + Millwork
Interior Signage & Branding,FF&E + Millwork
Interior Signage & Branding / Messaging,FF&E + Millwork
Interior Signage & Graphics,FF&E + Millwork
Interior Signage & Graphics Allowance,Soft Costs
Interior Signage (Cade & Wayfinding),FF&E + Millwork
Interior Signage (Val),FF&E + Millwork
Interior Signage - 290 Signs,FF&E + Millwork
Interior Signage - Alphabet Shop,FF&E + Millwork
Interior Signage - Avalis,FF&E + Millwork
Interior Signage - Bldg Std/LEED,FF&E + Millwork
Interior Signage - Drive 21,FF&E + Millwork
Interior Signage - Location & Personnel,FF&E + Millwork
Interior Signage - Locational & Personnel,FF&E + Millwork
"Interior Signage - Locational & Personnel, logo for reception area",FF&E + Millwork
Interior Signage - Locational and Personal,FF&E + Millwork
Interior Signage - Locational and Personnel,FF&E + Millwork
Interior Signage - Logo Removal,FF&E + Millwork
Interior Signage - Logo for Reception Area,FF&E + Millwork
Interior Signage - Logo for Reception area,FF&E + Millwork
Interior Signage - Logo for reception area,FF&E + Millwork
Interior Signage - MMG Ortho,FF&E + Millwork
Interior Signage - NRH PT,FF&E + Millwork
Interior Signage - Office/Workstation,FF&E + Millwork
Interior Signage - Wayfinding & Room Signage,FF&E + Millwork
Interior Signage - locational & personnel,FF&E + Millwork
Interior Signage - locational and personnel,FF&E + Millwork
Interior Signage - logo,FF&E + Millwork
Interior Signage - logo for the reception area,FF&E + Millwork
Interior Signage - relocation to new office,FF&E + Millwork
Interior Signage / Branding,FF&E + Millwork
Interior Signage / Distraction Markings / Film,FF&E + Millwork
Interior Signage / Graphics,FF&E + Millwork
Interior Signage / Graphics / Branding,FF&E + Millwork
Interior Signage Removal,FF&E + Millwork
Interior Signage Vendor - LIFT,FF&E + Millwork
Interior Signage and Branding,FF&E + Millwork
Interior Signage and Graphics,FF&E + Millwork
Interior Signage and Graphics Allowance,Soft Costs
Interior Signage and Graphics Removal,FF&E + Millwork
"Interior Signage, Graphics Design & Installation - LIFT (Azign)",FF&E + Millwork
Interior Signage/Branding,FF&E + Millwork
Interior Signage/Branding (Deducted from Security Deposit),FF&E + Millwork
Interior Signage/Branding (UST),FF&E + Millwork
Interior Signage/Branding/Artwork,FF&E + Millwork
Interior Signage/Graphics,FF&E + Millwork
Interior Signage/Wayfinding,FF&E + Millwork
Interior Signange,Uncategorized
Interior Storefront,Uncategorized
Interior Work - ALLOWANCE,Construction
Interior Works,Uncategorized
Interior and Exterior Signage combined,FF&E + Millwork
Interior branding,FF&E + Millwork
Interior signage,FF&E + Millwork
Interior/ Exterior Signage,FF&E + Millwork
Interior/Exterior Signage,FF&E + Millwork
Interior/Lead Consultant,Soft Costs
Interior/Lead Consultant - EXP,Soft Costs
Interiors - DPR,Uncategorized
Interiors Construction,Construction
Internal Accountant,Uncategorized
Internal Ally IT - Do Not Use,Uncategorized
"Internal Electrical Work-Including IT Networking,IP based Telephone system",Construction
Internal Name Plates,Uncategorized
Internal Signage & Art,FF&E + Millwork
Internal Workstation Name Plates/Signage,FF&E + Millwork
Internal Workstation Signage,FF&E + Millwork
Internet Provider,Uncategorized
Internet Provider (Cogent & Spectrum),Uncategorized
Internet Service/WiFi/Cable TV Equipment,FF&E + Millwork
Inventory,Uncategorized
Inventory Racking,Uncategorized
Invista Internal Resources - INVISTA,Uncategorized
IoT Allowance,Construction
Itnerior/Exterior Signage,FF&E + Millwork
JA1002000-General Conditions,Construction
JA1002003-Site Cleaning,Construction
JA1010000-Landscape,Uncategorized
JA1011000-Construction Conting,Construction
JA1030000-Concrete,Construction
"JA1060000-Wood, Plastics, Composites",Uncategorized
JA1070000-Thermal & Moisture Protection,Construction
JA1080000-Openings,Construction
JA1090000-Finishes,Construction
JA1100000-Specialties,Uncategorized
JA1110000-Equipment,FF&E + Millwork
JA1120000-Furnishings,FF&E + Millwork
JA1130000-Special Construction,Construction
JA1140000-Elevators,Construction
JA1210000-Fire Suppression,Construction
JA1220000-Plumbing,Construction
JA1230000-HVAC,Construction
JA1250000-Integrated Automation,Uncategorized
JA1260000-Electrical,Construction
JA1270000-Communications,Construction
JA1310000-Earthwork,FF&E + Millwork
JA1330000-Utilities,Construction
JA2003000-A&E Design,Uncategorized
JA2003200-Construction Design,Construction
JA2003400-Misc. Consultant,Soft Costs
JA2003600-Landscape Architect,Soft Costs
JA2003700-Site Test and Inspect,Construction
JA2003800-Project Management,Soft Costs
JA2003900-Commissioning Agent,Soft Costs
JA2004000-Owner Equipment,FF&E + Millwork
JA2008000-Permits,Soft Costs
JA2009000-Miscellaneous,Uncategorized
JA2009210-Site Safety,Construction
JCI - EMR Scope Only,Uncategorized
JGoff Misc. Invoices,Uncategorized
JH Kelly,Uncategorized
JHKelly,Uncategorized
JHKelly - boiler leak repair OTE,Construction
JLL,Soft Costs
JLL (Project Management),Soft Costs
JLL - Change Management,Soft Costs
JLL - Fee,Soft Costs
JLL - PDS,Soft Costs
JLL - PDS - Development,Soft Costs
JLL - PDS - Interiors,Soft Costs
JLL - PDS Fee,Soft Costs
JLL - PM Fee,Soft Costs
JLL - Project Fee,Soft Costs
JLL - Project Management,Soft Costs
JLL - Project Management (12869),Soft Costs
JLL - Project Management Fee,Soft Costs
JLL - Project Management Fees,Soft Costs
JLL Architect incl MEPS,Soft Costs
"JLL Architecture, LLC",Soft Costs
JLL As-Builts,Soft Costs
JLL Construction Fee,Soft Costs
JLL Construction Management Fee,Soft Costs
JLL Construction Management fee,Soft Costs
JLL Contract,Soft Costs
JLL Cost Management,Soft Costs
JLL Dedicated Project Management,Soft Costs
JLL Design,Soft Costs
JLL Design Build Fees,Soft Costs
JLL Design/BRR Branding,FF&E + Millwork
JLL Economic Incentives Fee,Soft Costs
JLL Energy & Sustainability,Soft Costs
JLL FEE,Soft Costs
JLL FM,Soft Costs
JLL FM Services,Soft Costs
JLL FM Startup & Testing Support,FF&E + Millwork
JLL FM Support,Soft Costs
JLL Facilities,Soft Costs
JLL Facility Mgr FSR 2878783,Soft Costs
JLL Facility Mgr FSR 2904999,Soft Costs
JLL Fee,Soft Costs
JLL Fee & Reimbursables,Soft Costs
JLL Fee - Imprv Facilities,Soft Costs
JLL Fee - Project Management,Soft Costs
JLL Fee Development Mgmt,Soft Costs
JLL Fees,Soft Costs
JLL Furn Services,Soft Costs
JLL Furniture Services,FF&E + Millwork
JLL Furniture Services Labor,FF&E + Millwork
JLL Furniture Solutions,FF&E + Millwork
JLL I&C,Soft Costs
JLL I&C Services – CAP,Soft Costs
JLL IT Consultant/Support,Soft Costs
JLL IT Related Labor,Soft Costs
JLL Industrial Engineer,Soft Costs
JLL LEED Commissioning,Soft Costs
JLL LEED Consultant Labor,Soft Costs
JLL LEED Consultant Labor - (GF & JB),Soft Costs
JLL LEED Consultant Reimbursables,Soft Costs
JLL MC Fee,Soft Costs
JLL MGT FEES,Soft Costs
JLL MOU Bonus,Soft Costs
JLL Managed Principal Role,Soft Costs
JLL Management Fee,Soft Costs
"JLL Management, fee",Soft Costs
JLL Misc. Reimbursements,Soft Costs
JLL Move Management,FF&E + Millwork
JLL Move Services,FF&E + Millwork
JLL Occupancy Planning,Soft Costs
JLL Occupancy Planning - Jack Plans,Soft Costs
JLL PDS,Soft Costs
JLL PDS Donation,Soft Costs
JLL PDS Fee,Soft Costs
JLL PDS Fees,Soft Costs
JLL PDS Management Fees,Soft Costs
JLL PDS PM Labor,Soft Costs
JLL PDS PM Reimbursables,Soft Costs
JLL PDS Preconstruction Fees,Soft Costs
JLL PDS Project Management,Soft Costs
JLL PDS Project Management (Due-Diligence),Soft Costs
JLL PDS Project Management Fee,Soft Costs
JLL PDS Project Manager Dedicated Labor,Soft Costs
JLL PDS Project Manager Dedicated Labor (Val),Soft Costs
JLL PDS Project Manager Variable Labor,Soft Costs
JLL PDS Project Manager Variable Labor 1.0,Soft Costs
JLL PDS Project Manager Variable Labor 2.0,Soft Costs
JLL PDS Project Manager Variable Reimbursables,Soft Costs
JLL PDS Reimbursables,Soft Costs
JLL PJM Fees (Expense),Soft Costs
JLL PM,Soft Costs
JLL PM  Fees,Soft Costs
JLL PM  Fees EXP,Soft Costs
JLL PM -Variable Resource 5mo,Soft Costs
JLL PM Building Survey,Soft Costs
JLL PM FEE,Soft Costs
JLL PM Fee,Soft Costs
JLL PM Fee CAPEX,Soft Costs
JLL PM Fees,Soft Costs
JLL PM Fees & Reimbursables,Soft Costs
JLL PM Fees EXP,Soft Costs
JLL PM Reimbursables - Exp,Soft Costs
JLL PM and Move Fees,FF&E + Millwork
JLL PMO,Soft Costs
JLL PjM Fee,Soft Costs
JLL PjM Fees,Soft Costs
JLL ProSite,Soft Costs
JLL Program Management Cost,Soft Costs
JLL Program Management Fee,Soft Costs
JLL Program Management Fee - CREWS,Soft Costs
JLL Project Development Services,Soft Costs
JLL Project Management,Soft Costs
JLL Project Management & LEED/Fitwel,Soft Costs
JLL Project Management - Exp,Soft Costs
JLL Project Management ASPS 65,Soft Costs
JLL Project Management Fee,Soft Costs
JLL Project Management Fee including Due Diligence,Soft Costs
JLL Project Management Fees,Soft Costs
JLL Project Management July-Dec,Soft Costs
JLL Project Management Reimbursables,Soft Costs
JLL Project Management SOW 63,Soft Costs
JLL Project Management SOW 64,Soft Costs
JLL Project Management Services,Soft Costs
JLL Project Management fee,Soft Costs
JLL Project Manager,Soft Costs
JLL Project Manager L3,Soft Costs
JLL Project Managment,Soft Costs
JLL Project Mgmt,Soft Costs
JLL Project Mgmt - ARU,Soft Costs
JLL Project Mgmt - LLR,Soft Costs
JLL Project Mgt Services,Soft Costs
JLL Project Oversight,Soft Costs
JLL RPM Consultant Labor,Soft Costs
JLL RPM Reimbursables,Soft Costs
JLL Reimb,Soft Costs
JLL Reimbursable - Exp,Soft Costs
JLL Reimbursable Expenses,Soft Costs
JLL Reimbursables,Soft Costs
JLL Reimburseables,Soft Costs
JLL Relocation Project Management,FF&E + Millwork
JLL Relocation Project Manager,FF&E + Millwork
JLL Service Fee (Variable)-Exp,Soft Costs
JLL Service Fee (Variable)-NC,Soft Costs
JLL Service Fee-BM,Soft Costs
JLL Service Fee-LHI,Soft Costs
JLL Service Fee-NC,Soft Costs
JLL Services,Soft Costs
JLL Small Jobs – CAP,Soft Costs
JLL Sustainability - LEED Administration,Soft Costs
JLL Sustainability Program Management,Soft Costs
JLL Technology,Soft Costs
JLL UPS Relocation,FF&E + Millwork
JLL partial PM fee,FF&E + Millwork
"JLL, Move, Miscellaneous",FF&E + Millwork
"JLL, PM Fee",Soft Costs
"JLL, Project Management Fee",Soft Costs
"JLL, Project Management Services",Soft Costs
"JLL, project - At Risk MVR",Soft Costs
"JLL, project - Dedicated PM",Soft Costs
"JLL, project - Not at Risk",Soft Costs
JLL- Construction Management,Soft Costs
JLL- Reimbursables,Soft Costs
JLL: Project Management,Soft Costs
Jamestown Building Management Fees,Soft Costs
Janitorial,Uncategorized
Jensen Hughes,Uncategorized
Job Trailer Electrical Hookup,Construction
Jobs Ohio Grant,Uncategorized
Johnson Controls,Construction
Joint Sealers,Uncategorized
K Norman Berry (Architect),Soft Costs
KD Furniture and Put Back of Space,FF&E + Millwork
KES - Kitchen Exhaust Solutions,FF&E + Millwork
KG Physicist Testing,Soft Costs
KGS Program Management,Uncategorized
KGS/JLL Program & Project Management,Soft Costs
KHA Architectural Design - KHA,Soft Costs
KIR  - Construction,Construction
KIR - AV/Tech,Uncategorized
KIR - Furniture,FF&E + Millwork
KMH Equipment/Labor - ND,FF&E + Millwork
KODE Labs - Cx Work (17796),Uncategorized
Keep 3rd Floor,Uncategorized
Key Mgmt System,Uncategorized
Key and Lock,Uncategorized
Keying,FF&E + Millwork
Keying Allowance,Construction
Keying and Signage Allowance,Construction
Keys,Uncategorized
Keys & Signage,FF&E + Millwork
Kilroy Allowance to Epic,Construction
Kimball International,Uncategorized
Kitchen,Uncategorized
Kitchen Appliances,FF&E + Millwork
Kitchen Appliances (coffee units),FF&E + Millwork
Kitchen Appliances L2 & L3,FF&E + Millwork
Kitchen Café Equipment,FF&E + Millwork
Kitchen Consultant,FF&E + Millwork
Kitchen Consultant/ RAS,FF&E + Millwork
Kitchen Design - Crome,FF&E + Millwork
Kitchen Design Consultant,FF&E + Millwork
Kitchen Designer,FF&E + Millwork
Kitchen Equipment,FF&E + Millwork
Kitchen Equipment (600k for main kitchen),FF&E + Millwork
Kitchen Equipment (Misc. Owner Hard Costs),FF&E + Millwork
Kitchen Equipment - Crafty,FF&E + Millwork
Kitchen Equipment - Included in Skyline's Cost,FF&E + Millwork
Kitchen Equipments,FF&E + Millwork
Kitchen Equpiment,FF&E + Millwork
Kitchen Remodel,FF&E + Millwork
Kitchen Set-Up (Roblox item),FF&E + Millwork
Kitchen Smallwares,FF&E + Millwork
Kitchen/Appliances-OE,FF&E + Millwork
Kitchen/Food Services Equipment,FF&E + Millwork
Kitchen/Food- Clevenger,Uncategorized
Kitchen/Office Equipment,FF&E + Millwork
Kitchenette,Uncategorized
Kleinfelder - ADA Inspections / Testing,Soft Costs
Knight Security - Security and Access Control,FF&E + Millwork
Knockdown/Removal of Furniture,FF&E + Millwork
Knoll Furniture,FF&E + Millwork
Knoll IT/Data/AV,Uncategorized
Koch IT,Uncategorized
Kone,Uncategorized
Kone Contingency,Construction
Kontek Building Scope-AV,Construction
Koutsoubis Alonso Associates (Structural Engineer),Soft Costs
L-Audio/Visual,FF&E + Millwork
L-Moving,FF&E + Millwork
L-Safety,Uncategorized
L-Security,FF&E + Millwork
L-Signage/Graphics,FF&E + Millwork
L-Taxes,Uncategorized
L-Tech/Comm,Uncategorized
L-Testing,Soft Costs
"L/V, external",Uncategorized
L1 Locker Room Construction Costs,Construction
L1 Security System (card access),FF&E + Millwork
L16 Construction,Construction
L16 Restroom,Uncategorized
L19 & L20 Doors,Uncategorized
L21 Construction,Construction
L22 Construction,Construction
L22 Restroom,Uncategorized
L3 Ampere procured Markerboards,Uncategorized
L3 Interior Signage and Graphics,FF&E + Millwork
"L3 Network Cabling/ Telco Rooms, MDF Buildout/ Fiber and/or Copper Backbone / AV install / Sound Masking",FF&E + Millwork
L3 Pantry,FF&E + Millwork
L3 Planters,Uncategorized
"L3, L4, L5 - Schulte",Uncategorized
"L3, L6, Lobby AOR - Design Republic",Soft Costs
L4 Suite Pantry,FF&E + Millwork
"L4, L5, Terrace Design - RAPT",Soft Costs
L5 Security System (card access),FF&E + Millwork
LAB R&D Construction,Construction
LAN,Uncategorized
LAN IT Allowance,Construction
LAN Network,Uncategorized
LED Displays,Uncategorized
LED Lighting Retrofit - Intex,Uncategorized
LEED & WELL Certifications,Soft Costs
LEED & Well Consultant - Brightworks PO#349741,Soft Costs
LEED -  Commissioning,Soft Costs
LEED - Energy Modeling,Soft Costs
LEED - Green Power,Soft Costs
LEED - JLL,Soft Costs
LEED - JLL ESS,Soft Costs
LEED - Registration / Certification,Soft Costs
LEED Admin Expenses,Soft Costs
LEED Administrator,Soft Costs
LEED CREDITS,Soft Costs
LEED Certification,Soft Costs
LEED Certification Fees,Soft Costs
LEED Certification to USGBC,Soft Costs
LEED Commissioning,Soft Costs
LEED Commissioning - Cogent,Soft Costs
LEED Commissioning External Vendor,Soft Costs
LEED Construction Submittal,Soft Costs
LEED Consultant (primary) - SDC,Soft Costs
LEED Consultant External,Soft Costs
LEED Consultant External Vendors,Soft Costs
LEED Consultant _ RDA,Soft Costs
LEED Consulting,Soft Costs
LEED Costs,Soft Costs
LEED Design,Soft Costs
LEED Design Submittal,Soft Costs
LEED Design and Commissioning - RDE,Soft Costs
LEED Documentation,Soft Costs
LEED Energy Modeling - Quest,Soft Costs
LEED Factors,Soft Costs
LEED Gold,Soft Costs
LEED Registration,Soft Costs
LEED Services,Soft Costs
LEED Services - JLL ESS,Soft Costs
LEED Silver Certification Fee,Soft Costs
"LEED Support, Environmental Graphics/Branding, signage",FF&E + Millwork
LEED USGBC Submission Fees,Soft Costs
LEED and WELL Consultant,Soft Costs
LEED/WELL Registration Review Fees,Soft Costs
LEED/WELL/Cx - JLL,Soft Costs
LHI Pre-Bid Estimate,Uncategorized
LHO-2 Site Construction,Construction
LHO-Comm- Data Cable/Wire,Uncategorized
LHO-Cons- Other,Uncategorized
"LHO-Security, all",FF&E + Millwork
LIFT ADMINISTRATION,Soft Costs
LIFT Administration Fees,Soft Costs
LIFT Administration Fees - Internal,Soft Costs
LIFT PM Services,Soft Costs
LIFT Platform Fee,Soft Costs
LIFT Program Management,Uncategorized
LIFT Project Management,Soft Costs
LL Admin Costs,Uncategorized
LL Admin Fee,Soft Costs
LL Administrative Fee,Soft Costs
LL Architect,Soft Costs
LL Architect (Plan Reviews),Soft Costs
LL Building Engineer OT/Oversight fee,Soft Costs
LL CM FEE,Soft Costs
LL Charges,Uncategorized
LL Construction,Construction
LL Construction Management Fee,Soft Costs
LL Coordination Fee,Soft Costs
LL Engineering Fee,Soft Costs
LL Exterior work,Construction
LL Fee,Soft Costs
LL Fee at 3%,Soft Costs
LL Fees- Covered by TIA,Soft Costs
LL GC Decommission Work,FF&E + Millwork
LL Keying,FF&E + Millwork
LL Management Fee,Soft Costs
LL Management Fees,Soft Costs
LL Mgmt Fee,Soft Costs
LL Oversight,Uncategorized
LL Oversight Fee,Soft Costs
LL Oversight Fee ( 1% of TIA),Soft Costs
LL Oversight Fee (Design),Soft Costs
LL Oversight Fee - 4%,Soft Costs
LL Oversight Fee - Base Scope,Construction
LL Oversight Fee Per Lease,Soft Costs
LL Project Manager,Uncategorized
LL Requirements,Uncategorized
LL Review - Building Costs,Construction
LL Review - Building Costs 2.0,Construction
LL Security & Elevators,FF&E + Millwork
LL Services & Materials - 35th Floor,Uncategorized
LL Space Planning Allowance,Construction
LL Suite Signage,FF&E + Millwork
LL charges,Uncategorized
LL required insurance premiums,Soft Costs
LOA #10 Exterior Painting per TA lease,Construction
LOA #7 Site Remediation/abatement & demo,Construction
LOA #8 General Construction Job #120-094,Construction
LOA#5 Comm- Data Cabling- RED PHONES,FF&E + Millwork
LOA#6 MEP CD doc- permits & engagement,Soft Costs
LOA#9 PH3 -Demolition Costs,Construction
LON - AV/Tech,Uncategorized
LS3P - Architect,Soft Costs
LSL,Uncategorized
LT Panel,Uncategorized
LV & AV,Uncategorized
LV - Comm,Uncategorized
LV - Riser Cabling,FF&E + Millwork
LV Cable,Uncategorized
LV Cabling,FF&E + Millwork
LV Cabling & Infrastructure,FF&E + Millwork
LV Cabling - AV - Security - Sound Masking - 1st Floor (IBS PO #02),FF&E + Millwork
LV Cabling and Infrastructure,FF&E + Millwork
LV Cabling and Infrastructure Removal (Mark IV),FF&E + Millwork
"LV Cabling, Network Cabinet, Sound Masking",FF&E + Millwork
LV Cabling/ Security,FF&E + Millwork
LV Contingency,Construction
LV Decom,FF&E + Millwork
LV Integrator / Soundmasking - Netplanner,Uncategorized
"LV Wiring, WAPs & Misc Conduit Work",FF&E + Millwork
LV permits,Soft Costs
LV/AV/Security System Removal 4&5,FF&E + Millwork
LVC,Uncategorized
LVT Upcharge,Uncategorized
Lab Bench Modifications - Lab Design,Uncategorized
Lab Benches,Uncategorized
Lab Casework,FF&E + Millwork
Lab Construction,Construction
Lab Decontamination Cleaning,Uncategorized
Lab Decontamination Cleaning (CCS0,Construction
Lab Equipment,FF&E + Millwork
Lab Equipment Install,FF&E + Millwork
Lab Equipment- FMC + Cookies,FF&E + Millwork
Lab Equipment- Strategic,FF&E + Millwork
Lab Fitup,Uncategorized
Lab Instrumentation - Procurement by Cambrex,Uncategorized
Lab Space Expansion Evaluation Costs,Construction
Lab Specialty Equipment,FF&E + Millwork
Lab/Books,Uncategorized
Labor,Uncategorized
Labor Costs to Clear 2nd Floor of all NCCPA Items to Remain,Construction
Labor for Heat Strips,Construction
Laboratory  Decontamination Cleaning,Uncategorized
Lamborghini side table,Uncategorized
Lan Room Equipment,FF&E + Millwork
Land,Uncategorized
Land - Acquisition Fee,Soft Costs
Land - Acquisition Fees,Soft Costs
Land Acquisition and Development Costs,Uncategorized
Land Cost,Construction
Land Cost - Phase II,Construction
Land Costs,Construction
Land Development & Compound Wall,Uncategorized
Land Improvement,Uncategorized
Land Improvements,Uncategorized
Land Improvements / Other,Uncategorized
Land Options Cost,Uncategorized
Land Purchase,Uncategorized
Land Purchase Price,Uncategorized
Land Survey (Alta),Soft Costs
Land Use Application & Building Permit allowance - 3% of hard cost,Construction
Land Use Attorney,Uncategorized
Land Use Attorney - Prime Law,Uncategorized
Land Use Attorney Fees,Soft Costs
Land Use Attorney: Troutman Pepper,Uncategorized
Land developement & Wall Compound,Uncategorized
"Land- Cont, Owners",Uncategorized
Land- Environmental,Soft Costs
Land- Extg Conditions Topo Survey,Soft Costs
Land- Locate Utilities (Undergrounding),Construction
Land- Other,Uncategorized
Land- Soils/Geotech,Soft Costs
LandDesign,Uncategorized
LandLord Demolition DOB Filing Fee- ROM,Soft Costs
LandLord Demolition JAM Filing Costs,Construction
LandLord Demolition SC AMA,Construction
LandLord Demolition SC LBA,Construction
LandLord Demolition- HC Demolition- ROM,Construction
Landlor Fee,Soft Costs
Landlord,Uncategorized
"Landlord - Drain down fees, security",FF&E + Millwork
Landlord - Engineer OT Fees,Soft Costs
Landlord - Engineering OT,Soft Costs
Landlord - Management Fee,Soft Costs
Landlord - Security & Building engineering fees,FF&E + Millwork
Landlord - TI Reimbursement,Uncategorized
Landlord - Union Elevator Operator,Construction
Landlord / 3rd Party Consultant,FF&E + Millwork
Landlord / 3rd Party Consultant Review,FF&E + Millwork
Landlord AOR / EOR (Add Services),Soft Costs
Landlord Admin Fee,Soft Costs
Landlord Admin. Fee,Soft Costs
Landlord Administrative Fee,Soft Costs
Landlord Allowances,Construction
Landlord CM,Uncategorized
Landlord CM Fee,Soft Costs
Landlord CM Fees,Soft Costs
Landlord Change Orders,Construction
Landlord Charges,Uncategorized
Landlord Cleaning/Elevator Expenses,Construction
Landlord Construction,Construction
Landlord Construction Management,Construction
Landlord Construction Management Fee,Soft Costs
Landlord Construction Management Fee - 28th Floor,Soft Costs
Landlord Construction Management Fee - 35th Floor,Soft Costs
Landlord Construction Management Fee - Avison Young,Soft Costs
Landlord Construction Management Fee - INVISTA,Soft Costs
Landlord Construction Management Fee - Polinger,Soft Costs
Landlord Construction Mgmt fee,Construction
Landlord Construction Supervision,Construction
Landlord Contributions,Uncategorized
Landlord Contributions - Site Signage,FF&E + Millwork
Landlord Contributions - Unidentified TI,Uncategorized
Landlord Contributions-Office Build Out (per Exh B at $100psf for 8K SF),Uncategorized
Landlord Contributions: Base Building Cost,Construction
Landlord Coordination,Uncategorized
Landlord Coordination Fee,Soft Costs
Landlord Coordination Fees,Soft Costs
Landlord Corridor Work (ECI GMP to be reimbursed),Construction
Landlord Costs,Uncategorized
Landlord Design Team,Soft Costs
Landlord Drawing Review,Uncategorized
Landlord Drawing Review - New Location,Uncategorized
Landlord Engineering,Soft Costs
Landlord Engineering Fee,Soft Costs
Landlord Engineering Overtime Fee,Soft Costs
Landlord Engineers OT Cost,Soft Costs
Landlord Fee,Soft Costs
Landlord Fee 1 of 3,Soft Costs
Landlord Fee 2 of 3,Soft Costs
Landlord Fee 3 of 3,Soft Costs
Landlord Fees,Soft Costs
Landlord Fees (Allowance),Construction
Landlord Management,Soft Costs
Landlord Management Fee,Soft Costs
Landlord Management Fee/ Reviews,Soft Costs
Landlord Management Fees,Soft Costs
Landlord Mgmt Fee,Soft Costs
Landlord Mgmt. Fee,Soft Costs
Landlord Mis Capital,Uncategorized
Landlord Mis Expense,Uncategorized
Landlord Oversight,Uncategorized
Landlord Oversight Fee,Soft Costs
Landlord Oversite Fee,Construction
Landlord Overtime/Management,Uncategorized
Landlord PM,Soft Costs
Landlord PM Fee,Soft Costs
Landlord PM Fee per lease,Soft Costs
Landlord Project Management,Soft Costs
Landlord Project Management Fees (per Lease),Soft Costs
Landlord Project Management/Legal,Soft Costs
Landlord Reimbuseables,Uncategorized
Landlord Related Costs (Construction),Construction
Landlord Representative Cost (JLL),Soft Costs
Landlord Requirements,Uncategorized
Landlord Review,Uncategorized
Landlord Review Fee,Soft Costs
Landlord Review and Approval,Uncategorized
Landlord Review/Bldg Eng. OT,Uncategorized
Landlord Scope,Uncategorized
Landlord Services,Uncategorized
Landlord Services & Materials  - 28th Floor,Uncategorized
Landlord Supervision Cost,Uncategorized
Landlord Supervision Costs,Uncategorized
Landlord Supervision fees,Soft Costs
Landlord Supervisory Fee,Soft Costs
Landlord TI Development Fee,Soft Costs
Landlord TI Hard Cost Contingency,Construction
Landlord TI Soft Costs,Soft Costs
Landlord TIA Direct Distributions,Uncategorized
Landlord Work - Tenant Cost,Uncategorized
Landlord Work - Tenant Costs,Uncategorized
Landlord supervision,Uncategorized
Landlord's Consultant - Drawing Review Fees,Soft Costs
Landlord's Locksmith & Keying - LIFT,FF&E + Millwork
Landlords Fees-Exp,Soft Costs
Landmark Consultant,Soft Costs
Landmarks Consultant,Soft Costs
Landscape,Uncategorized
Landscape - Tree Removal,Uncategorized
Landscape Architect,Soft Costs
Landscape Architectural Fees,Soft Costs
Landscape Consultant Designer,Soft Costs
Landscape Designer,Soft Costs
Landscape clean up,Uncategorized
Landscape/Hardscape,Uncategorized
Landscape/Irrigation/Hardscape,Construction
Landscape/Irrigation/Hardscape/Lighting,Construction
Landscaping,Construction
Landscaping & Irrigation,Construction
Landscaping & Related tubing work,Construction
Landscaping & site improvements,Construction
Landscaping (AIS),Construction
Landscaping (OJB),Construction
Landscaping - ELC,Construction
Landscaping Design,Construction
Langan GC work,Construction
Large Blaster Removal,Uncategorized
Large Format Plaza Video Wall,FF&E + Millwork
"Large Format TV - +/- 65""",Uncategorized
Lateral File Cabinets,Uncategorized
Laundry Equipment,FF&E + Millwork
Lawn Restoration,Uncategorized
Laydown yard gravel repair,Uncategorized
Lead Glass (Radiation Protection),Construction
Lead Paint Survey,Soft Costs
Leaf Fumigation,Uncategorized
Leaf Relocation Cost,FF&E + Millwork
Lease Negotiations,Uncategorized
Lease Space Construction Budget,Construction
Lease TI Allowance- LEIA CAP,Construction
Lease TI Allowance- LEIA OTE,Construction
Leased: Furniture - Henricksen,FF&E + Millwork
Leased: General Contractor (Includes Data Cabling) - Unity,FF&E + Millwork
Leased: Security Equipment - CDW Security (Prosegur),FF&E + Millwork
Leased: Signage/Graphics/Branding - Priority,FF&E + Millwork
Leasehold Improvements,Construction
Leasing Commissions,Uncategorized
Leasing Commissions @ $5.00/SF,Uncategorized
Leasing Fees,Soft Costs
Leasing fees,Soft Costs
Leasing- Commissions,Uncategorized
Leather,Uncategorized
Leed and Fitwell Certification,Soft Costs
Legal,Soft Costs
Legal & Environmental Allowance,Construction
Legal & Title,Soft Costs
Legal - Construction Lender Agreement,Soft Costs
Legal - Development,Soft Costs
Legal - EXP,Soft Costs
Legal - Easement,Soft Costs
Legal - Eb -5 Legal - Partnership Agreement,FF&E + Millwork
Legal - Entity Organizational,Soft Costs
Legal - Equity Partner Agreement,FF&E + Millwork
Legal - Equity partner Agreement,FF&E + Millwork
Legal - Legal Review,Soft Costs
Legal - Misc Legal,Soft Costs
Legal - Purchase and Sale Contract (Troutman),Soft Costs
Legal - SF Law,Soft Costs
Legal / Insurance / Misc.,Soft Costs
Legal Consultant for Signage,FF&E + Millwork
Legal Costs,Soft Costs
Legal Costs 1,Soft Costs
Legal Costs Non Lease Related,Soft Costs
Legal Costs | Approved CAR Value - GRE One-Time EXP,Soft Costs
Legal Council,Soft Costs
Legal Counsel,Soft Costs
Legal Fees,Soft Costs
Legal Fees - Owned,Soft Costs
Legal Fees Expense,Soft Costs
"Legal Fees, b Expense",Soft Costs
Legal Lease Reviews,Soft Costs
Legal Services - Contracts / Legal Support,Soft Costs
Legal and Professional,Soft Costs
Legal fees,Soft Costs
"Legal, Assets & Custom Fees",Soft Costs
Legal- Construction Lender Agreement,Soft Costs
Legal- Contracts,Soft Costs
Legal- Contracts - Mayer Brown,Soft Costs
Legal- Counsel,Soft Costs
Legal- EXP,Soft Costs
Legal- Leasing,Soft Costs
Legal- Leasing  Dykema,Soft Costs
Legal- Leasing / HVAC,Soft Costs
Legal- Misc.,Soft Costs
Legal- Other,Soft Costs
Legal- Purchase and Sale Contracts,Soft Costs
Legal- Taxes,Soft Costs
Legal- Zoning/Permits,Soft Costs
Legal/Liasioning Consultancy,Soft Costs
Leisure World Capital,Uncategorized
Lerch Bates,Uncategorized
Lerch Bates - Vertical Transportation Engineering,Soft Costs
Less: Leasehold Allowance,Construction
Lessor's Project Management Fee,Soft Costs
Level 2 Chargers,Uncategorized
Liberty Movers-Furniture from warehouses,FF&E + Millwork
Library Contingency -Owner,Construction
License for Card Reader,Uncategorized
Life Safety,Uncategorized
Life Safety & Code Review Consultant,Soft Costs
Life Safety Analysis/Third Party Review (Fire Protection),FF&E + Millwork
Life Safety Consultant,Soft Costs
Life Safety Engineer,Soft Costs
Life Safety Engineer / Consultant,Soft Costs
Lift - Dual Symmetrical,Uncategorized
Lift Equipment,FF&E + Millwork
Lift Station & Force Main,Uncategorized
Lifter Glass Wall,Construction
Lighning & Lighning Control,Uncategorized
Light Fixtures and Controls,Construction
Lighting,Uncategorized
Lighting & Lighting Control,Uncategorized
Lighting - Bliss Fassman,Uncategorized
Lighting - Boardroom (5 - Mutto Pendant Light Fixtures),Uncategorized
Lighting - Green Arc,Uncategorized
Lighting - LUMA,Uncategorized
Lighting Consultant,Soft Costs
Lighting Consultant - FMS,Soft Costs
Lighting Consultant - Goldstick Lighting Design,Soft Costs
Lighting Consultant - HDR,Soft Costs
Lighting Consultant - OneLux,Soft Costs
Lighting Consultant Allowance,Construction
Lighting Design,Uncategorized
Lighting Design (SBLD),Soft Costs
Lighting Design - Castelli,Soft Costs
Lighting Design - Goldstick,Soft Costs
Lighting Design - Sean O'Connor,Soft Costs
Lighting Design - TI,Soft Costs
Lighting Designer,Soft Costs
Lighting Designer - Syska (by TMA),Soft Costs
Lighting Fixtures (Custom HH),FF&E + Millwork
Lighting Supply,Uncategorized
Lighting Supply (FOH & BOH),Uncategorized
Lighting System relocation,FF&E + Millwork
Lighting and Controls,Construction
Lighting designer,Soft Costs
Lighting- LightHive,Uncategorized
Lighting/ Hardware/ Landscape Consultants,Soft Costs
Lilker,Uncategorized
Lilker - Low Voltage,FF&E + Millwork
Lilker Energy Solutions (Commissioning),Soft Costs
Lilker- Lighting,Uncategorized
Line Item Contingency,Construction
Line Item Contingency - Change Orders,Construction
Lion Sculpture,Uncategorized
Liquidation,Uncategorized
Liquidation - 135 W 50th,Uncategorized
Liquidation - Phase 1,Soft Costs
Liquidation - Phase 2,Soft Costs
Liquidation Fee,Soft Costs
Liquidation Hard Cost,Construction
Liquidation of Furniture and Decommissioning Old Space,FF&E + Millwork
Loans and Contributions,Uncategorized
Lobby,Uncategorized
Lobby Construction,Construction
Lobby Eames Chairs (SA),FF&E + Millwork
Lobby FF&E,FF&E + Millwork
Lobby Furnishings (OP),FF&E + Millwork
Lobby Furniture - Allowance,FF&E + Millwork
Lobby GC,Construction
Lobby Rugs (Scott Group),Uncategorized
Lobby/Atrium,Uncategorized
Local Architect & MEP,Soft Costs
Local Authority & BMO Fees,Soft Costs
Local Tax,Uncategorized
Local Water Authority,Construction
Location Incentives,Uncategorized
Location Incentives Offset,Uncategorized
LockSmith,Uncategorized
Locker Rooms,Uncategorized
Lockers,FF&E + Millwork
Lockers / Undercounter,FF&E + Millwork
Lockers:  Express lockers & lock replacement,FF&E + Millwork
Locks & Equip. Repairs,Uncategorized
Locksmith,Uncategorized
"Locksmith, blinds & frosted glass film",FF&E + Millwork
Loews Project Management & Reimbursables,Soft Costs
Loews Project Mngt & Reimbursables,Soft Costs
Logistics,Uncategorized
Logistics & WH Design Consulting,Soft Costs
Logo Signage,FF&E + Millwork
Logo signage - reception area & lobbies,FF&E + Millwork
Longman Lindsey (Acoustical),Soft Costs
Loose Furniture,FF&E + Millwork
Low Voltage,FF&E + Millwork
Low Voltage & AV,FF&E + Millwork
Low Voltage & Audio Visual,FF&E + Millwork
Low Voltage & Cabling,FF&E + Millwork
Low Voltage (Prior to contract with PCI),FF&E + Millwork
Low Voltage - Structured Cabling,FF&E + Millwork
Low Voltage - VECA,FF&E + Millwork
Low Voltage - Voice & Data Cabling / Sound Masking,FF&E + Millwork
Low Voltage / Data Cabling,FF&E + Millwork
Low Voltage / Security Design,FF&E + Millwork
Low Voltage Cable| Network & Opening Day Support,FF&E + Millwork
Low Voltage Cabling,FF&E + Millwork
Low Voltage Cabling & TV Allowance,Construction
Low Voltage Cabling (AAA Vendor - TriM),FF&E + Millwork
Low Voltage Cabling - CAL Installations,FF&E + Millwork
Low Voltage Cabling - CBF,FF&E + Millwork
Low Voltage Cabling - Linear,FF&E + Millwork
Low Voltage Cabling - PA Loughran,FF&E + Millwork
Low Voltage Cabling - Vandergren,FF&E + Millwork
Low Voltage Cabling/ Security/ Structured cabling,FF&E + Millwork
Low Voltage Data Cabling,FF&E + Millwork
Low Voltage Data Drops,FF&E + Millwork
Low Voltage Decom,FF&E + Millwork
Low Voltage Design,FF&E + Millwork
Low Voltage Design - National Tech,FF&E + Millwork
Low Voltage Drawings MEP,FF&E + Millwork
Low Voltage Structured Cabling,FF&E + Millwork
Low Voltage USC Proprietary Vendors (allowance),Construction
Low Voltage and AV,FF&E + Millwork
Low Voltage- Data Cabling (Wire to Wire),FF&E + Millwork
Low voltage cabling,FF&E + Millwork
Low-Voltage Cabling,FF&E + Millwork
Low-Voltage Distribution,Uncategorized
Low-Voltage USC Proprietary Vendors (allowance),Construction
Lutron Lighting & Shading,Uncategorized
Lutron Lighting System Update,Uncategorized
M Moser Reimbursables,Soft Costs
M-Audio/Visual,FF&E + Millwork
M-Moving,FF&E + Millwork
M-Security,FF&E + Millwork
M-Taxes,Uncategorized
M-Tech/Comm,Uncategorized
"MAC support: FFE- Med Equip, Move",FF&E + Millwork
MACD,Uncategorized
MATERIAL,Uncategorized
MB12 CS Hard Costs,Construction
MB12 TI Contingency,Construction
MC Fee,Soft Costs
MC Fee (8% of GRE budget Trades),Soft Costs
MC Fee (8% of Trades),Soft Costs
MC Fee (8%),Soft Costs
MC Managing,Uncategorized
MC Managing Contracting @8%,Uncategorized
MC Managing Contractor 8%,Construction
MC Managing Contractor @8%,Construction
MC Managing Contractors 8% - EXP,Uncategorized
MC Managing Contractors @8%,Uncategorized
MC Managing Contractors P&C,Uncategorized
MC cost,Uncategorized
MCD IT Equipment & Expenses,FF&E + Millwork
MDF IT Equipment (not within original budget),FF&E + Millwork
MDF/IT Support,Uncategorized
MED Architecture - Interior Design,FF&E + Millwork
MEP,Uncategorized
MEP & Other Consultants,Soft Costs
MEP + Security Engineer - Services,FF&E + Millwork
MEP -  Engineering Fees,Soft Costs
MEP - Engineering Fees,Soft Costs
MEP - RDA,Construction
MEP - Stantec,Construction
MEP - Syska & Hennessy,Construction
MEP - WB Engineers,Soft Costs
MEP - Water Source Heat Pump Design,Construction
MEP / IT / AV / Sec Engineer,FF&E + Millwork
MEP AV/IT/Security Engineer,FF&E + Millwork
MEP Base Budget,Construction
MEP Basic Services,Soft Costs
MEP Commissioning,Soft Costs
MEP Consultant - Hargis,Soft Costs
MEP Consultants,Soft Costs
MEP Consulting Services,Construction
MEP Consulting Services - Base Bld. - Wylie,Construction
MEP Consulting Services - Wylie,Construction
MEP Design,Soft Costs
MEP Design Consultancy,Soft Costs
MEP Documents,Construction
MEP Engineer,Soft Costs
MEP Engineer  - LAN Room,Soft Costs
MEP Engineer  IT/AV/Security Consultant,FF&E + Millwork
MEP Engineer & AV/IT/Security Consultant,FF&E + Millwork
MEP Engineer & Structural,Soft Costs
MEP Engineer (GHT),Soft Costs
MEP Engineer (Incl Tech/ AV/ Etc),Soft Costs
MEP Engineer (Included in Architect),Soft Costs
MEP Engineer (RDA),Soft Costs
MEP Engineer (RDA/RDE/RDT),Soft Costs
MEP Engineer (Under Huntsman),Soft Costs
MEP Engineer (under Gensler),Soft Costs
MEP Engineer - AMA,Soft Costs
MEP Engineer - CFR,Soft Costs
MEP Engineer - CFR Engineering,Soft Costs
MEP Engineer - CFS,Soft Costs
MEP Engineer - Dynamic,Soft Costs
MEP Engineer - GHT,Soft Costs
MEP Engineer - Gensler/ARC,Soft Costs
MEP Engineer - Lilker,Soft Costs
MEP Engineer - Lilker/IMEG,Soft Costs
MEP Engineer - Loring Engineers,Soft Costs
MEP Engineer - ME Engineering,Soft Costs
MEP Engineer - MEP,Soft Costs
MEP Engineer - MGE,Soft Costs
MEP Engineer - MHC,Soft Costs
MEP Engineer - Oldham,Soft Costs
MEP Engineer - RDA,Soft Costs
MEP Engineer - RDA _ Conf. Rm.,Soft Costs
MEP Engineer - RDA _ Lobby,Soft Costs
MEP Engineer - Rock Brook,Soft Costs
MEP Engineer - Rock Brook & EMTG,Soft Costs
MEP Engineer - Services,Soft Costs
MEP Engineer - Services Hargis,Soft Costs
MEP Engineer - Services Hargis PO 2D-03252380,Soft Costs
MEP Engineer - Services Harigs,Soft Costs
MEP Engineer - Shariff & Allen,Soft Costs
MEP Engineer - WSP Peer Review,Soft Costs
MEP Engineer / IT / Security,FF&E + Millwork
MEP Engineer 1,Soft Costs
MEP Engineer 2,Soft Costs
MEP Engineer Fee - Interiors,Soft Costs
MEP Engineer Fees,Soft Costs
MEP Engineer Fees - Interiors,Soft Costs
MEP Engineer SCIF,Soft Costs
MEP Engineer _ RDA,Soft Costs
MEP Engineer for LL Work,Soft Costs
"MEP Engineer, All",Soft Costs
"MEP Engineer, all",Soft Costs
MEP Engineer- ESD,Soft Costs
MEP Engineer- NOT ONBOARDED,Soft Costs
MEP Engineer/ Amit Wadhwa,Soft Costs
MEP Engineer; IT/AV/Security Engineer,FF&E + Millwork
MEP Engineered Design,Soft Costs
MEP Engineering,Soft Costs
MEP Engineering & Cx - Alfatech,Soft Costs
MEP Engineering - GPI,Soft Costs
MEP Engineering - Gensler/ARC,Soft Costs
MEP Engineering Fees,Soft Costs
MEP Fire Sprinkler Fire Alarm,Construction
MEP LAN Room,Construction
MEP LEED,Soft Costs
MEP Pre-Design Corridors,Soft Costs
MEP Reimbursable,Soft Costs
MEP Review (Goldman Copeland),Construction
MEP Safe Off,Construction
MEP Self-Cert Filing,Construction
MEP Services,Construction
MEP Site Analysis/Geotech Engineering,Soft Costs
MEP Survey of Existing Building,Soft Costs
MEP – Engineering Fees,Soft Costs
"MEP, FP, AV, IT & Security Engineer",FF&E + Millwork
"MEP, IT, Security, SM, AV Engineer",FF&E + Millwork
"MEP, Security Engineer - Services - Hargis",FF&E + Millwork
"MEP, Security, Telecom Engineer - Services",FF&E + Millwork
"MEP, Security, Telecom Engineer - Services - Hargis",FF&E + Millwork
"MEP, Security, Telecom Engineer Services - Hargis",FF&E + Millwork
MEP-Exp,Uncategorized
MEP-FP & Low Voltage/ IT Engineering: RDA/T,FF&E + Millwork
MEP-IT-Sec-AV Engineer,FF&E + Millwork
MEP/FP,Uncategorized
MEP/FP Design - TI,Soft Costs
MEP/FP Engineer,Soft Costs
MEP/FP Engineer (includes supplemental cooling),Soft Costs
MEP/FP Engineer - Syska Hennessy,Soft Costs
MEP/Structural - Ci Design & NV5,Soft Costs
MEPF Engineer,Soft Costs
MEPFP & IT Engineer,Soft Costs
MEPFT Engineer,Soft Costs
MEPS Engineer - MEP/S,Soft Costs
MEPS and Structural Engineer - Providence,Soft Costs
MES,Uncategorized
MFG Equip (Assembly Only) (BPC002757),Uncategorized
MFG Equip (Chamber Equip) (BPC002757),Uncategorized
MGMA,Uncategorized
MHE Equipment,FF&E + Millwork
"MHE Equipment (HOJ) - Conveyor, Mezzanine, Racking, Misc. & Addt'l Equip.",FF&E + Millwork
MHE by Design-Builder,Construction
MHE by Owner,Uncategorized
MHS Construction Auditor,Construction
MISC,Uncategorized
MISC - HC Construction,Construction
MISC Owners Costs,Uncategorized
"MISC. Reimbursable Expenses - (CMT, Inspects, Prints, Reimbursables, Etc.)",Soft Costs
MIsc,Uncategorized
MM - Demolition Costs,Construction
MMC Costs,Uncategorized
MMG - Artwork,FF&E + Millwork
MMG - Contingency,Construction
MMG - PM Fees 5003218509,Soft Costs
MMG - Security,FF&E + Millwork
MMG - Signage,FF&E + Millwork
MMG - X-Ray,Uncategorized
MMG A&E Fees,Soft Costs
MMG Construction,Construction
MMG Shielding Design,Uncategorized
MMG- A&E Fees,Soft Costs
MMG- Construction,Construction
MMG- Contingency,Construction
MMG- Furniture,FF&E + Millwork
MMG- IT / Network,Uncategorized
MMG- Medical Equip,Uncategorized
MMG- Minor Medical Equipment,FF&E + Millwork
MMG- Security,FF&E + Millwork
MMG-IT / Network,Uncategorized
MMG-Interior/Exterior Signage,FF&E + Millwork
MMG-Permits,Soft Costs
MPI - Facade and Exterior Paint,Construction
MPLS & Internet Install,Uncategorized
MPLS and Internet (12mos),Uncategorized
MSCBA Fee,Soft Costs
MSCBA Fees,Soft Costs
MSCBA Management Fee,Soft Costs
MSCBA Project Contingency,Construction
MSCBA Reimbursable,Soft Costs
MSCBA Reimbursables,Soft Costs
MSCBA Reimbursements,Uncategorized
MSD Transfered Equipment Moving,FF&E + Millwork
MSP Abatement,Uncategorized
MT Lab Equipment,FF&E + Millwork
MVW Internal PM (multiple),Soft Costs
MWBE CONSULTANT,Soft Costs
Machinery & Equip,Uncategorized
Magna Development Fees,Soft Costs
Magna Management Fees,Soft Costs
Mail Room Setup,Uncategorized
Main Contract,Uncategorized
Main Contract Works,Uncategorized
Main Contractor,Uncategorized
Main Kitchen & Bar Equipment - Local,FF&E + Millwork
Main Kitchen & Bar Equipment - Overseas,FF&E + Millwork
Maintenance Equip,Uncategorized
Maintenance Startup Supplies,FF&E + Millwork
"Maintenance, Bonds & PM Services & RCLS",Soft Costs
Maintenance/Calibration Tools (BPC002757),Uncategorized
Major Equipment,FF&E + Millwork
Major Medical Equipment,FF&E + Millwork
Major Medical Equipment - Ob/Gyn,FF&E + Millwork
Major Medical Equipment - PM&R,FF&E + Millwork
Major Medical Equipment - Urology,FF&E + Millwork
Major Medical Equipment Contingency,Construction
Major and Minor Medical/Ancillary Equipment,FF&E + Millwork
Major/Minor Medical Equipment,FF&E + Millwork
Make Ready Work,Uncategorized
Managed Fee (5%),Soft Costs
Management Fee,Soft Costs
Management Fees,Soft Costs
Management Fees - Direct Purchase,Soft Costs
Management Information Systems / IT,Uncategorized
Management Information Systems / IT - USC (allowance),Construction
Managing Contractor Services,Construction
Manifold - Landlord Project Management Fee,Soft Costs
Manufacturing Area Construction,Construction
Marand-Repairs done for FM Team Per Tom,Uncategorized
Marker Board,Uncategorized
Marker Boards,Uncategorized
Market Escalations,Uncategorized
Market Factors / Escalation,Uncategorized
Marketing,Uncategorized
Marketing Costs - Adrenaline,Uncategorized
Marketing Design,Uncategorized
Marketing Expenses (Adrenaline),Uncategorized
Marketing Materials,Uncategorized
Marketing Ofc/Pre-Opening Exp.,Uncategorized
"Marketing, Sales, Leasing Costs - Brochures, Floor Plans, Collateral Materials",Construction
"Marketing, Sales, Leasing Costs - Groundbreaking, Topping Out, Grand Opening",Uncategorized
"Marketing, Sales, Leasing Costs - Marketing floor plans from architect",Soft Costs
"Marketing, Sales, Leasing Costs - Mktg- Advertising",Uncategorized
"Marketing, Sales, Leasing Costs - Move-In Gifts",FF&E + Millwork
"Marketing, Sales, Leasing Costs - Public Relations and Promotions",Uncategorized
"Marketing, Sales, Leasing Costs - Renderings and Photography",Uncategorized
"Marketing, Sales, Leasing Costs - Sales/ Leasing Center Office Equipment",FF&E + Millwork
"Marketing, Sales, Leasing Costs - Sales/ Leasing Center Supplies",Uncategorized
"Marketing, Sales, Leasing Costs - Web Site",Uncategorized
Marketing/Initial Operations,Uncategorized
Marketing/PR/Travel,Uncategorized
Marketing/Public Relations,Uncategorized
Masonry,Construction
"Masonry (CMU, Brick Wall Cladding, Stabilizing & Straightening, Wall Capping)",Construction
Masonry Contingency,Construction
Mass Grading,Uncategorized
Master Plan Appeal (Legal),Soft Costs
Masterplan Coordination,Uncategorized
Match Group IT Equipment,FF&E + Millwork
"Material Delivery, Carpentry works, False ceiling works and Painting works",Construction
Material Handler/Forklift Resource (OPEX),Construction
Material Handling,Construction
Material Handling - Pallet Wrapper - ULine,FF&E + Millwork
Material Handling Equipment - Crown,FF&E + Millwork
Material Handling/Racks,Construction
Material Racking by Owner,Construction
Material Testing,Construction
Material Testing & Special Inspections,Soft Costs
Material Testing - Pavetex,Construction
Material Testing / Inspection,Soft Costs
Material Testing/3rd Party Inspections,FF&E + Millwork
Materials Testing,Soft Costs
Materials Testing & Special Inspections,Soft Costs
Materials Testing & Special Inspections - ECS,Soft Costs
Materials Testing Consultant,Soft Costs
Materials Testing Consultant - TBD,Soft Costs
Materials Testing/3rd Party Inspections,FF&E + Millwork
Mattress & TV Estimate,Uncategorized
Mazzuca Construction,Construction
McKinstry Survey,Soft Costs
McLaren - Structural Engineer,Soft Costs
McMillan Security - Turnstile Work,FF&E + Millwork
McMillan Security - Visitor Management System,FF&E + Millwork
Mechanical,Soft Costs
Mechanical (Chillers),Soft Costs
"Mechanical (FF,Utlity, PHE)",Soft Costs
Mechanical - HVAC,Construction
"Mechanical - HVAC, Fire Fighting",Construction
"Mechanical - Heating, HVAC & Ventilation",Construction
Mechanical / Plumbing,Construction
Mechanical 2020,Soft Costs
Mechanical Construction,Construction
Mechanical Consultant,Soft Costs
Mechanical Contractor,Construction
Mechanical Contractor (ACCO),Construction
Mechanical Design,Soft Costs
Mechanical Design Fees,Soft Costs
Mechanical Design/Air Balance Pre-reads,Soft Costs
Mechanical Due Diligence,Soft Costs
Mechanical Engineering Fees,Soft Costs
Mechanical HVAC,Construction
Mechanical Labor,Soft Costs
Mechanical Material,Soft Costs
Mechanical Materials,Soft Costs
Mechanical Services,Soft Costs
Mechanical Upgrades II - (4) SWUD Units,Soft Costs
Mechanical Upgrades Phase 1 - (4) SWUD Units - 2022,Soft Costs
"Mechanical, Electrical, Plumbing Engineering",Soft Costs
Mechanical-Exp,Soft Costs
Med Gas,Construction
Med-Ed Services,Uncategorized
MedStar IT,Uncategorized
Medgas Inspection and Testing,Soft Costs
Media Production - Centerstage,Uncategorized
Medical Equipment,FF&E + Millwork
Medical Equipment ( Supply Chain Budget),FF&E + Millwork
Medical Equipment ( Supply Chain),FF&E + Millwork
Medical Equipment (4th Flr. CT Scanner),FF&E + Millwork
Medical Equipment (MRI),FF&E + Millwork
Medical Equipment (Mobile MRI),FF&E + Millwork
Medical Equipment (New CT BA-22),FF&E + Millwork
Medical Equipment (Supply Chain),FF&E + Millwork
Medical Equipment - Major,FF&E + Millwork
Medical Equipment - McKesson,FF&E + Millwork
Medical Equipment - Procure & Implement,FF&E + Millwork
Medical Equipment Consultant,FF&E + Millwork
Medical Equipment Planner,FF&E + Millwork
Medical Equipment Planners,FF&E + Millwork
Medical Equipment Planning,FF&E + Millwork
Medical Equipment Procurement Assistance,FF&E + Millwork
Medical Equipment Purchasing & Implementation,FF&E + Millwork
Medical Equipment Software,FF&E + Millwork
Medical Equipment and Artwork,FF&E + Millwork
"Medical Equipment, Other",FF&E + Millwork
"Medical Equipment, Siemens",FF&E + Millwork
Medical Equipment/ Artwork,FF&E + Millwork
Medical/Specialty Equipment,FF&E + Millwork
Meeting Room Furniture,FF&E + Millwork
Membrane Roofing,Construction
Mep Engineer,Soft Costs
Merchandising,Uncategorized
Merchandising/Branding,FF&E + Millwork
Metal Doors/Frames,Construction
Metal Material,Uncategorized
Metal Railings / Stairs,Uncategorized
Metal Stair Repair,Uncategorized
Metal Work,Uncategorized
Metal and Glass,Uncategorized
Metals,Construction
Metals & Structural Steel (Mezzanine),Construction
Metals (Railings),Construction
Metals Stair Repair,Construction
Mezzanine (estimated),Uncategorized
Mezzanine Core & Shell and Fit-out,Uncategorized
Mezzanine Costs,Uncategorized
Microscopes,Uncategorized
Microwave,Uncategorized
Mid-Term Investment,Uncategorized
Midsouth Canopies,Uncategorized
Miller Decom,FF&E + Millwork
Miller Engineering,Soft Costs
Milliennium,Uncategorized
Millwork,FF&E + Millwork
Millwork (GC scope),FF&E + Millwork
Millwork - 6200,FF&E + Millwork
Millwork - Freestanding & Built-in,FF&E + Millwork
Millwork Frame at Elevator Wall,FF&E + Millwork
Millwork Refinishing,FF&E + Millwork
Millwork and Countertops,FF&E + Millwork
Millwork/Hardwark & Plastics,FF&E + Millwork
Milrose - Other Design Consultants,Soft Costs
Milrose - Permit/zoning,Soft Costs
Minnesota Investment Fund,Uncategorized
Minnesota Job Creation Fund,Uncategorized
Minor Equipment,FF&E + Millwork
Minor Medical - MMG Ortho,Uncategorized
Minor Medical - NRH PT,Uncategorized
Minor Medical Equipment,FF&E + Millwork
Mirador procured TVs/Apple TVs,Uncategorized
Misc,Uncategorized
Misc - cleaning,Uncategorized
Misc Construction,Construction
Misc Consultants,Soft Costs
"Misc Consultants (Vapor Barrier, DAS, OTA)",Soft Costs
Misc Design Fees,Soft Costs
Misc Equipment,FF&E + Millwork
Misc Expenses,Uncategorized
Misc FFE,FF&E + Millwork
Misc FFE / Interior Furnishings,FF&E + Millwork
Misc Furnishings,FF&E + Millwork
Misc Furnishings Allowance,Construction
Misc IT Equipment,FF&E + Millwork
Misc IT Equipment - Material Only,FF&E + Millwork
Misc Lab and IT Equipment,FF&E + Millwork
Misc Office Equipment,FF&E + Millwork
"Misc Office Supplies, Artwork, signage",FF&E + Millwork
Misc Other,Uncategorized
Misc Purch/Supplies Exp,Uncategorized
Misc Reimbursable,Soft Costs
Misc Reimbursable (FM Time/Expense),Soft Costs
Misc Reimbursables,Soft Costs
Misc Sitework,Construction
Misc Soft Costs,Soft Costs
Misc Soft Costs & Reimbursables,Soft Costs
"Misc Taxes, Insurance, HOA Fees - Tax Prep & Audit",Soft Costs
Misc- Due Diligence & Survey,Soft Costs
Misc. & Infrastructure,Uncategorized
Misc. (Furniture Re-in,FF&E + Millwork
Misc. / Artwork/ FFE,FF&E + Millwork
Misc. Ancillary,Uncategorized
Misc. Building Engineering/off hours,Soft Costs
Misc. Building Equipment,FF&E + Millwork
Misc. Consultant (i.e. plant vendor),Soft Costs
Misc. Consultants,Soft Costs
Misc. Consultants & Reimbursable,Soft Costs
Misc. Due Diligence & Survey,Soft Costs
Misc. Equipment,FF&E + Millwork
Misc. Equipment and Tools,FF&E + Millwork
Misc. FFE,FF&E + Millwork
Misc. Facilities & Startup,FF&E + Millwork
Misc. Facilities/Start up,FF&E + Millwork
Misc. Facilities/Start-up  (65000 / 65999),FF&E + Millwork
Misc. Furnishings - INVISTA,FF&E + Millwork
Misc. IT Equipment,FF&E + Millwork
"Misc. IT Equipment - Computers, Monitors, Printers...",FF&E + Millwork
Misc. Metals (Structural Steel),Construction
Misc. Muni Dev Fees / Office Rental,Soft Costs
Misc. One-Time Expenses Work: - Demolition / Temporary Set up,Construction
Misc. Ornamental Metals,Construction
Misc. Owner Equipment Allowance,Construction
Misc. Professional Services,Uncategorized
Misc. Project Costs including Cabling & Relocation Costs,FF&E + Millwork
Misc. Reimb (FM time/Exp),Uncategorized
Misc. Reimbursable (FM Time/Expense),Soft Costs
Misc. Reimbursables (FM Time/Expense),Soft Costs
Misc. Repairs (Furnitu,Uncategorized
Misc. SC- Copying and Printing Costs (Non A&E Related),Uncategorized
"Misc. SC- Courier, Postage, Supplies, Cell Phone",Uncategorized
Misc. SC- Misc. Contract Labor,Uncategorized
Misc. SC- Organizational Costs,Uncategorized
Misc. SC- Presentation Materials,Uncategorized
Misc. SC- Travel Costs,Uncategorized
Misc. Signage,FF&E + Millwork
Misc. Soft Costs,Soft Costs
Misc. Soft Costs and Reserves - Copying and Printing Costs,Soft Costs
Misc. Soft Costs and Reserves - Meals and Entertainment,Soft Costs
Misc. Soft Costs and Reserves - Misc Marketing,Soft Costs
Misc. Soft Costs and Reserves - Organizational Costs,Soft Costs
Misc. Soft Costs and Reserves - Presentation Materials,Soft Costs
Misc. Soft Costs and Reserves - Travel Costs,Soft Costs
Misc. Specialties Labor,Uncategorized
Misc. Specialties Materials,Uncategorized
Misc. Studio Equipment,FF&E + Millwork
Misc. Technology - INVISTA,FF&E + Millwork
Misc. Toilet Accessories,FF&E + Millwork
Misc. Tooling,Uncategorized
Misc. Wall Shielding,Uncategorized
Misc./Other,Uncategorized
Misc.: Electrical - Amptek,Construction
Miscellaneous,Uncategorized
"Miscellaneous (Meetings, Site Facilities, etc)",Construction
Miscellaneous - Decom,FF&E + Millwork
Miscellaneous / Accessories,FF&E + Millwork
Miscellaneous / Artwork,FF&E + Millwork
Miscellaneous 3rd Floor Relocation Costs,FF&E + Millwork
Miscellaneous A/V Equipment,FF&E + Millwork
Miscellaneous Allowance,Construction
"Miscellaneous Building Fees (Freight Elev, Loading Dock, Fire Watches, Sprinkler Shutdown, etc.)",Construction
Miscellaneous Cap,Uncategorized
Miscellaneous Cap - Appliances,FF&E + Millwork
Miscellaneous Consultants,Soft Costs
Miscellaneous Costs,Uncategorized
Miscellaneous Equipment,FF&E + Millwork
Miscellaneous Exp,Uncategorized
Miscellaneous Exp - Signage & Keying,FF&E + Millwork
Miscellaneous Expense,Uncategorized
Miscellaneous Expenses,Uncategorized
Miscellaneous Facilities,Uncategorized
Miscellaneous Facilities and Startup,FF&E + Millwork
Miscellaneous Furnishings,FF&E + Millwork
Miscellaneous Hard Costs - Keying,FF&E + Millwork
Miscellaneous IT Costs,Uncategorized
Miscellaneous Metals,Construction
Miscellaneous Municipal Permits & Fees,Soft Costs
Miscellaneous Owner Consultants,Soft Costs
Miscellaneous SC,Uncategorized
Miscellaneous Signage,FF&E + Millwork
Miscellaneous Soft Costs,Soft Costs
Miscellaneous Specialities,Uncategorized
Miscellaneous- Wifi hotspot,Uncategorized
Mktg- Misc. Marketing,Uncategorized
Mktg- Signs/Billboards,Uncategorized
Mktg- Space Planning,Soft Costs
Mktg- Travel/Entertain,Uncategorized
Mobile MRI,Uncategorized
Mobile Ordering,Uncategorized
Mobile Stools,Uncategorized
Mobile Surveillance Unit,Uncategorized
Mobilization,Uncategorized
Mock Ups,Uncategorized
Mockups,Construction
Modality - Treatment Systems/Equipment,FF&E + Millwork
Modality Treatment Systems/Equipment,FF&E + Millwork
Model Shop,Uncategorized
Model Unit FFE,FF&E + Millwork
Model Unit Furnishing,Uncategorized
Modification Shed 4F & 4G- CAPx,Uncategorized
Modifications to Exisiting Furniture,FF&E + Millwork
Modified Lip Keeper,Uncategorized
Modular Vertical Self-Contained Unit Upgrades,Uncategorized
Modular Walls,Construction
Moisture Test,Uncategorized
Moisture and Site Remediation,Construction
Mold Remediation Expense,Uncategorized
Monitor Arms,Uncategorized
Monitor Arms Office/Cubes,Uncategorized
Monitoring system,Uncategorized
Monitors,FF&E + Millwork
Monitors & Keyboards,FF&E + Millwork
Monitors Arms- (WALDNERS),FF&E + Millwork
Monitors| Mice & Keyboards,FF&E + Millwork
Monroney Printers,FF&E + Millwork
Monthly Recurring Expense,Uncategorized
Monument Installation,Uncategorized
Monument Signage,FF&E + Millwork
Monument signage,FF&E + Millwork
Monument-Signage Exterior,FF&E + Millwork
Moss Wall,Uncategorized
Motor - Garage Doors,Uncategorized
Mounting Kit,Uncategorized
Move,FF&E + Millwork
Move & Decom,FF&E + Millwork
Move & Install,FF&E + Millwork
Move & Logistics,FF&E + Millwork
Move & Storage,FF&E + Millwork
"Move & Storage, b",FF&E + Millwork
"Move & Storage, c",FF&E + Millwork
"Move & Storage, d",FF&E + Millwork
Move (Mesa Moving),FF&E + Millwork
"Move (Pers, Artwork, Misc. Equip)",FF&E + Millwork
Move + Relocation Services,FF&E + Millwork
Move - People and Possessions,FF&E + Millwork
Move - office decommissioning,FF&E + Millwork
Move / Decom - North American,FF&E + Millwork
Move / Disposal,FF&E + Millwork
Move / Install,FF&E + Millwork
Move / Relocation,FF&E + Millwork
Move / Relocation Consultant,FF&E + Millwork
Move / Relocation Cost,FF&E + Millwork
Move / Relocation Cost Allowance,Construction
Move AV EEO,FF&E + Millwork
Move Buck Loaders,FF&E + Millwork
Move Consultant,FF&E + Millwork
Move Consultants,FF&E + Millwork
Move Coordination,FF&E + Millwork
Move Coordinator,FF&E + Millwork
Move Cost,FF&E + Millwork
Move Cost & Manager 1,FF&E + Millwork
Move Costs,FF&E + Millwork
Move Costs (Allowance),Construction
Move Costs (Certified),FF&E + Millwork
Move Costs - Certified,FF&E + Millwork
Move Costs | Approved CAR Value - GRE One-Time EXP,FF&E + Millwork
Move Costs | Draft CAR Value - GRE One-Time EXP,FF&E + Millwork
Move Employees from 3700,FF&E + Millwork
Move Equipment,FF&E + Millwork
Move Expense,FF&E + Millwork
"Move Expense (Off, WH & 60k Inventory pallets)",FF&E + Millwork
Move Expenses,FF&E + Millwork
Move HR/EA,FF&E + Millwork
Move Knoll Furniture,FF&E + Millwork
Move Logistic,FF&E + Millwork
Move Logistic - EXP,FF&E + Millwork
Move Management,FF&E + Millwork
Move Management (73000 / 70000),FF&E + Millwork
Move Management / Move & Relocate Staff,FF&E + Millwork
Move Management Fee,FF&E + Millwork
Move Management Fees,FF&E + Millwork
Move Management Support,FF&E + Millwork
Move Management-Exp,FF&E + Millwork
Move Manager,FF&E + Millwork
Move Manager 1,FF&E + Millwork
Move Manager JLL,FF&E + Millwork
Move Mgmt,FF&E + Millwork
Move Mgmt. JLL,FF&E + Millwork
Move Mgr- JLL,FF&E + Millwork
Move Mgr- Non JLL,FF&E + Millwork
Move Mgr- Non JLL - Gensler/MGAC,FF&E + Millwork
Move People/Possessions,FF&E + Millwork
Move Preparation/Packing,FF&E + Millwork
Move Printers,FF&E + Millwork
Move Project Manager - JLL,FF&E + Millwork
Move Relocation - Mesa,FF&E + Millwork
Move Services,FF&E + Millwork
Move Services (Personnel and Equipment Relocation),FF&E + Millwork
Move Services (To & From Storage),FF&E + Millwork
"Move Services, external",FF&E + Millwork
Move Vendor,FF&E + Millwork
Move Vendor #01 - Furnishings & IT Equipment - Pinnacle,FF&E + Millwork
Move Vendor #02 - Instruments & Chemicals - Aglient Sub-Movers,FF&E + Millwork
Move and Clean,FF&E + Millwork
Move and Decom,FF&E + Millwork
"Move and Decomm ""Put Back""",FF&E + Millwork
Move and Decommissioning,FF&E + Millwork
Move and Decommissioning Costs,FF&E + Millwork
Move and KD/Installation of Furniture,FF&E + Millwork
Move and Occupancy Coordination,FF&E + Millwork
Move from 5140 Yonge,FF&E + Millwork
Move furniture / install,FF&E + Millwork
Move manager,FF&E + Millwork
Move of Contents to Receiving Site,FF&E + Millwork
Move out & back in needs,FF&E + Millwork
Move return occupant belongings,FF&E + Millwork
Move to Buffalo Grove,FF&E + Millwork
Move to Regus,FF&E + Millwork
Move to Rochester Hills Michigan,FF&E + Millwork
Move to containers,FF&E + Millwork
"Move, KD, Relo and Reinstall Furniture, Decomm",FF&E + Millwork
Move/ Relocate Consultant,FF&E + Millwork
Move/ Relocation: Line Rigging,FF&E + Millwork
Move/Liquidation - Conf. Rm.,FF&E + Millwork
Move/Relocate - staff,FF&E + Millwork
Move/Relocation,FF&E + Millwork
Move/Relocation Cost,FF&E + Millwork
Move/Relocation: Asset Relocation/Move Services,FF&E + Millwork
Move/Shipping,FF&E + Millwork
Moveable / Operable Partitions,FF&E + Millwork
Moveable Wall,FF&E + Millwork
Moved Furniture,FF&E + Millwork
Mover,FF&E + Millwork
Mover - GWS - Expense,FF&E + Millwork
Mover - OFR - Expense,FF&E + Millwork
Mover / Storage,FF&E + Millwork
Mover Allowance,Construction
Mover Cost,FF&E + Millwork
Movers,FF&E + Millwork
Movers (All Season),FF&E + Millwork
Movers -  files/boxes,FF&E + Millwork
Movers - East End,FF&E + Millwork
Movers - Files/Boxes,FF&E + Millwork
Movers - files/boxes,FF&E + Millwork
Moves,FF&E + Millwork
Moves manager,FF&E + Millwork
Moving,FF&E + Millwork
Moving & Decom,FF&E + Millwork
Moving & Decommission (Liberty),FF&E + Millwork
Moving & Power Wash front entrance,FF&E + Millwork
Moving & furniture removal,FF&E + Millwork
Moving (1722),FF&E + Millwork
Moving (ACMI),FF&E + Millwork
Moving (Alexanders),FF&E + Millwork
"Moving (B&M AFE $15,000)",FF&E + Millwork
Moving (Comm Works),FF&E + Millwork
Moving (Dancker) Includes FFE Moving to support Stair Carpet,FF&E + Millwork
Moving (Darryl Flood),FF&E + Millwork
Moving (EXP),FF&E + Millwork
Moving (Equipment),FF&E + Millwork
Moving (NWB),FF&E + Millwork
Moving (Personnel),FF&E + Millwork
Moving (Wolverine),FF&E + Millwork
Moving + Art Services + Copier Relo (Allowance),Construction
Moving -  SCIF,FF&E + Millwork
Moving - Balance to move to contingency,Construction
Moving - Commercial Works,FF&E + Millwork
Moving - Contents Only To New Location,FF&E + Millwork
Moving - Corrigan,FF&E + Millwork
Moving - Crown,FF&E + Millwork
Moving - Decom,FF&E + Millwork
Moving - EXP,FF&E + Millwork
Moving - East End,FF&E + Millwork
Moving - Equipment,FF&E + Millwork
Moving - Existing Inventory (ADT),FF&E + Millwork
Moving - Furn & Cont Exp,FF&E + Millwork
Moving - Furniture/AV/Equipment/Signage,FF&E + Millwork
Moving - GenVault,FF&E + Millwork
Moving - Labor,FF&E + Millwork
Moving - Liberty Group,FF&E + Millwork
Moving - Lile,FF&E + Millwork
Moving - OAR,FF&E + Millwork
Moving - People & Things,FF&E + Millwork
Moving - People + Possessions,FF&E + Millwork
Moving - People and Things,FF&E + Millwork
Moving - Personnel Relocation & Decommissioning,FF&E + Millwork
Moving - RAR,FF&E + Millwork
Moving - RedThread,FF&E + Millwork
Moving - Relocation,FF&E + Millwork
Moving - SHM,FF&E + Millwork
Moving - SPRY Moving & Liquidation,FF&E + Millwork
Moving - Spry,FF&E + Millwork
Moving - T&N Van,FF&E + Millwork
Moving - Tri State Office LLC,FF&E + Millwork
Moving - TurnKey,FF&E + Millwork
Moving - incl. in One Interiors,FF&E + Millwork
Moving / Decomm,FF&E + Millwork
Moving / Decommission,FF&E + Millwork
Moving / Decommissioning,FF&E + Millwork
Moving / Relocation,FF&E + Millwork
Moving / Removing / Di,FF&E + Millwork
Moving Allowance,Construction
Moving Company,FF&E + Millwork
Moving Contents - Elkridge to Allentown (OPEX),FF&E + Millwork
Moving Contents - Elkridge to Hubbard (OPEX),FF&E + Millwork
Moving Contents - Elkridge to Mt. Olive (OPEX),FF&E + Millwork
Moving Cost,FF&E + Millwork
"Moving Cost (200 K for FRF, 200 K for Office)",FF&E + Millwork
Moving Cost- B.A.R,FF&E + Millwork
Moving Costs,FF&E + Millwork
Moving Costs (2023 Budget/Flip),FF&E + Millwork
Moving Costs (Val),FF&E + Millwork
Moving Costs - Sher Del Transfer,FF&E + Millwork
Moving Costs MESA,FF&E + Millwork
Moving Exp,FF&E + Millwork
Moving Expense,FF&E + Millwork
Moving Expenses,FF&E + Millwork
Moving Expenses - Zweit Lab,FF&E + Millwork
Moving Phase 1- NCS (floors 3 & 9),FF&E + Millwork
Moving Phase 2- Crown (floors 7 & 8),FF&E + Millwork
Moving Phase 3- GDS (floors 5 & 6),FF&E + Millwork
Moving Phase 4- GDS (floors 10 & 4),FF&E + Millwork
Moving Phase 5- Graebel (floors 2 & 1),FF&E + Millwork
Moving Services,FF&E + Millwork
Moving Services Labor,FF&E + Millwork
Moving and Decommission,FF&E + Millwork
Moving and clearing of misc FF&E from 10th floor,FF&E + Millwork
Moving cost,FF&E + Millwork
Moving within 120 Bloor,FF&E + Millwork
"Moving, All",FF&E + Millwork
"Moving, Machine Shop",FF&E + Millwork
"Moving, all",FF&E + Millwork
"Moving, all, GWS Proposal",FF&E + Millwork
Moving- Allocations 1,FF&E + Millwork
Moving- Contingency,Construction
Moving- Contingency 1,Construction
Moving- Crates,FF&E + Millwork
Moving- EXP,FF&E + Millwork
Moving- General 1,FF&E + Millwork
Moving- Impact,FF&E + Millwork
Moving- Staff,FF&E + Millwork
Moving- Surrendar,FF&E + Millwork
Moving- Tech Source,FF&E + Millwork
Moving-Exp,FF&E + Millwork
Moving-KD furniture-Put Back,FF&E + Millwork
Moving-Office,FF&E + Millwork
Moving-Surplus Removal,FF&E + Millwork
Moving-Vendor Cost,FF&E + Millwork
Moving/ Decomm_Admin,FF&E + Millwork
Moving/ Decommissioning,FF&E + Millwork
Moving/ Relocation Costs,FF&E + Millwork
Moving/ Removal of Furniture,FF&E + Millwork
Moving/6th Floor Swing Space Budget,FF&E + Millwork
Moving/Disposal,FF&E + Millwork
Moving/Furniture cleared out,FF&E + Millwork
Moving/Furniture/Packing Materials,FF&E + Millwork
Moving/Liquidation,FF&E + Millwork
Moving/Pack Assistance,FF&E + Millwork
Moving/Reimbursable/Misc,FF&E + Millwork
Moving/Relocate Pavarini (Center Console),FF&E + Millwork
Moving/Relocation,FF&E + Millwork
Moving/Relocations,FF&E + Millwork
Moving/Rigging Equipment,FF&E + Millwork
Moving/Rigging-Equipment,FF&E + Millwork
Moving/Storage,FF&E + Millwork
Multimedia & Graphics,FF&E + Millwork
Multivista / Photo Documentation,Uncategorized
Municipal Fees,Soft Costs
Municipal Fees (Allowance),Construction
Municipal Fees- County,Soft Costs
Municipal Fees- HTC / Federal,Soft Costs
Municipal Fees- Other,Soft Costs
Municipal Fees- SAC / WAC,Soft Costs
Municipal Fees/Incentive 3,Soft Costs
Municipal Permits Fees - Fire Hydrant Flow Tests,Soft Costs
Municipal Permits Fees - Misc Muni Permits and Fees,Soft Costs
Municipal Permits Fees - Permit- Wetlands,Soft Costs
Municipal Permits Fees - Plat Submittal Review Fee,Soft Costs
Municipal Permits Fees - RTAP Fee,Soft Costs
Municipal Permits Fees - Rezoning Application Fee,Soft Costs
Municipal Permits Fees - Street Exception,Soft Costs
Municipal Permits Fees - Utility Fees- Water,Soft Costs
Municipal Permits and Fees,Soft Costs
Mural,Uncategorized
N Gird Power Upgrade,Uncategorized
NAE Controller Replacement,Uncategorized
NAMB Contingency,Construction
NAMB Refinance,Uncategorized
NCCO NONPLIC Project Costs,Uncategorized
NCCO Tenant Improvements,Construction
NETWORK X,Uncategorized
NEW Furniture,FF&E + Millwork
NEW appliances,FF&E + Millwork
NG PM,Uncategorized
NGBS Cert. - Performance Point,Uncategorized
NORESCO - Energy Consulting,Uncategorized
NOVA - 3rd Party Inspections,FF&E + Millwork
NRH - Contingency,Construction
NRH A&E Fees,Soft Costs
NRH General Construction,Construction
NRH Interior Signage,FF&E + Millwork
NRH PM Fees,Soft Costs
NRH- Contingency,Construction
NRH- Furniture,FF&E + Millwork
NRH- IT / Network,Uncategorized
NRH- IT/ Network,Uncategorized
NRH- Interior/Exterior Signage,FF&E + Millwork
NRH- Medical Equipment,FF&E + Millwork
NRH- Permits,Soft Costs
NRH- Security,FF&E + Millwork
NRH-A&E Fees,Soft Costs
NRH-Furniture,FF&E + Millwork
NRH-Medical Equipment,FF&E + Millwork
NRH-Security,FF&E + Millwork
NT Construction,Construction
NWA Reconcile,Uncategorized
NYC - AV/Tech,Uncategorized
NYC - Construction,Construction
NYC - Furniture,FF&E + Millwork
NYC DOB Fees,Soft Costs
NYC DOB Filing Fees,Soft Costs
NYC DOB Permit Fees,Soft Costs
Nanolumens Digital Signage Delta,FF&E + Millwork
National Technology - IT/AV/Security,FF&E + Millwork
Network,Uncategorized
Network  - Network Equipment (1670),FF&E + Millwork
Network & Equipment/Gear,FF&E + Millwork
Network & Phone System Equipment,FF&E + Millwork
Network - Network Equipment,FF&E + Millwork
Network - WAN Services,Uncategorized
Network - WAN Services (1384),Uncategorized
Network / IT Sys. Equipment & Integration (if direct w/ Twitter),FF&E + Millwork
"Network 350,000 (Internal IT)",Uncategorized
Network Cabling,FF&E + Millwork
Network Cabling & Fiber Loop,FF&E + Millwork
Network Core Network & Wifi Gear,Uncategorized
Network Engineering,Soft Costs
Network Equipment,FF&E + Millwork
Network Equipment & Install,FF&E + Millwork
Network Equipment & Installation - INVISTA,FF&E + Millwork
Network Equipment (and Labor),FF&E + Millwork
Network Equipment / Phones,FF&E + Millwork
Network Equipment Furnish & Install,FF&E + Millwork
Network Equipment/Gear,FF&E + Millwork
Network Equiq,Uncategorized
"Network Fiber, Cabling, Wifi, Racks, patches, tray, hangers etc.",FF&E + Millwork
Network Gear,Uncategorized
Network Gear & IT Equipment,FF&E + Millwork
Network Gear & IT Equipment Decom 4&5,FF&E + Millwork
Network Gear and IT Equipment,FF&E + Millwork
Network Gear and IT Equipment Allowance,Construction
Network Hardware,Uncategorized
Network Infrastructure,Uncategorized
Network Related Costs (Switches / Servers / Computers),Uncategorized
Network Technology,Uncategorized
Network Telecom (BT Tech),FF&E + Millwork
Network and Data Cabling - Smartwire,FF&E + Millwork
Network and IT Equipment,FF&E + Millwork
Network cabling,FF&E + Millwork
Network equipment,FF&E + Millwork
Network/IT Equipment,FF&E + Millwork
Network/WAP,Uncategorized
Networking,Uncategorized
Networks,Uncategorized
New ATM Machine,Uncategorized
New DDC Control,Uncategorized
New Exterior Blinds,FF&E + Millwork
New Flooring,Construction
New Furniture,FF&E + Millwork
New Furniture (Waldners),FF&E + Millwork
New Furniture (includes shipping & tax),FF&E + Millwork
New Furniture - Contingency,FF&E + Millwork
New LED replacement Costs,Uncategorized
New Office Furniture,FF&E + Millwork
New Office Sets,Uncategorized
New Product,Uncategorized
New Racking at Hubbard (CAPEX),Uncategorized
New Security Panel,FF&E + Millwork
New Server Rm Racks/Cabinets & Connectivity,Uncategorized
New Supplemental Cooling (595 Market),Uncategorized
New Wall Finishes,Construction
New security panel,FF&E + Millwork
New voice/data cabling plant - duplex drops,FF&E + Millwork
Niche Analysis Asbestos Analysis,Uncategorized
Nichols Concrete,Construction
Night Drop-TFE,Uncategorized
Noise Masking,Uncategorized
Noland Sales Flooring,Construction
Non Cap Construction,Construction
Non-CIP - TECH,Uncategorized
Non-Imaging Medical Equipment,FF&E + Millwork
Non-Standard Items,Uncategorized
Norcal - Moving,FF&E + Millwork
Nordstrom Technology,Uncategorized
North Falls Elevator Modernization,Construction
North Falls Infrastructure - JLL Mechanical II Project Management Fee,Soft Costs
North Falls Infrastructure - JLL Project Management Fee,Soft Costs
November Management Fee,Soft Costs
Nuc Med Camera,Uncategorized
Nucor - Aerosol rack modification,Uncategorized
Nurse Call,Construction
Nurse Call System,Construction
Nutrient Credits,Uncategorized
OCIP and Builder's Risk,Construction
OCO 01 - GMP,Construction
OCO 2,Uncategorized
OCO 3,Uncategorized
OCO 4,Uncategorized
OCTO Services,Uncategorized
OFW,Uncategorized
OH & P,Uncategorized
OH Door Cover,Uncategorized
OH&P (4%),Uncategorized
OH&P - Fee,Soft Costs
OH/Man Door (2021),Uncategorized
OLED Shrouds (Impact XM),Uncategorized
OM Construction,Construction
OM MEP Engineer,Soft Costs
OPEX (Project Expense),Uncategorized
OPEX - Lump Sum Funding,Uncategorized
OPEX - Lump Sum Summary,Uncategorized
OPEX Contingency,Construction
OPM Services - Leftfield MEP,Construction
"OPOS/Davits CA - Tower Safety Services, Inc.",Uncategorized
OPex Contingency,Construction
OR Medical Equipment,FF&E + Millwork
ORIGINAL BUDGET,Uncategorized
OS&E,Uncategorized
OS&E - Guestrooms,Uncategorized
OS&E Allowance,Construction
OSHPD Fees,Soft Costs
OT Allowance,Construction
OT Contingency,Construction
OTE,Uncategorized
OTE - Demo,Uncategorized
OTE Contingency,Construction
OTIS,Uncategorized
Oakwood 1x1 - 20 units,Uncategorized
Oakwood 2nd and 3rd floor - 38 units,Construction
Occupancy Date,Uncategorized
Occupancy Planning,Uncategorized
Occupancy Planning Services - JLL,Soft Costs
Occupancy Sensors,Uncategorized
October Management Fee,Soft Costs
Off Site Infrastructure,Construction
Off-Hours Allowance,Construction
Off-Site General Construction Costs,Construction
Office & Dining Furniture,FF&E + Millwork
Office & Warehouse FF&E,FF&E + Millwork
Office Building,Uncategorized
Office Buildout TI Allowance,Construction
Office Chairs,FF&E + Millwork
Office Closure Clear Out,Uncategorized
Office Construction,Construction
Office Construction - CK Commercial,Construction
Office Content Relocation,FF&E + Millwork
Office Equip / Equipment - Repair & Main,FF&E + Millwork
Office Equipment,FF&E + Millwork
"Office Equipment - Computers, Phones, Faxes, Copy Machines",FF&E + Millwork
Office Equipment-OE,FF&E + Millwork
"Office FF&E Allowance (Interior Plants, etc.)",FF&E + Millwork
Office Fit Up Items,Uncategorized
Office Front (McCoy/Rockford),Uncategorized
Office Fronts,Uncategorized
Office Fronts - Alternate,Construction
Office Furnishings,FF&E + Millwork
Office Furniture,FF&E + Millwork
Office Improvements,Uncategorized
Office Interior Improvements,Uncategorized
Office Items Set-Up (Roblox item),Uncategorized
Office Mats,Uncategorized
Office Move,FF&E + Millwork
Office Move (2 Box Contents/PC/Phones),FF&E + Millwork
Office Rental,Uncategorized
Office Retrofit / Temp IQC Lab,Uncategorized
Office Services,Uncategorized
Office Sets,Uncategorized
Office Startup Supplies and Property Software,FF&E + Millwork
Office Supplies,Uncategorized
Office Supplies - IFM,Uncategorized
Office Supply Relocation,FF&E + Millwork
Office and Warehouse,Uncategorized
Office- Equipment,FF&E + Millwork
Office/Lab Furniture (Excluding Lab Benches),FF&E + Millwork
Office/Workstation Furniture,FF&E + Millwork
Office: GC - 3D Group,Construction
Officefronts,Uncategorized
On-Site Construction Manager,Construction
On-Site General Construction Costs,Construction
One Time Expense-Decom,FF&E + Millwork
Ongoing service Contract (3YR),Uncategorized
OpEx,Uncategorized
OpEx Contingency,Construction
Open,Uncategorized
Open Path,Uncategorized
Open Space Proposal,Soft Costs
OpenSpace,Uncategorized
Openings,Construction
Openings (Includes reception area glass ($9875)),Construction
Operating Expense Contingency,Construction
Operating Expenses during Construction,Construction
Operating Supplies/Equip OS&E,Uncategorized
Operations,Uncategorized
Operations Cost,Uncategorized
Operations Start up Budget,FF&E + Millwork
Operator Consultant (OVG Facilities),Soft Costs
Ops Loss,Uncategorized
Option Adds for Additional Architect Services,Soft Costs
Optional Trailer Rental (OPEX),Uncategorized
Origin Decommission,FF&E + Millwork
Original Approved Budget,Uncategorized
Original Approved Budget/Remaining,Uncategorized
Original Base Construction Cost,Construction
Original Budget,Uncategorized
Original Budget Delta,Uncategorized
Original CREWS Budget,Uncategorized
Original Capital Budget,Uncategorized
Original Capital budget,Uncategorized
Original Demo Contract,Uncategorized
Original approved budget,Uncategorized
Orikron Mobile TV Stand,Uncategorized
Other,Uncategorized
"Other (IT, AV OpEx)",FF&E + Millwork
"Other (Travel, Site Surveys)",Soft Costs
Other - A&E Reimbursables,Soft Costs
"Other - After hours variance, cleaning, LL charges, builder rick insurance",Soft Costs
Other - Carpet,FF&E + Millwork
Other - Consultants,Soft Costs
Other - Decom,FF&E + Millwork
Other - Exp,Uncategorized
Other - FM Start Up Costs,FF&E + Millwork
Other - Furniture,FF&E + Millwork
Other - GIT Costs,Uncategorized
Other - GIT Costs EXP,Uncategorized
Other - General Construction,Construction
Other - Misc,Uncategorized
Other - Move,FF&E + Millwork
Other - Reimbursables,Soft Costs
Other - Remaining Budget (No Committments),Uncategorized
Other - Security,FF&E + Millwork
Other - Signage,FF&E + Millwork
Other - Specialty Equipment,FF&E + Millwork
"Other / Misc (i.e minor partition, archeological survey)",FF&E + Millwork
Other Allowances,Construction
Other CapEx,Uncategorized
Other Construction Costs,Construction
Other Consultant,Soft Costs
Other Consultants,Soft Costs
Other Consultants - Asbestos Testing,Soft Costs
Other Consultants - Original Budget,Soft Costs
Other Consultants Allowance,Construction
"Other Consultants, Geo, Mat Test etc.",Soft Costs
"Other Consultants, Geo, Mat Testing, etc.",Soft Costs
Other Consultants/ Engineers,Soft Costs
Other Consultants/Engineers,Soft Costs
Other Contingency,Construction
Other Contingency (10%),Construction
Other Contractor Fees,Construction
Other Cost,Uncategorized
Other Cost Contingency,Construction
Other Costs,Uncategorized
Other Costs - Contingency,Construction
Other Costs Contingency,Construction
Other Costs Contingency - 8%,Construction
Other Costs contingency,Construction
Other Design Consultants,Soft Costs
Other Equipment,FF&E + Millwork
Other Expense,Uncategorized
Other Expense Contingency,Construction
Other Expenses,Uncategorized
Other Expenses Contingency,Construction
Other Expenses Total,Uncategorized
"Other FF&E - Innovation Hub, Control Center",FF&E + Millwork
Other FF&E - Partial 5th Floor,FF&E + Millwork
Other FF&E and Technology,FF&E + Millwork
Other FFE,FF&E + Millwork
Other FFE Expense,FF&E + Millwork
Other Fees,Soft Costs
Other Financing,Uncategorized
Other Furn/Equip Expense,Uncategorized
Other General Operating Expense,Uncategorized
Other Hard Costs-Other,Construction
Other Hard Costs-Other-S&C,Construction
"Other Misc. Consulting (Food Service, Others)",Uncategorized
Other Non Cap Expenses,Uncategorized
Other Occupancy Expense,Uncategorized
Other Office Equipment & Appliances,FF&E + Millwork
Other Operating Expenses - ACCT. OOE,Uncategorized
Other Packages,Uncategorized
Other Project Cost Contingency,Construction
Other Project Costs,Uncategorized
Other Scope,Uncategorized
Other Soft Costs,Soft Costs
Other Specialist Consultants (DDA),Soft Costs
Other Specialty Consultants,Soft Costs
Other b Furn/Equip Expense,Uncategorized
Other c Furn/Equip Expens,Uncategorized
Other consultants,Soft Costs
Other costs | Approved CAR Value - GRE One-Time EXP,Uncategorized
Other- Security Equipment,FF&E + Millwork
Others,Uncategorized
Otis Elevators,Construction
Out of Pocket,Uncategorized
Outdoor Furniture,FF&E + Millwork
Outdoor Portables,FF&E + Millwork
Outside Services,Uncategorized
Outsourced Mgmt Fee,Soft Costs
Outstanding,Uncategorized
Overall FFE,FF&E + Millwork
Overall Project Contingency,Construction
Overhead,Uncategorized
Overhead & Fee,Soft Costs
Overhead & Fee (3.15%),Soft Costs
Overhead & Profit,Uncategorized
Overhead & Profit (GC),Construction
Overhead & Profit - Corvus,Uncategorized
Overhead - Correction,Uncategorized
Overhead Allocation,Uncategorized
Overhead Allocations,Uncategorized
Overhead Allocations - Greener Source,Uncategorized
Overhead Door of Harrisburg,Uncategorized
Overhead Doors,Uncategorized
Overhead Power Relocation,FF&E + Millwork
Overhead and Profit,Uncategorized
Overhead and profit,Uncategorized
Overtime,Uncategorized
Overtime Allowance,Construction
Overtime Construction,Construction
Overtime for Phasing - Swing Space,Uncategorized
Owned Building Exterior Imprv,Construction
Owned Building Interior Imprv,Construction
Owner - Tech/Comm - Original Budget,Uncategorized
Owner 3rd Party Inspections / Testing,FF&E + Millwork
Owner Allowance - Branding & Signage,Construction
Owner Allowance - Fountains,Construction
Owner Allowance - Sitework,Construction
Owner Allowance - Unforeseen Conditions,Construction
Owner Construction Contingency,Construction
Owner Construction Contingency (Owner),Construction
Owner Contingecy,Uncategorized
Owner Contingency,Construction
Owner Contingency - FF&E,FF&E + Millwork
Owner Contingency - Hard Costs,Construction
Owner Contingency - Soft Costs,Soft Costs
Owner Contingency 3%,Construction
Owner Contingency @ 10%,Construction
Owner Contingency Allowance,Construction
Owner Contingency Construction,Construction
Owner Contingency Design,Soft Costs
Owner Contingency Fund,Construction
Owner Contingency Percentage 15%,Construction
Owner Contingency Remaining,Construction
Owner Contingency from GC Budget Approved on 10/4/22 (accounts for difference from Clune Contract 10/26/22 R4),Construction
Owner Controlled Contingencies at 2.5%,Uncategorized
Owner Developer Overhead fees - Construction Management - JLL,Soft Costs
Owner Developer Overhead fees - Fee- Development Mgmt,Soft Costs
Owner FF&E Contingency,FF&E + Millwork
Owner Fowling Vendor Contingency,Construction
Owner HC Contingency,Construction
Owner Hard Cost Contingency,Construction
"Owner LEED Items (Energy Model, Registration & Review Fees)",Soft Costs
Owner Project Contingency,Construction
Owner Project Contingency at 15%,Construction
Owner Provided Equipment Installation,FF&E + Millwork
Owner Representative,Uncategorized
Owner Representative (JLL),Soft Costs
Owner SC Contingency,Construction
Owner Soft Cost Contingency,Soft Costs
Owner Supplied,Uncategorized
"Owner Supplied Equipment, Computers, Copiers",FF&E + Millwork
Owner Supplied Tech/Comm,Uncategorized
Owner Vendors,Uncategorized
Owner supplied Appliances/Food Svc. (Cafe/Deli),FF&E + Millwork
Owner's Contingency,Construction
Owner's Contingency (10%),Construction
Owner's Contingency (outside GMP),Construction
Owner's Contingency - CAR,Construction
Owner's Contingency - OAR,Construction
Owner's Contingency Fund,Construction
Owner's Costs (Misc Expenses),Uncategorized
Owner's Direct Purchase Contingency,Construction
Owner's Equipment,FF&E + Millwork
Owner's Hard Cost Contingency,Construction
Owner's Inflation Allowance (Contingency),Construction
Owner's Liability Insurance,Soft Costs
Owner's Project Contingency,Construction
Owner's Representative,Soft Costs
Owner's Representative (External PM),Soft Costs
Owner's Representative Fee,Soft Costs
Owner's Soft Costs Contingency,Soft Costs
Owner's equipment,FF&E + Millwork
Owner/Developer Overhead Fees,Soft Costs
Owners Construction Contingency,Construction
Owners Contingency,Construction
Owners Contingency Allowance,Construction
Owners Contingency Fund,Construction
Owners Costs - Other Consultants,Soft Costs
Owners Internal,Uncategorized
Owners Internal Costs - Legal,Soft Costs
Owners Internal Costs 1,Uncategorized
"Owners Internal, all",Uncategorized
Owners Internal| all,Uncategorized
Owners Misc.,Uncategorized
Owners Project Manager - JLL FEE,Soft Costs
Owners Project Manager - JLL Reimbursable,Soft Costs
Owners Representative,Uncategorized
Owners Representative (JLL),Soft Costs
Oxygen Tank,Uncategorized
P & P Bond,Uncategorized
P to P - VWIT,Uncategorized
P&P Bonds,Uncategorized
PA System,Uncategorized
PAL-01U -Business Case alignment - PreCon,Construction
PAR 308269 - FF&E Contingency,FF&E + Millwork
PAR 308270 Contingency,Construction
PAR 308271 Contingency,Construction
PC/ Permits,Soft Costs
PCO #10,Uncategorized
PCO #13,Uncategorized
PCO #16,Uncategorized
PCO #18,Uncategorized
PCO #3,Uncategorized
PCO #4,Uncategorized
PCO #7,Uncategorized
PCO #8,Uncategorized
PCO #9,Uncategorized
PCard Office Spend,Uncategorized
PDR Architectural Design - PDR inc Consultants & Reimbursables,Soft Costs
PDS Fees,Soft Costs
PDS dedicated fee,Soft Costs
PDUs & UPS Units,Uncategorized
PDUs (Universal Power),Uncategorized
PE,Uncategorized
PEB,Uncategorized
PFMS,Uncategorized
PGE (Misc. Owner Hard Costs),Construction
PH 1 Construction,Construction
PHASE 1 CONSTRUCTION,Soft Costs
PHASE 2 CONSTRUCTION,Soft Costs
PIR Hardware FM,Uncategorized
PJM FEE (@ 4% of managed costs),Soft Costs
PJM Fees,Soft Costs
PK Build Permit Expeditor,Soft Costs
PLACEHOLDER - Artwork,FF&E + Millwork
PLACEHOLDER - Hospital Equipment,FF&E + Millwork
PLACEHOLDER - Movers,FF&E + Millwork
PLUMBING SYSTEM,Construction
PM - JLL,Soft Costs
PM Contingency,Construction
PM Expenses - Evoqua,Uncategorized
PM FEE - C&W,Soft Costs
PM FEES,Soft Costs
PM Fee,Soft Costs
PM Fee (@ 5% of Managed Costs),Soft Costs
PM Fee (LL CM) - JLL,Soft Costs
PM Fee (LL),Soft Costs
PM Fee (Tenant) - Recon,Soft Costs
PM Fee - JLL,Soft Costs
PM Fee- JLL,Soft Costs
PM Fee- JLL PDS,Soft Costs
PM Fees,Soft Costs
PM Fees (Whitlock),Soft Costs
PM Fees - JLL,Soft Costs
PM Fees/Reimbursables-Exp,Soft Costs
"PM Moving, Cleaning",FF&E + Millwork
PM Reimbursables,Soft Costs
PM Reimbursables - JLL,Soft Costs
PM Reimbusrables,Uncategorized
PM Services,Uncategorized
PM Time-Owned,Uncategorized
PME Project Management Expense,Soft Costs
PMF Project Management Fee,Soft Costs
PMO / Labor (Raytheon Internal),Construction
PMO Project Management Fee,Soft Costs
PNE Builder's Risk,Construction
PNE Fee,Soft Costs
PNE Insurance,Soft Costs
PNE Precon Fee/Estimating,Construction
PNE Subguard,Construction
POE Lighting Consultant - USIS,Soft Costs
POS,Uncategorized
POS Freight Costs to Nvision,FF&E + Millwork
POS System,FF&E + Millwork
PROGRAM - JLL Fees,Soft Costs
PSI (Demising Wall),Uncategorized
PSI (Direct Export),Uncategorized
PSI (Western Transfer),Uncategorized
PTA Approved Capital,Uncategorized
Pacific Power Allowance,Construction
Pacific Ridge Builders,Construction
Pacific Ridge Builders - GC,Construction
Package Room - Luxer,Uncategorized
Packing Fees,Soft Costs
Paging,Uncategorized
Paint,Construction
Paint & Wall Covering,Construction
Paint & Wall Coverings,Construction
Paint & Wallcovering,Construction
Paint & Wallcoverings,Construction
Paint - Interior Paint,Construction
Paint Lockers vs. Replacement in the Locker Rooms,FF&E + Millwork
Paint Metals,Construction
Paint Shipping/Receiving Office Wall,Construction
Paint Wallcover Wall Finishes,Construction
Paint and Wallcovering,Construction
Paint/Carpet Touch-Ups,FF&E + Millwork
Paint/Wallcover/Wall Finishes,Construction
Painter,Construction
Painter- Custom Painting,Construction
Painting,Construction
Painting & Wall Covering,Construction
Painting & Wallcovering,Construction
Painting & Wallcoverings,Construction
Painting - 9900,Construction
Painting Allowance,Construction
Painting Labor,Construction
Painting and Coating,Construction
Painting and Wall Covering,Construction
Painting- Exist,Construction
Painting- Exist - Phase 1,Soft Costs
Painting/Metal Restoration (2022),Construction
Paintings / Art Work,FF&E + Millwork
Paints/Coatings,Construction
Paints/Coatings - Exp,Construction
Paints/Coatings - Exterior,Construction
Pallet Racking - Abel Womack,Uncategorized
Pallet Racking Decom,FF&E + Millwork
Pallets (transition from Slip-sheet to pallet),Uncategorized
Pantry,FF&E + Millwork
Pantry / Kitchen Equip / Misc,FF&E + Millwork
Pantry / Kitchen Equipment,FF&E + Millwork
Parcel Pending,Uncategorized
Park Dedication Fee,Soft Costs
Park Impact Fees - and Site Disturbance Permits,Soft Costs
Parking,Uncategorized
Parking Allowance,Construction
Parking Assist Systems,Uncategorized
Parking Consultant,Soft Costs
Parking Deck,Uncategorized
Parking Garage Foundations,Construction
Parking Garage Network,Uncategorized
Parking Lot - Control Joint Repairs,Uncategorized
Parking Lot Design,Uncategorized
Parking Lot Improvement,Uncategorized
Parking Lot Repairs,Uncategorized
Parking Lot Repaving,Uncategorized
Parking Lot Sealcoat,Uncategorized
Parking lot seal-coat and striping,Uncategorized
Partitions,FF&E + Millwork
Partnering,FF&E + Millwork
Partners- Private Offices,FF&E + Millwork
Patch/Paint,Construction
"Patch/Paint throughout, Move Signage",FF&E + Millwork
Patching and Repainting,Construction
Patient Education & Entertainment,Uncategorized
Patient Lifts,Uncategorized
Patient Monitoring,Uncategorized
Patio - Allowance,Construction
Patio Furniture,FF&E + Millwork
Pavarini - Cost Estimator,Uncategorized
Paving Specialties,Uncategorized
Paving/Walks/Curbs,Uncategorized
Peer Review,Uncategorized
Peer Review (Core & Shell),Uncategorized
Pemits,Uncategorized
Pending budget,Uncategorized
Penta - Enviro. Engineering,Soft Costs
People Counting Sensor - Meeting Rooms Sensors,Uncategorized
People Counting Sensor - Zone,Uncategorized
People Relocation,FF&E + Millwork
Pepper Contract with Bread - LL Turnkey,Uncategorized
Performance Bond,Uncategorized
Performance Electric (160 Federal Decom),FF&E + Millwork
Perimeter fence demo & Security Bollards PAL-01,FF&E + Millwork
Perm Repairs - EIFS,Uncategorized
Perm Repairs - Electrical,Construction
Perm Repairs - Sheetmetal,Uncategorized
Perm Repairs - Steel Erection,Construction
Perm repairs - Fence,Uncategorized
Permit,Soft Costs
Permit & Associated Fees,Soft Costs
Permit & Bond Fees,Soft Costs
Permit & Excise Tax,Soft Costs
Permit & Expediting,Soft Costs
Permit & Fees,Soft Costs
Permit & Impact Fees,Soft Costs
Permit & Impact Fees (Design-Builder),Soft Costs
Permit & Inspection Fees,Soft Costs
Permit & Inspections / Testing,Soft Costs
Permit & Permit Expediting,Soft Costs
Permit - Arlington County,Soft Costs
Permit - Building,Soft Costs
Permit - Expeditor,Soft Costs
Permit - Expeditor (Milrose),Soft Costs
Permit - Jurisdiction Fees,Soft Costs
Permit - Tenant Improvement,Soft Costs
Permit / Misc Fees,Soft Costs
Permit / Plan Check,Soft Costs
Permit / Plan Check - HBC,Soft Costs
Permit Allowance,Construction
Permit Cost,Soft Costs
Permit Costs,Soft Costs
Permit Expedite,Soft Costs
Permit Expediter,Soft Costs
Permit Expediting,Soft Costs
Permit Expedition Fees,Soft Costs
Permit Expeditor,Soft Costs
Permit Expeditor - InterAgency + DCRA Permit Fee,Soft Costs
Permit Expeditor - McKeever Services Association,Soft Costs
Permit Expeditor - RAMCO,Soft Costs
Permit Expeditor - TBD,Soft Costs
Permit Expeditor/ Code Consultant - Milrose,Soft Costs
Permit Expeditor/Peer Reviewer,Soft Costs
Permit Expiditer,Soft Costs
Permit Expiditng,Soft Costs
Permit Fee,Soft Costs
Permit Fee Allowance,Construction
Permit Fee and Outside Counsel,Soft Costs
Permit Fee and Permit Expeditor,Soft Costs
Permit Fees,Soft Costs
Permit Fees ( Arch fees covering expediting),Soft Costs
Permit Fees (Base + Expedited),Soft Costs
Permit Fees - allowance,Construction
Permit Fees Allowance - paid by A to Z,Construction
Permit Fees and Permit Expediting,Soft Costs
Permit Fees and expediting,Soft Costs
Permit Filing Fee,Soft Costs
Permit Filing Fees,Soft Costs
Permit Peer Review / Expeditor,Soft Costs
Permit Reimbursement,Soft Costs
Permit Review Costs,Soft Costs
Permit and Expediting,Soft Costs
Permit and Filing Services,Soft Costs
Permit and Impact Fee,Soft Costs
Permit and Occupancy Fees,Soft Costs
Permit at 1% of Construction Costs,Soft Costs
Permit fees,Soft Costs
Permit fees (1.5%),Soft Costs
Permit- Building,Soft Costs
Permit- Building - Allowance,Construction
Permit- Environmental,Soft Costs
Permit- Expeditor,Soft Costs
Permit- Tenant Improvement,Soft Costs
Permit-Building Fees,Soft Costs
Permit/ SDC Allowance,Construction
Permit/Expeditor,Soft Costs
Permit/Expeditor/3rd Party Inspection,FF&E + Millwork
Permit/Reimbursable Allowance,Construction
Permit/SDC Allowance,Construction
Permit/Tap Fees,Soft Costs
Permit/Zoning,Soft Costs
Permit/Zoning - Milrose,Soft Costs
Permit/zoning,Soft Costs
Permits,Soft Costs
Permits & Bonds for Street Work,Soft Costs
Permits & Expediting,Soft Costs
Permits & Fees,Soft Costs
Permits & Fees - Meck County,Soft Costs
Permits & Filing,Soft Costs
Permits & Filing Fees,Soft Costs
Permits & Filing Services,Soft Costs
Permits & Inspections,Soft Costs
Permits (21000 / 21000),Soft Costs
Permits (Owner Direct Payment),Soft Costs
Permits (Town of Huntington),Soft Costs
Permits (includes 4% allowance),Construction
Permits - City of Santa Clara,Soft Costs
Permits / General,Soft Costs
Permits / Taxes / Insurance / Fees,Soft Costs
Permits 1,Soft Costs
Permits Expeditor,Soft Costs
Permits Fees,Soft Costs
Permits Filing Fee,Soft Costs
Permits and Expediting,Soft Costs
Permits and Fees,Soft Costs
Permits and Filing Services,Soft Costs
Permits and reimbursables,Soft Costs
"Permits, Fees & Administrative costs",Soft Costs
"Permits, Utilities, Impact Fees",Soft Costs
Permits-Exp,Soft Costs
Permits/BOCW,Soft Costs
Permits/Fees,Soft Costs
Permits/General,Soft Costs
"Permits/General (operation expense, not project cost)",Soft Costs
Permits/General - Original Fee,Soft Costs
"Permits/General, All",Soft Costs
"Permits/General, all",Soft Costs
"Permits/General, all  (Item 14 Gilbane GMP 2221006)",Soft Costs
Permits/Gerneral,Soft Costs
Permitting,Soft Costs
Permitting & Fees,Soft Costs
Permitting & Impact Fees (Water & Sewer Tap Only),Soft Costs
Permitting (4%),Soft Costs
Permitting (Cost from City),Soft Costs
Permitting - Liquor Room Allowance,Construction
Permitting / Municipality,Soft Costs
Permitting Fee - City/County,Soft Costs
Permitting and Contingency,Construction
Permitting and Expediting,Soft Costs
Permitting/Plan Check,Soft Costs
Personnel Move,FF&E + Millwork
Personnel Move & Signage,FF&E + Millwork
Personnel Relocation,FF&E + Millwork
Personnel Relocation + Management,FF&E + Millwork
Personnel Relocation 925,FF&E + Millwork
Personnel Relocation for 955,FF&E + Millwork
Phase 1,Soft Costs
Phase 1  - AV & Digital Signage,FF&E + Millwork
Phase 1 & 2 - Point of Sale,Soft Costs
Phase 1 - Fitness Ctr. Furniture,FF&E + Millwork
Phase 1 - Fitness Ctr. Gym Equipment,FF&E + Millwork
Phase 1 - Fitness Ctr. IT & AV,Soft Costs
Phase 1 - Fitness Ctr. Security,FF&E + Millwork
Phase 1 - Fitness Ctr. Signage,FF&E + Millwork
Phase 1 - IT Cabling & Equipment,FF&E + Millwork
Phase 1 - In-house Construction,Soft Costs
Phase 1 - Initiate,Soft Costs
Phase 1 - Kitchen Equipment,FF&E + Millwork
Phase 1 - L2 HVAC Upgrades,Soft Costs
Phase 1 - Portables,FF&E + Millwork
Phase 1 - Saxbys Coffee Stand,FF&E + Millwork
Phase 1 - Signage/Graphics,FF&E + Millwork
Phase 1 Construction,Soft Costs
Phase 1 Environmental Assessment,Soft Costs
Phase 1 Environmental Site Assessment,Soft Costs
Phase 1 Environmental Survey,Soft Costs
"Phase 1 Line Disconnect - Lines 1, 3, 5",Soft Costs
Phase 1 Training Facility Construction,Soft Costs
Phase 1: Site Improvements,Soft Costs
Phase 2,Soft Costs
Phase 2 - AV & Digital Signage,FF&E + Millwork
Phase 2 - Grill Stands and Markets,Soft Costs
Phase 2 - IT Cabling & Equipment,FF&E + Millwork
Phase 2 - Kitchen Equipment,FF&E + Millwork
Phase 2 - Plan,Soft Costs
Phase 2 - Smallwares & Misc.,Soft Costs
Phase 2 - Static Signage & Graphics,FF&E + Millwork
Phase 2 Construction,Soft Costs
Phase 2 Environmental Survey (stockpile testing),Soft Costs
"Phase 2 Line Disconnect - Lines 2, 4",Soft Costs
Phase 2: FAC Construction,Soft Costs
Phase 3 - Design,Soft Costs
Phase 3 - Second Floor Reception/Conference Center**,Construction
Phase 3-Landscape Designer,Soft Costs
Phase 4 - Construct,Construction
Phase 4.1 Hard Cost BNB,Construction
Phase 5 - Close,Uncategorized
Phasing/Overtime,Uncategorized
Phone Equipment,FF&E + Millwork
"Phone System - use existing, cost is for misc. needs",Uncategorized
Phone and IT Equipment,FF&E + Millwork
"Phone, Fiber, BMS, Keying",FF&E + Millwork
Phones,Uncategorized
Phones & Misc. IT Equipment,FF&E + Millwork
Phones - VOIP,Uncategorized
Phones / Desktop Tech_Admin,FF&E + Millwork
Phones / IT Equipment,FF&E + Millwork
Phones / Printers,FF&E + Millwork
"Phones, Computers & POS Hardware",FF&E + Millwork
Photography,Uncategorized
Photography (Hunter Kerhart),FF&E + Millwork
Photography/Videography,FF&E + Millwork
Physical Move,FF&E + Millwork
Physical Move - Equipment,FF&E + Millwork
Physical Move - IT,FF&E + Millwork
Physical Move - People & Possessions,FF&E + Millwork
Physical Move - People + Possessions,FF&E + Millwork
Physical Move - People and Possessions,FF&E + Millwork
Physical Move/Furniture Disposal,FF&E + Millwork
Physical Security,FF&E + Millwork
Physicist Report,Uncategorized
Picnic Tables,FF&E + Millwork
Pier and Infrastructure,Construction
Piling,Uncategorized
Piling Works,Uncategorized
Pillow Fabric,Uncategorized
Pipe Scoping - Site Works,Construction
Pipeline Management Fees,Soft Costs
"Piping & pumping Work, Fire protection System",Construction
PjM Fee,Soft Costs
PjM Fee (5% of Managed Costs),Soft Costs
PjM Fee (@ 3.5% of Managed Costs),Soft Costs
PjM Fee (@ 4% of Managed Costs),Soft Costs
PjM Fee (@ 5% of Managed Costs),Soft Costs
PjM Fee - CAR,Soft Costs
PjM Fee - DD,Soft Costs
PjM Fee - OAR,Soft Costs
PjM Fee - RAR,Soft Costs
PjM Fees,Soft Costs
PjM Fees (EXP),Soft Costs
PjM Fees - Expense,Soft Costs
PjM Fees EXP,Soft Costs
PjM Fees Expense,Soft Costs
PjM Reimbursables - CAR,Soft Costs
PjM Reimbursables - RAR,Soft Costs
Plan Check & Permit Fees,Soft Costs
Plan Check & Permit-BM,Soft Costs
Plan Check & Permit-LHI,Soft Costs
Plan Check Expeditor,Soft Costs
Plan Check Fee,Soft Costs
Plan Check Fees and Permit Fees,Soft Costs
Plan Check and Permit Fee,Soft Costs
Plan Check and Permitting,Soft Costs
Plan Review,Uncategorized
Plan Review & Permitting,Soft Costs
Plan Review and Permit Fees,Soft Costs
Plan Review and Permitting,Soft Costs
Plan Review fee,Soft Costs
Plan and Permitting,Soft Costs
Plan check fees and permit fees,Soft Costs
Plane Review & Permitting,Soft Costs
Planned Building Services,Construction
Planning / Heritage Permit,Soft Costs
Planning Authority (PCA),Uncategorized
Plant Allowance,Construction
Planters /Plants,FF&E + Millwork
Planting,Uncategorized
Planting Vendor,Uncategorized
Plantings,FF&E + Millwork
Plants,FF&E + Millwork
Plants (initial installation only),FF&E + Millwork
Plants L3,FF&E + Millwork
Plants OPEX,FF&E + Millwork
Plants- client declined,FF&E + Millwork
Plants/Art/Misc. Decor,FF&E + Millwork
Plants/Art/Misc. Start Up,FF&E + Millwork
Plantscape,FF&E + Millwork
Plaster,Construction
Plaster And Drywall,Construction
Plaster and Gypsum Board,Construction
Plaster/Drywall,Construction
Plaster/Drywall - Concealed Doors,Construction
"Plat, Landscape, Grading",Uncategorized
Playground,Uncategorized
Playground Equipment,FF&E + Millwork
Plaza (**shared with TK over $1.027**),Uncategorized
Plumbing,Construction
Plumbing & WW Piping,Construction
Plumbing - 15400,Construction
Plumbing /Pipe Labor,Construction
Plumbing /Pipe Mat.,Construction
Plumbing Accessories,FF&E + Millwork
Plumbing Construction,Construction
Plumbing Demo,Construction
Plumbing Design,Construction
Plumbing Engineering,Soft Costs
Plumbing Exploratory Work,Construction
Plumbing Piping Water Supply Waste,Construction
Plumbing System,Construction
Plumbing Systems,Construction
Plumbing/Piping/Water Supply/Waste,Construction
Plywood install and wall preperation,Uncategorized
Pneumatic Tube,Uncategorized
Point of Sale,Uncategorized
Point-To-Point,Uncategorized
Poly Com phones,Uncategorized
"Pool, Deck, Exterior Furnishings",FF&E + Millwork
Poole & Kent,Uncategorized
Port Chester Permit Fees,Soft Costs
Portable Restroom Trailers,Construction
Portables - Bike and Coffee Units,FF&E + Millwork
Post Construction Cleaning,Construction
Post Construction Final Cleaning,Construction
Post GMP Changes,Construction
Post Sub Complete Adj,Uncategorized
Post Sub Completion,Uncategorized
Postage & Shipping,Uncategorized
Postage and Shipping,Uncategorized
Postage/Shipping,Uncategorized
Power,Uncategorized
Power Outlets TV in Offices 1415 & 1407,Uncategorized
Power Spike Study,Uncategorized
Power distribution solution,Uncategorized
Powerwall,Uncategorized
Pre - Construction - JTM,Construction
Pre Development  Due Diligence Market Research,Soft Costs
Pre Development - Land- Soils/Geotech,Soft Costs
Pre-CAR,Uncategorized
Pre-Closing Seller's Work Idemnification,Uncategorized
Pre-Con Manager/Construction,Construction
Pre-Construction,Construction
Pre-Construction - Plant Construction,Construction
Pre-Construction Costs,Construction
Pre-Construction Fees(CW Driver),Construction
Pre-Construction Field Exploratory Work,Construction
Pre-Construction Initial,Construction
Pre-Construction Manager,Construction
Pre-Construction Service,Construction
Pre-Construction Services,Construction
Pre-Construction Services (DCC),Construction
Pre-Construction and Estimating (TCCo),Construction
Pre-Construction costs applied to project,Construction
"Pre-Development & Canal District (AA Shaw, Bouhan, CHA, Collins, Greenline, J&P - prior consultant billings)",Soft Costs
Pre-Lease Architect Due Diligence,Soft Costs
Pre-Lease Construction Estimating,Construction
Pre-Lease Contingency,Construction
Pre-Lease MEP Engineer,Soft Costs
Pre-Lease Project Management,Soft Costs
Pre-Open WC,Uncategorized
Pre-Opening Costs,Uncategorized
Pre-Project Funding-A&E,Uncategorized
PreConstruction,Construction
PreConstruction Other,Construction
PreConstructionOther,Construction
Precision Sign,Uncategorized
Preconstruction,Construction
Preconstruction  Services,Construction
Preconstruction Management,Construction
Preconstruction Services,Construction
Preconstruction Services - Structuretone,Construction
Preliminaries JLL CM,Soft Costs
Preliminary Design Services KPO000022285,Soft Costs
Premium - Overtime,Uncategorized
Premium Glass,Uncategorized
Prep MSP for Demo,Uncategorized
Previous Contractors,Uncategorized
Previous Project Costs (before 8/1/2016),Uncategorized
Previous TI Spend,Uncategorized
Previously Accounted for Costs per WEC,Uncategorized
Price Modern Furniture Inventory,FF&E + Millwork
Prince William County,Uncategorized
Principal Fee,Soft Costs
Print System Equipment,FF&E + Millwork
Print/Office Supplies,Uncategorized
Printer Relocations and Payoff Floors 4&5,FF&E + Millwork
Printers,FF&E + Millwork
Printers/Copiers,FF&E + Millwork
Printing Costs,Uncategorized
Printing Costs (Bid Docs Online),Uncategorized
Printing and Supplies,Uncategorized
Printing/Bid Documents,Uncategorized
Privacy Film,Uncategorized
Private Area Construction,Construction
Private Area STO Proposal,Soft Costs
Private Long Lead,Uncategorized
Private Offices,Uncategorized
Private Provider,Uncategorized
Private Provider - Plan Reviewer/Inspections (Optional),Soft Costs
Pro Fees (Expense),Soft Costs
Pro Fees Budget,Soft Costs
Process Engineer,Soft Costs
Process Equipment Costs - CAP,FF&E + Millwork
Processing equipment relocation,FF&E + Millwork
Procurement,Uncategorized
Procurement Agent - Original Budget,Uncategorized
Prod Management ADDs,Uncategorized
Product Lifter,Uncategorized
Prof Services Reimbursable Contingency/Allowance,Construction
Prof Services/Marketing/Permits,Soft Costs
Prof.Services - JLL PM,Soft Costs
Profess Fees - Other,Soft Costs
Professional & Consulting Services,Uncategorized
Professional A/E Fees (Tevebaugh),Soft Costs
Professional Fees,Soft Costs
Professional Fees - Expense,Soft Costs
Professional Fees - Expense - COO,Soft Costs
Professional Fees - Leased,Soft Costs
Professional Fees - New Office,Soft Costs
Professional Fees - Other,Soft Costs
Professional Fees - Owned,Soft Costs
Professional Fees - Pending Reallocation as needed,Soft Costs
Professional Fees Exp,Soft Costs
Professional Labor,Uncategorized
Professional Photos,Uncategorized
Professional Project Management - JLL,Soft Costs
Professional Services,Uncategorized
Professional Services Reimbursable,Soft Costs
Profit,Uncategorized
Profit and Overhead,Uncategorized
Profit/Other,Uncategorized
Program Management,Uncategorized
Program Manager,Uncategorized
Program Manager Add,Uncategorized
Program Manager Fee,Soft Costs
Program Manager Reimbursables,Soft Costs
Programming & Test Fits,Soft Costs
Programming - TMA,Soft Costs
Programming/Site Verification,Soft Costs
Progress Photos,Uncategorized
Proj Contingency(lowered 10to5%)not approved by PWC,Construction
Proj Management Fee,Soft Costs
Proj Mgmnt Time-ATM,Uncategorized
Proj Mgmnt Time-Lease,Uncategorized
Proj Mgmnt Time-Owned,Uncategorized
Proj Mngmt - Others Exp,Uncategorized
Proj Mngmt Fees - L,Soft Costs
Proj Mngmt Fees Exp,Soft Costs
Proj Mngmt Reimb - L,Uncategorized
Project / Design Contingency,Soft Costs
Project 1: CUP,Uncategorized
Project 2: Med-Surg Renovation,Uncategorized
Project 3: Surgery Addition,Uncategorized
Project Acceptance,Uncategorized
Project Budget,Uncategorized
Project Capital,Uncategorized
Project Captal,Uncategorized
Project Catalyst - 14th Floor Changes,Construction
Project Consultant,Soft Costs
Project Consultant Reimbursables,Soft Costs
Project Contingency,Construction
Project Contingency (10%),Construction
Project Contingency (2%),Construction
Project Contingency (4.71%),Construction
Project Contingency (5% of Project Budget),Construction
Project Contingency (@ 10% of Project Costs),Construction
Project Contingency (@ Approx. 7.5% of Project Costs),Construction
Project Contingency (lowered from 10% to 5%),Construction
Project Contingency - 10%,Construction
Project Contingency - 10% Subtotal,Construction
Project Contingency - 10% of Subtotal,Construction
Project Contingency - 15%,Construction
Project Contingency - 5% of Subtotal,Construction
Project Contingency - 5% of subtotal,Construction
Project Contingency - CAP,Construction
Project Contingency - CAR,Construction
Project Contingency - EXP,Construction
Project Contingency - JLL,Construction
Project Contingency - Owner,Construction
Project Contingency 10%,Construction
Project Contingency @ 15%,Construction
Project Contingency Fixed Amount,Construction
Project Contingency and Escalation,Construction
Project Contingency-3% Contingency,Construction
Project Costs,Uncategorized
Project Delivery,Uncategorized
Project Expense,Uncategorized
Project Expenses,Uncategorized
Project Funds,Uncategorized
Project Insurance,Soft Costs
Project Insurance - Builders Risk,Soft Costs
Project KPI Incentive Fees - 3rd Party cost (1%),FF&E + Millwork
Project KPI Incentive Fees - PM Labour (10%),Soft Costs
Project Labor,Uncategorized
Project MGMT,Uncategorized
Project MGMT - JLL,Soft Costs
Project Management,Soft Costs
Project Management  - floor 32-34,Soft Costs
Project Management  JLL,Soft Costs
Project Management & Cost Management,Soft Costs
Project Management ($20K Moved to MR in CPS),FF&E + Millwork
Project Management (3%),Soft Costs
Project Management (JLL),Soft Costs
Project Management (LIFT) - Decom,FF&E + Millwork
Project Management (LIFT) - Execution,Soft Costs
Project Management (NYC),Soft Costs
Project Management - APSP 60,Soft Costs
Project Management - APSP 69,Soft Costs
Project Management - CBRE,Soft Costs
Project Management - City Center Realty Services,Soft Costs
Project Management - Civil & Bldg,Soft Costs
Project Management - Core and Shell,Soft Costs
Project Management - Evoqua,Soft Costs
Project Management - Expenses,Soft Costs
Project Management - External,Soft Costs
Project Management - External - Exp,Soft Costs
Project Management - Fee Share,Soft Costs
Project Management - G&T,Soft Costs
Project Management - Hotel,Soft Costs
Project Management - JLL,Soft Costs
Project Management - JLL Fee,Soft Costs
"Project Management - JLL PDS, JLL Sustainability (Solar)",Soft Costs
Project Management - JLL PM Services,Soft Costs
Project Management - JLL Reimbursables,Soft Costs
Project Management - JLL fee,Soft Costs
Project Management - LL,Soft Costs
Project Management - Local Team,Soft Costs
Project Management - Rail,Soft Costs
Project Management - Services (EXP),Soft Costs
Project Management - Site Selection/Due Diligence (EXP),Soft Costs
Project Management - Summit,Soft Costs
Project Management -LVTH,Soft Costs
Project Management CBRE & Brookfield Oversight,Soft Costs
Project Management Consultant,Soft Costs
Project Management Dedicated Fee,Soft Costs
Project Management Expenses,Soft Costs
Project Management External,Soft Costs
Project Management Fee,Soft Costs
Project Management Fee (@5%),Soft Costs
Project Management Fee (GC Award),Soft Costs
Project Management Fee (J. Gardner),Soft Costs
Project Management Fee (JLL),Soft Costs
Project Management Fee (Pre-Construction),Soft Costs
Project Management Fee - JLL,Soft Costs
Project Management Fee - MMG Ortho,Soft Costs
Project Management Fee - NRH PT,Soft Costs
Project Management Fee - Non-JLL,Soft Costs
Project Management Fee LS,Soft Costs
"Project Management Fee- JLL, project",Soft Costs
Project Management Fee-APM,Soft Costs
Project Management Fees,Soft Costs
Project Management Fees (JLL),Soft Costs
Project Management Fees - Base (Landlord CM),Soft Costs
Project Management Fees- Base (Landlord),Soft Costs
Project Management Fees- Base (Tenant),Soft Costs
Project Management IT,Soft Costs
Project Management JLL,Soft Costs
Project Management Professional Fee - JLL,Soft Costs
Project Management Reimbursable,Soft Costs
Project Management Reimbursable - JLL & BBP,Soft Costs
Project Management Reimbursables,Soft Costs
Project Management Reimbursables - JLL,Soft Costs
Project Management Service,Soft Costs
Project Management Services,Soft Costs
Project Management Services (CAP),Soft Costs
Project Management Services (CAP) - Fee- JLL,Soft Costs
Project Management Services (CAP) - JLL,Soft Costs
Project Management Services (CAP) - JLL FEE,Soft Costs
Project Management Services - JLL,Soft Costs
Project Management Services - LIFT/JLL,Soft Costs
Project Management Services APSP 56_3/1/21-6/30/21,Soft Costs
Project Management Services APSP 61_7/1/21-12/31/21,Soft Costs
Project Management Services APSP 66_ 1/3/22-3/31/22,Soft Costs
Project Management Tax and Reimb.,Soft Costs
Project Management Time,Soft Costs
Project Management _ JLL,Soft Costs
Project Management fees,Soft Costs
"Project Management, JLL",Soft Costs
Project Management- JLL,Soft Costs
Project Management- LOE 5mo. extension,Soft Costs
Project Management-Contingency,Construction
Project Management-Cx - JLL PDS & CBA,Soft Costs
Project Management-JLL,Soft Costs
Project Management-JLL Reimbursables,Soft Costs
Project Management-Travel,Soft Costs
Project Management-Travel Temp Principal Fee,Soft Costs
"Project Management-Travel, JLL Mgt Fee",Soft Costs
Project Management/ Move Management,FF&E + Millwork
Project Management/ Relocation Management Fee,FF&E + Millwork
Project Management/Consulting,Soft Costs
Project Management/Cost Management - JLL,Soft Costs
Project Management/Project Controls Serv,Soft Costs
Project Management: JLL,Soft Costs
Project Management: JLL PDS,Soft Costs
Project Management: JLL [3708157-OP-4797420316],Soft Costs
Project Manager,Uncategorized
Project Manager (JLL PDS),Soft Costs
Project Manager (JLL),Soft Costs
Project Manager - IPG,Uncategorized
Project Manager - IT,Uncategorized
Project Manager - JLL,Soft Costs
Project Manager - JLL fee,Soft Costs
Project Manager - Kate Ancell 123,Uncategorized
Project Manager Allowance,Construction
Project Manager Fees,Soft Costs
Project Manager Reimb Allow,Uncategorized
Project Manager Reimbursables,Soft Costs
Project Manager Reimbursables (JLL PDS),Soft Costs
Project Manager Services,Uncategorized
Project Manager/ Owner's Rep,Soft Costs
Project Manager: JLL,Soft Costs
Project Mgmt - JLL,Soft Costs
Project Mgmt - JLL (2023 only),Soft Costs
Project Mgmt - JLL PDS,Soft Costs
Project Mgmt Reimbursables,Soft Costs
Project Mgmt. Fee (JLL),Soft Costs
Project Requirements,Uncategorized
Project Support,Uncategorized
Project allowance - upgrade entry door,Construction
Project allowance for floor cores at work stations,Construction
Project allowance for mecho shades,Construction
Project budget,Uncategorized
Projection & Auditorium Audio Venue Audio/Visual,FF&E + Millwork
Projector Screens,Uncategorized
Prop Acquisition,Uncategorized
Propane Tank,Uncategorized
Propane Tanks,Uncategorized
Property Acquisition,Uncategorized
Property Condition Assessment,Soft Costs
Property Inspections - Brownfield Expedite/Modification Fee,Soft Costs
Property Labor,Uncategorized
Property Management,Uncategorized
Property Management (Landlord),Uncategorized
Property Manager - Landlord,Uncategorized
Property Mgmt (Landlord Admin) Fees,Soft Costs
Property Mgmt (Landlord Fee),Soft Costs
Property Mgmt (Landlord),Uncategorized
Property Mgmt (Landlord) Fee,Soft Costs
Property Mgmt (Landlord)- Drawing Revew,Uncategorized
Property Mgmt Engineer Fee,Soft Costs
Property Mgmt Engineer Fee SCIF,Soft Costs
Property Taxes,Uncategorized
"Protec's GC's & OH&P, MEP Design PTC22017",Soft Costs
Protection,Uncategorized
Protection Plus - Security,FF&E + Millwork
Provision FF&E removal to Donation/Recycling,FF&E + Millwork
Public Address System,Uncategorized
Public Area Construction,Construction
Public Relations,Uncategorized
Public Service DAS,Uncategorized
Public Space - Streetscape Deposit (above ground construction),Construction
Public Space Permit Fees,Soft Costs
Public Space Work Zone Deposit - TCP,Uncategorized
Purchase Land,Uncategorized
Purchasing Agent,Uncategorized
Purchasing Agent Fee - Bray Whaler,Soft Costs
Purchasing Fee & Reimbursables,Soft Costs
"Purchasing Fee - L&D Purchasing, FF&E",FF&E + Millwork
Purge and off site storage,Construction
Putting Green Repairs (Landscaping),Construction
Pylon-Signage Exterior,FF&E + Millwork
Pyramid Temporary Facility Costs,Construction
Pyxis Supply Cabinets,Uncategorized
QA Architect,Soft Costs
QS Consultant,Soft Costs
Quality Control Testing (ECS),Soft Costs
Quality Equip (BPC002757),Uncategorized
Quantity Surveyor (QS),Soft Costs
Quest Cabling Removal - Exp,FF&E + Millwork
Quick-Ship Furniture,FF&E + Millwork
R&D,Uncategorized
R&D Construction Works,Construction
R&D Equipment/Virtual Bay,FF&E + Millwork
R&D Machinery/Equipment 1,FF&E + Millwork
R1.5 - Others,Uncategorized
R10.1 - Building (Shell and Core) / Building Improvement,Construction
R2.14 - Others,Uncategorized
R5.8 - Other Consultants,Soft Costs
R7.1 - IT CAPEX Costs (Provided by IT dept),Uncategorized
R9.9 - Relocation Costs,FF&E + Millwork
RACP Fees,Soft Costs
RAS / TDLR,Uncategorized
RBC Old Tenant Reimbursement,Uncategorized
RBC Reimbursements,Uncategorized
RDA peer review Commissioning Agent,Soft Costs
RDAI List,Uncategorized
RDI Furniture Layout,FF&E + Millwork
REWS  Office Construction,Construction
"REWS - Kitchen Equipment, all",FF&E + Millwork
RF Shielded,Uncategorized
RFID Door Locks (Misc. Owner Hard Costs),Construction
RFP Review & Bid Involvement - JFK&M,Uncategorized
RKL Office Retrofit,Uncategorized
RMC Facilities Services,Uncategorized
RMW + Reimbursables - EXP,Soft Costs
RPM,Uncategorized
RRK (Phase 2) Costs,Soft Costs
RRK Consulting & Inspections,Soft Costs
RSCS - Contractor's Package,Uncategorized
RSCS - Decor Artwork & POP,FF&E + Millwork
RSCS - Equipment,FF&E + Millwork
RSCS - Office Equipment,FF&E + Millwork
RSCS - Restrooms,Uncategorized
RSCS - Smallwares,Uncategorized
RSCS - Stagging,Uncategorized
RSM IT Services,Uncategorized
RTLS,Uncategorized
RTLS Staff Assist / Duress,Uncategorized
RXR Budgeting,Uncategorized
Rack Install,Uncategorized
Racking,Uncategorized
Racking & Sprinkler In Racking,Construction
Racking - Warehouse,Uncategorized
Racking Relocation,FF&E + Millwork
Radiation Oncology Upgrades,Uncategorized
Radio System,Uncategorized
"Radiological Oversight, Cyclotron Breakdown, Rigging",FF&E + Millwork
Radiology Shielding,Uncategorized
Radu Architect,Soft Costs
Rahi-A/V,FF&E + Millwork
Railroad Repairs,Uncategorized
Raised Floor (Not Required),Construction
Raised Flooring System,Construction
Raised Floors,Uncategorized
Ray Kroc ROM,Uncategorized
"RaySafe, Mobile Cabinets",Uncategorized
Raze Permit,Soft Costs
Reading Room Equipment,FF&E + Millwork
Real Estate Legal Fees,Soft Costs
Real Estate Taxes,Construction
Real Estate Taxes during Construction,Construction
Rebranding of All Signage,FF&E + Millwork
Reception Sign,Uncategorized
Reconfig & Relo Prod,Uncategorized
Reconfigure Furniture - Misc Parts/Pieces,FF&E + Millwork
Recycle bins,Uncategorized
RedThread - Furniture,FF&E + Millwork
Redline,Uncategorized
Reel + Co - Design and PM Fees (Phase 1 + Phase 2),Soft Costs
Refresh - Paint/Sod,Construction
Refrigeration,FF&E + Millwork
Refrigeration Construction,FF&E + Millwork
Refrigerator,Uncategorized
Regent's Contingency,Construction
Regional,Uncategorized
Regional Cost,Uncategorized
Regional PD,Uncategorized
Regional PMO,Uncategorized
Regional Portfolio Design,Uncategorized
Regional cost,Uncategorized
Regulatory Compliance / Permitting,Soft Costs
Rehab Equipment,FF&E + Millwork
Reimburables,Uncategorized
Reimbursable,Soft Costs
Reimbursable Allowance,Construction
Reimbursable Consultant Costs,Soft Costs
Reimbursable Costs (2.5% of All Soft Costs),Soft Costs
Reimbursable Expense - Allowance,Construction
Reimbursable Expense Allowance,Construction
Reimbursable Expenses,Soft Costs
Reimbursable Expenses & Building Costs,Soft Costs
Reimbursable Expenses - Ongoing Costs (Incl. Previous CoS Charges),Soft Costs
Reimbursable Expenses - Soft Costs,Soft Costs
Reimbursable Expenses - all soft costs above,Soft Costs
Reimbursable Expenses @3%,Soft Costs
Reimbursable Expenses Allowance - Hunton Brady (79000 / 70000),Construction
Reimbursable Fees,Soft Costs
Reimbursable expenses,Soft Costs
Reimbursable- JLL,Soft Costs
Reimbursable/Expenses,Soft Costs
Reimbursables,Soft Costs
"Reimbursables (A&E, PM, Subconsultants)",Soft Costs
Reimbursables (allowance),Construction
"Reimbursables - A&E, PM & Subconsultants",Soft Costs
Reimbursables - Gensler,Soft Costs
Reimbursables - HOK,Soft Costs
Reimbursables - JLL,Soft Costs
Reimbursables - Original Budget,Soft Costs
Reimbursables - Permit Expenses,Soft Costs
Reimbursables Allowance,Construction
Reimbursables Cap,Soft Costs
Reimbursables Expenses (5%),Soft Costs
Reimburseable Expense,Uncategorized
Reimburseable Expenses,Uncategorized
Reimburseables,Uncategorized
Reimbursed Expenses,Uncategorized
Reimbursed Hard Costs,Construction
Reimbursed by Others,Uncategorized
Reimbursed by Others - Elocen,Uncategorized
Reimbursed by Others 1,Uncategorized
Reimubursables,Uncategorized
Reinstatement,Uncategorized
Reinstatement - EXP,Uncategorized
Reinstatement - Exp,Uncategorized
Relo & Furniture clear out,FF&E + Millwork
Relo Pasadena lobby sign to PacPal Training room,Uncategorized
Relocate Removable WH Signs & Markings,Uncategorized
Relocate existing furniture,FF&E + Millwork
Relocate workstations form 600 Clipper,FF&E + Millwork
Relocate workstations from 500 Clipper,FF&E + Millwork
Relocation,FF&E + Millwork
Relocation & IT Relocation,FF&E + Millwork
Relocation & Move,FF&E + Millwork
Relocation (Service West),FF&E + Millwork
Relocation (assumes 175 staff x $150),FF&E + Millwork
Relocation - Exp,FF&E + Millwork
"Relocation - files, boxes",FF&E + Millwork
Relocation / Move Costs (65000 / 65272),FF&E + Millwork
Relocation Allowance,Construction
Relocation Consultant,FF&E + Millwork
Relocation Cost,FF&E + Millwork
Relocation Costs,FF&E + Millwork
Relocation Expense,FF&E + Millwork
Relocation Management,FF&E + Millwork
Relocation Management (Moving),FF&E + Millwork
Relocation Management Services,FF&E + Millwork
Relocation Manager,FF&E + Millwork
Relocation Services,FF&E + Millwork
Relocation Services (Moving)- BAR,FF&E + Millwork
Relocation of Equipment,FF&E + Millwork
Relocation-Move Management,FF&E + Millwork
Relocation/Decom - Contingency,Construction
Relocation/Move,FF&E + Millwork
Relocation/Moving,FF&E + Millwork
Remediation,Uncategorized
Remediation & Rebuild,Uncategorized
Remediation of Existing Sites,Uncategorized
Remediation of IT Equipment,FF&E + Millwork
"Remediation, External",Uncategorized
"Remediation, external",Uncategorized
Remote Branch Unit,Uncategorized
Remote Displays,Uncategorized
Removal,Uncategorized
Removal / Moving of Exisiting Furniture,FF&E + Millwork
Removal of Un-Used Expansion Space Furniture,FF&E + Millwork
Removal of old workstations,FF&E + Millwork
Removal of rooftop signage,FF&E + Millwork
Removal/clean up as needed,Uncategorized
Removal/disposal old furniture,FF&E + Millwork
Remove Signage and Branding,FF&E + Millwork
Remove Voice & Data Cabling (1 Embarcadero),FF&E + Millwork
Remove and Relocate Safety Railing,FF&E + Millwork
Renderings Etc.,Uncategorized
"Renderings, 3D Images for Presentations",Uncategorized
Renick Brothers - Mechanical & Plumbing,Construction
Rent Allowance,Construction
Rent-A-Crate Shredding Services,Uncategorized
Rental Furniture,FF&E + Millwork
Rental Refrigeration Units,FF&E + Millwork
Rental Trucks,Uncategorized
Repair & cleaning of 711 3rd Ave,Construction
Repair Contingency,Construction
Repairs Contingency - EXP,Construction
Replace Plumbing,Construction
Replace Toilets in Locker Rooms,Uncategorized
Replace Wood Veneer Panels,Uncategorized
Replacement PLC for Inactivation Tank,Uncategorized
Reproduction Cost,Uncategorized
Reproduction Cost & Postage / Shipping,Uncategorized
Reproduction Cost & Postage/Shipping,Uncategorized
Reproduction Costs,Uncategorized
Reproduction Costs & Postage / Shipping,Uncategorized
Reproduction Costs & Postage/Shipping,Uncategorized
Reps,Uncategorized
Repurposed Furniture,FF&E + Millwork
Repurposed Furniture & Panels (Waldners),FF&E + Millwork
Required VE Target,Uncategorized
Residence Halls General Construction Costs,Construction
"Residential Furniture, Fixtures & Equipment",FF&E + Millwork
Resources & Travel,Uncategorized
Resources and Travel,Uncategorized
"Response, Remediation, and Demolition",Construction
Responsive Maintenance,Uncategorized
Restack,Uncategorized
Restaurant & Event Space Audio System,FF&E + Millwork
Restaurant Buildout,Uncategorized
Restoration,Uncategorized
Restoration Architect,Soft Costs
Restoration Costs (Hard & Soft),Uncategorized
Restoration Exp,Uncategorized
Restoration/Decom,FF&E + Millwork
Restoration/Decommission,FF&E + Millwork
Restroom Partition,FF&E + Millwork
Restroom Refresh,Uncategorized
Restroom Upgrades (TBD),Uncategorized
Restrooms,Uncategorized
Retail Fixtures,Uncategorized
Retail Fixtures - Prelim.,Uncategorized
Retail Millwork,FF&E + Millwork
Retail Space,Uncategorized
Retail Space Construction Costs,Construction
Retail Space Modification,Uncategorized
Retention for Salaried Employees,Uncategorized
Return Space to Neutral,Uncategorized
Revision to drawings to comply w/ Energy Code - SC AMA,Uncategorized
Revision to drawings to comply w/ Energy code - FSG Lighting Controls,Construction
Rialto 1x1 - 36 Units,Uncategorized
Rialto 2nd and 3rd floor 1x1 - 70 units,Construction
Richard Neu Electric - Permit,Soft Costs
Ricoh Expense,Uncategorized
Rigging / Moving,FF&E + Millwork
Rigging and Equipment Move,FF&E + Millwork
Rink & Ice Plant Construction,Construction
Rinnovo - GC Services (17505),Construction
Riser Cabling,FF&E + Millwork
Riser Manager,Uncategorized
Riser Work,Uncategorized
Rizzo - Expediting,Uncategorized
Rizzo Compliance Solutions,Uncategorized
Rock Excavation,Construction
Roll-Up Door (Industrial Door),Uncategorized
Rollo Geotechnical Engineer,Soft Costs
Rolyn,Uncategorized
Roof Contractor - Bigham Taylor,Construction
Roof Deck Furniture,FF&E + Millwork
Roof Finishes,Construction
Roof Inspection/Condition Review,Soft Costs
Roof Replacement (2022),Construction
Roof Replacement (Alliance),Construction
Roof Screening,Construction
Roof installation,Construction
Roof- Seal and Joint allowance,Construction
Roof/Siding Materials,Uncategorized
Roof/Siding/Thermal/H20proof,Uncategorized
Roofing,Construction
Roofing & Facade,Construction
Roofing & Siding,Construction
Roofing & Waterproofing,Construction
Roofing Consultant,Soft Costs
Roofing Install,Construction
Roofing Labor,Construction
Roofing Material,Construction
Roofing Repairs and Replacement (NIC),Construction
Roofing Reprogram RTU,Construction
Roofing Sheetmetal & Accessories,FF&E + Millwork
Roofing/ Thermal & Moisture Protection,Construction
Roofing/Siding,Construction
Rooftop Amenity Area Furnishing,Uncategorized
Rooftop Grills,Uncategorized
Room & Directional Signage,FF&E + Millwork
Room Alert System (CMT F&I),Uncategorized
Room Schedulers,Uncategorized
Room/ Wayfinding Signage - Fab & Install,FF&E + Millwork
Rough Carpentery,Uncategorized
Rough Carpentry,Construction
Rough Carpentry & Protection,Construction
Rough Carpentry Work,Construction
Rough Carpentry/Casework,FF&E + Millwork
Ryan Companies Donation,Uncategorized
S & S,Uncategorized
S&ME - Environmental,Soft Costs
S&ME - Geotech,Soft Costs
S&ME - Materials Testing & Special Inspections,Soft Costs
SAC Fees,Soft Costs
SBM Dumpster Cost,Uncategorized
SBO Contingency,Construction
SC & FF&E Contingency,FF&E + Millwork
SC Contingency,Construction
SC Contingency & Reserve- SC Contingency,Construction
SC Contingency & Reserves,Construction
SC Contingency (+/- 10% of Soft Hard Cost Budget),Soft Costs
SC Contingency (10%),Construction
SC Contingency (15%),Construction
SC Contingency (5%),Construction
SC Contingency (Design Contingency),Soft Costs
SC Contingency (none),Construction
SC Contingency *,Construction
SC Contingency + Escalation,Construction
SC Contingency - 10%,Construction
SC Contingency - 31%,Construction
SC Contingency - 5%,Construction
SC Contingency - 700 Spice,Construction
SC Contingency - Add Services,Construction
SC Contingency - Construction,Construction
SC Contingency - Design 2%,Soft Costs
SC Contingency - Other,Construction
SC Contingency - Reimbursables,Construction
SC Contingency / Expenses,Construction
SC Contingency 10%,Construction
SC Contingency @5%,Construction
SC Contingency/ Permit,Construction
SC Design Contingency (10%),Soft Costs
SC Expenses,Uncategorized
SC Reimbursables,Soft Costs
SC Reimbursables - SCIF,Soft Costs
SCRRAC Recreation Center,Uncategorized
SD Budget,Uncategorized
SDI,Construction
SDP Submittal Fees,Soft Costs
SDS Construction,Construction
SDS FM Time & EOL elevator modifications,Construction
SE Managed Costs,Uncategorized
SE Products/ Demo,Uncategorized
SE Supplied Electrical Gear,Construction
SEC - Security,FF&E + Millwork
SFO - AV/Tech,Uncategorized
SFO - Construction,Construction
SFO - Furniture,FF&E + Millwork
SGA,Uncategorized
SGM Engineering MEP Engineers,Soft Costs
SIGN - AV/Tech,Uncategorized
SKYPE (backfill) Conf. Room,Uncategorized
SLJ  Consultant PC Facility Design (pre JLL),Soft Costs
SLU Contingency -  Approved Board Request,Construction
SLU Provided Restroom Accessories,FF&E + Millwork
SMIDC,Uncategorized
SN Management Fee,Soft Costs
SOFT COST CONTINGENCY,Soft Costs
SOFT COSTS,Soft Costs
SPA Conveyor Relo & Reinstall (750ft),Uncategorized
SPR Flash Exterior Signage & Monument,FF&E + Millwork
SRAM Direct Costs,Uncategorized
SSM A/E,Soft Costs
SSM A/E - CAP,Soft Costs
SSM Architecture/Engineering - CAP,Soft Costs
SSM Group (ENG),Uncategorized
SSM Soft Costs - CAP,Soft Costs
STRUCTURAL CONCRETE FOR SLABS - Coppola,Construction
STRUCTURED CABLING,FF&E + Millwork
SW Corner Offices,Uncategorized
Safe,Uncategorized
Safes & Night Deposit,Uncategorized
Safes & Night Deposit - 1 each,Uncategorized
Safes & Night Drops,Uncategorized
Safes - 2 each & Night Deposit - 1 each,Uncategorized
Safety,Uncategorized
Safety Equipment,FF&E + Millwork
Safety Equipment - INVISTA,FF&E + Millwork
Safety Professional,Uncategorized
Saflok,Uncategorized
Sage Security,FF&E + Millwork
Sales Tax,Construction
Sales Tax - S&C,Construction
Sales Tax 10.25%,Construction
Sales Tax Credit,Construction
Sales Tax Rebate Credit,Construction
Sales Tax- (WALDNERS),Construction
Sample Management,Uncategorized
Sanchez Const. site support,Construction
Satellite Dish or Antennae,Uncategorized
Satellite Stretch Locations (includes 2),Uncategorized
Satellite/Cable TV,Uncategorized
Savannah Arena Bulkhead,Uncategorized
Scaffold/ Work Platform,Uncategorized
Scaffolding,Construction
Scale House,Uncategorized
Scanning/ Test Fit,Soft Costs
Schedule Consultant-Aegis,Soft Costs
Scheduling,Uncategorized
Schematic Design,Soft Costs
Schillaci Architect,Soft Costs
Schindler Delivery Support/Logistics,Uncategorized
Schneider Controls Pkg.,Construction
Schneider Digital,Uncategorized
Schneider Digital Expense,Uncategorized
Schneider Electric,Construction
"Schneider Electrical PO (Install Labor, Material, Consolidation, Tax)",Construction
Sealcoat,Uncategorized
Seals and Bumpers - OHD of Harrisburg,Uncategorized
Season Ticket Lounge,Uncategorized
Seat Sensors,Uncategorized
Seat Sensors (Annual),Uncategorized
Seating,FF&E + Millwork
Secuirty Decom,FF&E + Millwork
Secure Space & Power,Uncategorized
Securitas - Base Scope,Soft Costs
Security,FF&E + Millwork
Security  - Cameras,FF&E + Millwork
Security & Access Control,FF&E + Millwork
Security & Access Controls,FF&E + Millwork
Security & Cabling,FF&E + Millwork
Security & Card Access,FF&E + Millwork
Security & Equipment Install,FF&E + Millwork
Security (AAA Vendor),FF&E + Millwork
Security (ADT - Surprise Brivo Demo),FF&E + Millwork
Security (ADT/Brivo),FF&E + Millwork
Security (BPC002756),FF&E + Millwork
Security (BRIVO),FF&E + Millwork
Security (Brivo/ADT),FF&E + Millwork
Security (Card Readers/Cameras/Fire),FF&E + Millwork
Security (Design-Builder),FF&E + Millwork
Security (KEV Security),FF&E + Millwork
Security (Moved to General Construction),Construction
Security (NWB),FF&E + Millwork
Security (PTI),FF&E + Millwork
Security (Services + Trips),FF&E + Millwork
Security (Val),FF&E + Millwork
Security (card readers),FF&E + Millwork
Security (infrastructure + wiring),FF&E + Millwork
Security - ADT/Brivo,FF&E + Millwork
Security - Access Control,FF&E + Millwork
Security - Access Control & CCTV (00011 / 11020),FF&E + Millwork
Security - Access Control & Intrusion,FF&E + Millwork
Security - Access Controls,FF&E + Millwork
Security - Access control door hardware (Moved to LV line item),FF&E + Millwork
Security - Allied Universal,FF&E + Millwork
Security - Ararm / CCTV (Navco),FF&E + Millwork
Security - BRIVO,FF&E + Millwork
Security - Burglar Alarm,FF&E + Millwork
Security - CCTV,FF&E + Millwork
"Security - CCTV, Card Access, Site - NextGen Security",FF&E + Millwork
Security - CTCI,FF&E + Millwork
Security - Cabling,FF&E + Millwork
Security - Cameras,FF&E + Millwork
Security - Card Readers,FF&E + Millwork
Security - Card Readers (added alarm),FF&E + Millwork
Security - Convergint,FF&E + Millwork
Security - Datawatch,FF&E + Millwork
Security - Design and Install,FF&E + Millwork
Security - Door Access (Navco),FF&E + Millwork
Security - Door Hardware (Navco),FF&E + Millwork
Security - EXP,FF&E + Millwork
Security - Equipment,FF&E + Millwork
"Security - Equipment, Access Control & CCTV",FF&E + Millwork
"Security - Equipment, Access Control, CCTV",FF&E + Millwork
Security - Exp,FF&E + Millwork
Security - FT/Securitas,FF&E + Millwork
Security - Fisk,FF&E + Millwork
Security - IT,FF&E + Millwork
Security - Ighty,FF&E + Millwork
Security - Included Above,FF&E + Millwork
Security - JCI,FF&E + Millwork
Security - KEV,FF&E + Millwork
Security - KEV Security,FF&E + Millwork
Security - MMG Ortho,FF&E + Millwork
Security - ND,FF&E + Millwork
Security - National Tech,FF&E + Millwork
Security - Partial 5th Floor,FF&E + Millwork
"Security - Phase 2 Cameras, Card Readers & Keying",FF&E + Millwork
Security - Presidio,FF&E + Millwork
Security - RDT,FF&E + Millwork
Security - Re Keying Locks,FF&E + Millwork
Security - Roku Direct Vendor,FF&E + Millwork
Security - Sasco,FF&E + Millwork
Security - Security Gate & Door Control,FF&E + Millwork
Security - access control,FF&E + Millwork
Security / Access,FF&E + Millwork
Security / Access Control,FF&E + Millwork
Security / Data / AV / Sound Masking,FF&E + Millwork
Security / Protection Services,FF&E + Millwork
Security / Surveillance,FF&E + Millwork
Security / Surveillance (CAPEX),FF&E + Millwork
Security / Surveillance (Card Readers),FF&E + Millwork
Security 216,FF&E + Millwork
Security 435,FF&E + Millwork
Security Access,FF&E + Millwork
Security Access - Automated Controls,FF&E + Millwork
Security Access - ThyssenKrupp,FF&E + Millwork
Security Access Control - CSI,FF&E + Millwork
Security Access Control - FTS,FF&E + Millwork
Security Access Controls & Cameras & Intrusion,FF&E + Millwork
"Security Access Monitoring, et",FF&E + Millwork
Security CCTV,FF&E + Millwork
Security CCTV - CSI,FF&E + Millwork
Security Cabling,FF&E + Millwork
Security Cabling & Equipment,FF&E + Millwork
Security Consultant,FF&E + Millwork
Security Consultant (Marquis),FF&E + Millwork
Security Consultant (RDT),FF&E + Millwork
Security Consultant (USIS),FF&E + Millwork
Security Consultant - Guidepost,FF&E + Millwork
Security Consultant - RDT,FF&E + Millwork
Security Consultant NOVO# 120-132,FF&E + Millwork
Security Consultant/ Convergint,FF&E + Millwork
Security Decom,FF&E + Millwork
Security Design,FF&E + Millwork
Security Design & Equipment Install - RFI,FF&E + Millwork
Security Design & Install,FF&E + Millwork
Security Design Build,FF&E + Millwork
Security Design Consultant,FF&E + Millwork
"Security Design, Equipment and Installation - SBDWW",FF&E + Millwork
Security Detail (BXP),FF&E + Millwork
Security Door Control Inc. Gates,FF&E + Millwork
Security Equipment,FF&E + Millwork
Security Equipment & Install,FF&E + Millwork
Security Equipment & Install (by Invesco),FF&E + Millwork
Security Equipment & Integration (if direct w/ Twitter),FF&E + Millwork
Security Equipment (Included in Construction),FF&E + Millwork
Security Equipment (Telecom),FF&E + Millwork
Security Equipment - TriTech,FF&E + Millwork
Security Equipment Exp,FF&E + Millwork
Security Equipment Materials,FF&E + Millwork
Security Equipment and Cabling- Diversified,FF&E + Millwork
Security Equipment- Avisight,FF&E + Millwork
Security Equipment- IES,FF&E + Millwork
Security Estimate,FF&E + Millwork
Security Fence Upgrades,FF&E + Millwork
Security Film,FF&E + Millwork
Security Guard,FF&E + Millwork
Security Guard Allowance,Construction
Security Guards,FF&E + Millwork
Security Hard Costs,FF&E + Millwork
Security Hardware,FF&E + Millwork
Security Infrastructure,FF&E + Millwork
Security Install,FF&E + Millwork
Security Installation Labor,FF&E + Millwork
Security Integrator,FF&E + Millwork
Security Management,FF&E + Millwork
Security Misc.,FF&E + Millwork
Security Monitoring and Controls,FF&E + Millwork
Security Patrol,FF&E + Millwork
Security Proposal,FF&E + Millwork
Security System,FF&E + Millwork
"Security System (card access L3,L7,L8)",FF&E + Millwork
Security System - Access Control,FF&E + Millwork
Security System - HW & Programming,FF&E + Millwork
Security System - L,FF&E + Millwork
Security System - Removal,FF&E + Millwork
Security System / Equipment,FF&E + Millwork
Security System Decom,FF&E + Millwork
Security System Install,FF&E + Millwork
Security System Removal (Convergint),FF&E + Millwork
Security System Works,FF&E + Millwork
Security System/Brivo,FF&E + Millwork
Security System/Equipment (Including Security Cabling),FF&E + Millwork
Security Systems,FF&E + Millwork
Security Systems (and Labor),FF&E + Millwork
Security Systems - Exp,FF&E + Millwork
Security Systems / Access Control,FF&E + Millwork
Security Systems / Access Control / CCTV,FF&E + Millwork
Security Troubleshooting,FF&E + Millwork
Security Vendor,FF&E + Millwork
Security Vendor - LIFT (NextGen),FF&E + Millwork
Security Works,FF&E + Millwork
Security _ RDA,FF&E + Millwork
Security and Telecom Equipment - Linear,FF&E + Millwork
Security equipment upgrade,FF&E + Millwork
Security film on the facade,FF&E + Millwork
Security guard,FF&E + Millwork
"Security guard, cleaning, moving, building costs, freight charges",FF&E + Millwork
Security start up and Security Guards,FF&E + Millwork
Security system,FF&E + Millwork
Security system - Remote Programming,FF&E + Millwork
Security | Approved CAR Value - GRE CAP,FF&E + Millwork
Security(KEV Security),FF&E + Millwork
"Security, All",FF&E + Millwork
"Security, CCTV & Access Control",FF&E + Millwork
"Security, CCTV & Access Control AV",FF&E + Millwork
"Security, Fire & Camera Systems",FF&E + Millwork
"Security, Fire and Camera Systems",FF&E + Millwork
"Security, Sound Masking, AV, Data - ITS",FF&E + Millwork
"Security, all",FF&E + Millwork
"Security, all (HBS)",FF&E + Millwork
"Security, all - BPT/Security",FF&E + Millwork
Security-,FF&E + Millwork
Security- ADT,FF&E + Millwork
Security- Access Control,FF&E + Millwork
Security- Access Controls,FF&E + Millwork
"Security- Access Controls (Harris, managed by Carta)",FF&E + Millwork
Security- Access control and CCTV,FF&E + Millwork
Security- Cable/Wire (Solda Electric),FF&E + Millwork
Security- Cable/Wire (allowance),Construction
Security- Camera - AVS,FF&E + Millwork
Security- Cameras,FF&E + Millwork
Security- Card Reader - Data WBE,FF&E + Millwork
Security- Decommissioning,FF&E + Millwork
Security- Design / Equipment,FF&E + Millwork
Security- EXP,FF&E + Millwork
Security- Equipment,FF&E + Millwork
Security- Equipment & Install,FF&E + Millwork
Security- Equipment (Convirgent),FF&E + Millwork
Security- Equipment (KB Technologoies),FF&E + Millwork
Security- Equipment (McMillian),FF&E + Millwork
Security- Equipment (Navco),FF&E + Millwork
"Security- Equipment (card access, video, intrusion)",FF&E + Millwork
Security- Equipment - AUTS,FF&E + Millwork
Security- Equipment - CCS - Transferred funds to HC Construction,FF&E + Millwork
Security- Equipment - CCTV Security System (Access Control)(Camera Monitoring),FF&E + Millwork
Security- Equipment - Kastle Systems,FF&E + Millwork
Security- Equipment - Retail,FF&E + Millwork
Security- Equipment - SCIF,FF&E + Millwork
Security- Equipment - Security Door & Gate Control,FF&E + Millwork
Security- Equipment - Stanley,FF&E + Millwork
Security- Equipment - WBE,FF&E + Millwork
Security- Equipment // Retail,FF&E + Millwork
Security- Equipment Convergint,FF&E + Millwork
Security- Equipment Materials,FF&E + Millwork
Security- Equipment Removal,FF&E + Millwork
Security- Equipment and Install,FF&E + Millwork
Security- Equipment and Installation,FF&E + Millwork
"Security- Equipment, Access Control & CCTV",FF&E + Millwork
Security- Equipment/Fencing,FF&E + Millwork
Security- Full Scope supported under GC,FF&E + Millwork
Security- Intrusion and Camera Systems,FF&E + Millwork
Security- Johnson Controls,FF&E + Millwork
Security- Main Access Systems,FF&E + Millwork
Security- Original Scope,FF&E + Millwork
Security- Other,FF&E + Millwork
Security- Programming- Advent,FF&E + Millwork
Security- TSC,FF&E + Millwork
Security- Verkada Equipment,FF&E + Millwork
Security- access control,FF&E + Millwork
Security- piping CCTV-AC,FF&E + Millwork
Security-Access Control,FF&E + Millwork
Security-Brivo,FF&E + Millwork
Security-Exp,FF&E + Millwork
Security-G4S,FF&E + Millwork
Security-ITS Install,FF&E + Millwork
Security-NCCO Security,FF&E + Millwork
Security/ Low Voltage Cabling,FF&E + Millwork
Security/Access Control,FF&E + Millwork
Security/Access Control/Equipment (Placeholder),FF&E + Millwork
Security/Access Controls,FF&E + Millwork
Security/Brivo,FF&E + Millwork
Security/Surveillance,FF&E + Millwork
Security: Access Controls & CCTV,FF&E + Millwork
Security: System Design and Installation,FF&E + Millwork
SecurityEquipment CS,FF&E + Millwork
SecurityEquipment JL,FF&E + Millwork
Security_Admin,FF&E + Millwork
Security| all,FF&E + Millwork
Securty - NRH PT,Uncategorized
Seismic Review,Uncategorized
Select Service,Construction
Selective Demolition,Construction
Self Assessed Taxes,Uncategorized
Sensor commissioning & configuration,Soft Costs
Sensors,Uncategorized
September Management Fee,Soft Costs
Septic tank allowance,Construction
Server Equipment & OFE,FF&E + Millwork
Server Room Build,Uncategorized
Server Room Equipment,FF&E + Millwork
Servers & Storage,Uncategorized
Servers and Storage,Uncategorized
ServiceNow,Uncategorized
Services Consultant,Soft Costs
Services Engineers (MEP),Soft Costs
Sewer SDC credit for future sewer line along east property line,Construction
Sewer Use and Drainage Permit (SUDP),Soft Costs
Shade Structure,Uncategorized
Shade Structure and footings,Uncategorized
Shades,Uncategorized
Shades/Window Treatments,FF&E + Millwork
Shading Install- Allowance,Construction
Shadley Associates Base fee,Construction
Shake Shack - 30%,Uncategorized
Shared Services Labor,Uncategorized
"Shawmut Ph1, Ph2, Ph 3A, CRs (overbilled due to GC/PR)",Construction
Shed 4F & 4G Demo Gen Conditions-OPx,Uncategorized
Sheeting & Shoring,Construction
"Shell & Core, Base Building, Landlord Coordination",Construction
Shelving,FF&E + Millwork
Shelving Allowance,Construction
Sherman Oaks Phase 1-3,Soft Costs
Shielding,Uncategorized
Shielding Consultant,Soft Costs
Shielding Design,Uncategorized
Shielding Design/ Testing,Soft Costs
Shielding Modification,Uncategorized
Shipments,Uncategorized
Shipping & Customs 6% of Hard Costs & Millwork,FF&E + Millwork
Shipping Cost,Uncategorized
Shipping and Taxes,Uncategorized
Shipping of sensors,Uncategorized
Shop Building,Uncategorized
Shoring & bracing,Construction
Showers,Uncategorized
Showroom Furniture,FF&E + Millwork
Siemens,Uncategorized
Siemens Acusion Freestyle Ultrasound,Uncategorized
Siemens Acusion S3000 Ultrasound,Uncategorized
Siemens Artis Zee Ceiling IR1,FF&E + Millwork
Siemens Artis Zee Ceiling IR2,FF&E + Millwork
Siemens Artis Zee Ceiling IR3,FF&E + Millwork
Siemens Artis Zee Ceiling IR4,FF&E + Millwork
Siemens Artis Zee Ceiling IR5,FF&E + Millwork
Siemens Somtom Definition Edge,Uncategorized
Sign & Graphics,FF&E + Millwork
Sign - Parvin Clauss (Interior + Exterior),Construction
Sign - TPI (Existing Metal Sign Removal),Uncategorized
Sign Demo and clean up,Uncategorized
Signage,FF&E + Millwork
Signage &  Branding,FF&E + Millwork
Signage & Art Work (Interior),FF&E + Millwork
Signage & Artwork,FF&E + Millwork
Signage & Artwork - Image Options / Pro Signs,FF&E + Millwork
Signage & Branding,FF&E + Millwork
Signage & Branding Allowance,Construction
Signage & Graphics,FF&E + Millwork
Signage & Wayfinding Consultant,FF&E + Millwork
Signage & Window shades,FF&E + Millwork
Signage ( Interior & Exterior),FF&E + Millwork
Signage (AdImpact),FF&E + Millwork
Signage (Building Entrance),FF&E + Millwork
Signage (Coloredge),FF&E + Millwork
Signage (Corporate Sign Systems),FF&E + Millwork
"Signage (Distraction dots, posters, mural)",FF&E + Millwork
Signage (Exterior Building Signage),FF&E + Millwork
Signage (Exterior),FF&E + Millwork
Signage (Exterior/Interior),FF&E + Millwork
Signage (Interior & Corridor),FF&E + Millwork
Signage (Interior & Exterior),FF&E + Millwork
Signage (Interior Code Only),FF&E + Millwork
Signage (Interior),FF&E + Millwork
Signage (Interior) & Branding,FF&E + Millwork
Signage (Interior/Wayfinding),FF&E + Millwork
Signage (Intersign),FF&E + Millwork
Signage (New),FF&E + Millwork
Signage (Personnel + Locational),FF&E + Millwork
Signage (Reception Area),FF&E + Millwork
Signage (Top Notch Graphics),FF&E + Millwork
Signage (Vinyls),FF&E + Millwork
Signage (interior/Exterior),FF&E + Millwork
Signage (interior/exterior),FF&E + Millwork
Signage - ATM Surrounds,FF&E + Millwork
Signage - Allowance,Construction
Signage - Branding,FF&E + Millwork
Signage - CAP,FF&E + Millwork
Signage - Chandler Signs,FF&E + Millwork
Signage - Exp,FF&E + Millwork
Signage - Exterior,FF&E + Millwork
Signage - Exterior & Interior,FF&E + Millwork
Signage - Exterior - LL (Emco Press Corporation),FF&E + Millwork
Signage - Exterior Building & Monument signs (02801 / 10430),FF&E + Millwork
Signage - Exterior LI 2.0,FF&E + Millwork
Signage - Interior,FF&E + Millwork
Signage - Interior Entry,FF&E + Millwork
Signage - Interior Graphics,FF&E + Millwork
Signage - Interior LI 2.0,FF&E + Millwork
Signage - Interior Signage,FF&E + Millwork
"Signage - Interior Wayfinding, Room & Workstations (CC 61000 / 61217)",FF&E + Millwork
Signage - Interior office & workstation (TBD),FF&E + Millwork
Signage - L,FF&E + Millwork
Signage - Reception & Elevator Lobby (Jack Stone Signs),FF&E + Millwork
Signage - Roku direct vendor,FF&E + Millwork
Signage - Room & Directonal,FF&E + Millwork
Signage - Top of Building/ Street Level Eyebrow,FF&E + Millwork
Signage - exterior,FF&E + Millwork
Signage /  Branding,FF&E + Millwork
Signage / Branding,FF&E + Millwork
Signage / Graphics,FF&E + Millwork
Signage / Graphics - Advance Signs,FF&E + Millwork
Signage / Graphics - Exterior,FF&E + Millwork
Signage / Graphics - Interior & Wayfinding,FF&E + Millwork
Signage / Graphics / Branding,FF&E + Millwork
Signage / Graphics Contingency,Construction
Signage / Privacy Film,FF&E + Millwork
Signage / Wayfinding / Environmental Graphics,FF&E + Millwork
Signage Allowance,Construction
Signage Allowance - Exterior,Construction
Signage Allowance: Exterior,Construction
Signage Allowance: Interior & Branding,Construction
Signage Allowance: interior Branding,Construction
Signage Consultant,FF&E + Millwork
Signage Consultant - Nativo,FF&E + Millwork
Signage Design,FF&E + Millwork
Signage Designer,FF&E + Millwork
Signage EGD,FF&E + Millwork
Signage Exp,FF&E + Millwork
Signage Exterior,FF&E + Millwork
Signage Interior,FF&E + Millwork
Signage Management,FF&E + Millwork
Signage Relocation,FF&E + Millwork
Signage Removal,FF&E + Millwork
Signage Removal & Restoration,FF&E + Millwork
Signage Removal/Demo,FF&E + Millwork
Signage Variance,FF&E + Millwork
Signage Vendor,FF&E + Millwork
Signage and Branding,FF&E + Millwork
Signage and Film,FF&E + Millwork
Signage and Glass Vinyl,FF&E + Millwork
Signage and Graphics,FF&E + Millwork
Signage at Reception,FF&E + Millwork
Signage corporate fachade,FF&E + Millwork
Signage for Interiors (Includes Logo Signage),FF&E + Millwork
Signage removal & restoration,FF&E + Millwork
Signage | Approved CAR value - GRE CAP,FF&E + Millwork
"Signage, Branding, Art",FF&E + Millwork
Signage-Exp,FF&E + Millwork
Signage-Interior,FF&E + Millwork
Signage/ Branding/ Artwork,FF&E + Millwork
Signage/Appliances/Graphics/Misc.,FF&E + Millwork
Signage/Artwork,FF&E + Millwork
Signage/Branding,FF&E + Millwork
Signage/Branding (Included in Construction),FF&E + Millwork
Signage/Branding Architectural Fee,FF&E + Millwork
Signage/Graphics,FF&E + Millwork
"Signage/Graphics $202,435.08",FF&E + Millwork
Signage/Graphics & Artwork,FF&E + Millwork
Signage/Graphics & Merchandising,FF&E + Millwork
Signage/Graphics (1744),FF&E + Millwork
Signage/Graphics (Fabricate & Install),FF&E + Millwork
Signage/Graphics (Image 360),FF&E + Millwork
Signage/Graphics (Int/Ext),FF&E + Millwork
Signage/Graphics (Placeholder),FF&E + Millwork
Signage/Graphics (Vinyls),FF&E + Millwork
Signage/Graphics (allowance),Construction
Signage/Graphics - 71 Visuals,FF&E + Millwork
Signage/Graphics - ASI,FF&E + Millwork
Signage/Graphics - Airspace,FF&E + Millwork
Signage/Graphics - Atlas,FF&E + Millwork
Signage/Graphics - Chandler Signs,FF&E + Millwork
Signage/Graphics - Coyle,FF&E + Millwork
Signage/Graphics - D10,FF&E + Millwork
Signage/Graphics - DaNite,FF&E + Millwork
Signage/Graphics - Drive21,FF&E + Millwork
Signage/Graphics - Exterior,FF&E + Millwork
Signage/Graphics - Exterior & Monument,FF&E + Millwork
Signage/Graphics - Exterior & Monuments,FF&E + Millwork
Signage/Graphics - Exterior (ASG),FF&E + Millwork
Signage/Graphics - Exterior (Effective Sign),FF&E + Millwork
Signage/Graphics - Hornall Anderson,FF&E + Millwork
Signage/Graphics - Ideation Orange & Sign Text,FF&E + Millwork
Signage/Graphics - Interior,FF&E + Millwork
Signage/Graphics - Interior & Wayfinding,FF&E + Millwork
Signage/Graphics - Interior (Effective Sign),FF&E + Millwork
Signage/Graphics - Interior (TBD),FF&E + Millwork
Signage/Graphics - Interior Signage,FF&E + Millwork
Signage/Graphics - Interior Signage Graphics & Branding,FF&E + Millwork
Signage/Graphics - Lahue,FF&E + Millwork
Signage/Graphics - Leviathan and Xibitz,FF&E + Millwork
Signage/Graphics - Morrison,FF&E + Millwork
Signage/Graphics - Moss,FF&E + Millwork
Signage/Graphics - Pinnical Signs,FF&E + Millwork
Signage/Graphics - Retail,FF&E + Millwork
Signage/Graphics - WARNER MUSIC LOGO,FF&E + Millwork
Signage/Graphics // Retail,FF&E + Millwork
Signage/Graphics Con,FF&E + Millwork
Signage/Graphics Consultant,FF&E + Millwork
Signage/Graphics Designer,FF&E + Millwork
Signage/Graphics Labor,FF&E + Millwork
Signage/Graphics Materials,FF&E + Millwork
Signage/Graphics Tube Art,FF&E + Millwork
Signage/Graphics design services,FF&E + Millwork
"Signage/Graphics, All",FF&E + Millwork
Signage/Graphics/ Branding,FF&E + Millwork
Signage/Graphics/Art/PLantings,FF&E + Millwork
Signage/Graphics/Artwork,FF&E + Millwork
Signage/Graphics/Bran,FF&E + Millwork
Signage/Graphics/Branding,FF&E + Millwork
Signage/Interior Furnishings,FF&E + Millwork
Signage/Merchandising,FF&E + Millwork
Signage/Wayfinding,FF&E + Millwork
Signage/Wayfinding/Environmental Graphics,FF&E + Millwork
Signage/wayfinding,FF&E + Millwork
Signage| Branding| Art,FF&E + Millwork
Signange,Uncategorized
Signs - Graphics - Marketing,FF&E + Millwork
"Signs, Film & Branding",FF&E + Millwork
Site,Uncategorized
Site Acquisition,Construction
Site Camera,Construction
Site Cleaning,Construction
Site Construction,Construction
Site Construction/General Contractor,Construction
Site Decommission Cost,FF&E + Millwork
Site Decommissioning,FF&E + Millwork
Site Dewatering Allowance,Construction
Site Due Diligence,Soft Costs
Site Engineering,Soft Costs
Site Expense - Property Management,Construction
Site Flatwork,Construction
Site Furniture PAL-04 & 6 Curb Appeal,FF&E + Millwork
Site Improvements,Construction
Site Improvements - Base Scope,Construction
Site Improvements - Exterior Work,Construction
Site Infrastructure & Landscape,Construction
Site Management,Construction
"Site Mobiization, Barricadding works and Demolition works",Construction
Site Planning for Generator,Construction
Site Prep and Stabilization,Construction
Site Preparation,Construction
"Site Preparation (Site Demo, GA Power & City Lot Relocation)",FF&E + Millwork
Site Remediation,Construction
Site Requirements,Construction
Site Restoration,Construction
Site Security,FF&E + Millwork
Site Security Service,FF&E + Millwork
Site Setup Support,Construction
Site Specific Requirements,Construction
Site Survery - Systems Source,Construction
Site Survey,Soft Costs
Site Survey (Allowance),Construction
Site Survey - ELE,Soft Costs
Site Survey - HVAC,Soft Costs
Site Survey / Property Assesment,Soft Costs
Site Survey Consultant - Draper Aden/Multivista,Soft Costs
Site Trips & Mock Ups,Construction
Site Work,Construction
Site Work - ICRA,Construction
Site-Civil Engineer: Langan,Soft Costs
Site/Civil Engineering,Soft Costs
Site/Land,Uncategorized
Sitework,Construction
"Sitework (Demolition, Earthworks, Hardscape, Landscape, Fencing)",FF&E + Millwork
Sitework Previous,Construction
"Sitework, Infrastructure, Technology",Construction
"Sitework, Infrastructures, Site Tech, Fees",Construction
Sitework-Exp,Construction
Sky Carts,FF&E + Millwork
Skylight Waterproofing - Allowance,Construction
Skyway Connection Fee,Soft Costs
Slab-on-Grade (Concrete),Construction
Slat Walls,Construction
Sleeper Install,Uncategorized
Smallwares,Uncategorized
Smallwares (COMPASS),Uncategorized
Smart Building Tech,FF&E + Millwork
Smith and Severson : Bollards at MDF,Uncategorized
Smith and Severson : Core drilling,Uncategorized
Smith and Severson : Electrical work at MDF Room,Construction
Smoke Control - Jensen Hughes,Uncategorized
Smoke Control Inspection Procedure,Soft Costs
Smoke Control Testing,Soft Costs
Soft Contingency,Soft Costs
Soft Cost,Soft Costs
Soft Cost & FEE Contingency,Soft Costs
Soft Cost - Architect,Soft Costs
Soft Cost - Contingency,Soft Costs
Soft Cost - Contingency - 3%,Soft Costs
Soft Cost - Contingency - 5%,Soft Costs
"Soft Cost - Fee - JLL, project",Soft Costs
Soft Cost - Fire/Egress Consultant,Soft Costs
Soft Cost - Miscellaneous Consultants,Soft Costs
Soft Cost - PM Change Order,Soft Costs
Soft Cost - PM Fees (JLL),Soft Costs
Soft Cost - Test Fit Architect,Soft Costs
Soft Cost Allocations,Soft Costs
Soft Cost Category Budget,Soft Costs
Soft Cost Contingency,Soft Costs
Soft Cost Contingency (10%),Soft Costs
Soft Cost Contingency (5%),Soft Costs
Soft Cost Contingency - 5%,Soft Costs
Soft Cost Contingency 5%,Soft Costs
Soft Cost Contingency @ 5%,Soft Costs
Soft Cost Expense Contingency,Soft Costs
Soft Cost Reimbursable - 3%,Soft Costs
Soft Cost Reimbursable expenses - Consultants,Soft Costs
Soft Cost Reimbursables,Soft Costs
Soft Cost Reimbursables - 3%,Soft Costs
Soft Cost and FF&E Contingency,Soft Costs
Soft Cost budget,Soft Costs
Soft Costs,Soft Costs
Soft Costs - Amenity,Soft Costs
Soft Costs - Architectural & Engineering (MSC/EMTG),Soft Costs
Soft Costs - CAP,Soft Costs
Soft Costs - Escalation and Contingency,Soft Costs
Soft Costs - M&E Peer Review (Rock Brook),Soft Costs
Soft Costs - PM Fees (JLL),Soft Costs
Soft Costs - Reimbursable Expenses,Soft Costs
Soft Costs - Reimbursables - 3%,Soft Costs
Soft Costs - S&C,Soft Costs
Soft Costs - TI,Soft Costs
Soft Costs 9.a Phase 1 Consulting,Soft Costs
Soft Costs 9.b - Cerami Acoustics Ph 2,Soft Costs
Soft Costs 9.c - Unisex WC / Mother's Room,Soft Costs
Soft Costs 9.d - Test Fits,Soft Costs
Soft Costs Cap,Soft Costs
Soft Costs Contingency,Soft Costs
Soft Costs Contingency (5%),Soft Costs
Soft Costs Contingency 10%,Soft Costs
Soft Costs Exp,Soft Costs
Soft Costs Sales Tax,Construction
Soft Costs Total,Soft Costs
Soft Costs | Approved CAR Value - GRE CAP,Soft Costs
Soft Costs | Approved CAR value - GRE CAP,Soft Costs
"Soft Costs, LL Mgmt Fee (5%) & Misc",Soft Costs
Soft Costs- All,Soft Costs
Soft Costs- Copiers,Soft Costs
Soft Costs- Cushman,Soft Costs
Soft Costs- Decommissioning,FF&E + Millwork
Soft Costs- Desktop Monitors & Stations,FF&E + Millwork
Soft Costs- Other,Soft Costs
Soft Costs- Other 4,Soft Costs
"Soft Costs- Phones, Headsets, Owls",Soft Costs
Soft Costs- Printers,FF&E + Millwork
Soft Costs-Other-Exp,Soft Costs
Soft Costs/Design Contingency,Soft Costs
Soft Flooring (Carpet),FF&E + Millwork
Soft Furnishings,FF&E + Millwork
"Soft Goods (Plates, Flatware, etc.)",Uncategorized
Soft Seating,FF&E + Millwork
Software,Uncategorized
Soho House Design Services,Soft Costs
Soil Management Plan Fee,Soft Costs
Soil Remediation,Uncategorized
Soil Testing Inc. Geotech (pre JLL),Soft Costs
Sound Barrier Walls,Construction
Sound Designer,Soft Costs
Sound Editor,Uncategorized
Sound Making/Paging,Uncategorized
Sound Masking,Uncategorized
Sound Masking (ITS),Uncategorized
Sound Masking (Incl CommZone),Uncategorized
Sound Masking - CommZone,Uncategorized
Sound Masking - Margenau,Uncategorized
Sound Masking / Paging,Uncategorized
Sound Masking Cost,Uncategorized
Sound Masking Design,Uncategorized
Sound Masking Infrastructure,Uncategorized
Sound Masking Sys-OE,Uncategorized
Sound Masking System,Uncategorized
Sound Masking Vendor - TBD,Uncategorized
Sound Masking- Lencore,Uncategorized
Sound Masking/Paging,Uncategorized
Sound System,Uncategorized
Sound masking,Uncategorized
Sound-Masking,Uncategorized
Sounding Survey - PMR,Soft Costs
Soundmasking,Uncategorized
Soundmasking (00011 / 41015),Uncategorized
Soundmasking - AVI Systems,Uncategorized
Soundmasking- Avisight,Uncategorized
Soundmasking/ Paging,Uncategorized
South Hills Movers,FF&E + Millwork
Space Planning,Soft Costs
Space Planning (CAP),Soft Costs
Space Planning (PPF),Soft Costs
Space Planning Services,Soft Costs
Spec Const Labor,Uncategorized
Spec Const Material,Uncategorized
Special (3rd Party) Inspections,FF&E + Millwork
Special Constr,Uncategorized
Special Construction,Construction
Special Construction - Glass Film Removal,Construction
Special Construction - ICRA,Construction
Special Construction - Internal Stair,Construction
Special Construction - Rigging & Relocation,FF&E + Millwork
Special Construction Labor,Construction
Special Construction-Exp,Construction
Special Equipment,FF&E + Millwork
Special Events,Uncategorized
Special Features,Uncategorized
Special Inspection,Soft Costs
Special Inspection & Material Testing,Soft Costs
Special Inspection Allowance,Construction
Special Inspection Fee,Soft Costs
Special Inspection Services (Intertek),Soft Costs
Special Inspections,Soft Costs
Special Inspections  (Under Huntsman),Soft Costs
Special Inspections & Environmental,Soft Costs
Special Inspections & Material Testing,Soft Costs
Special Inspections & Sign Offs (2%),Soft Costs
Special Inspections (AK Engineering),Soft Costs
Special Inspections (if applicable),Soft Costs
Special Inspections - .50% of construction L3,Soft Costs
Special Inspections - .75% of construction,Soft Costs
Special Inspections - 0.15% of construction,Soft Costs
Special Inspections - AK Engineering,Soft Costs
Special Inspections - AMAA,Soft Costs
Special Inspections - Allowance,Construction
Special Inspections - Milrose,Soft Costs
Special Inspections - Roku direct vendor,Soft Costs
Special Inspections - Smoke Control,Soft Costs
Special Inspections / Testing,Soft Costs
Special Inspections Consultant - AK Engineering,Soft Costs
Special Inspections and Testing,Soft Costs
Special Inspections/Asbestos,Soft Costs
Special Inspections/Testing,Soft Costs
Special Inspector,Uncategorized
Special Inspector (AK Engineering),Soft Costs
Special Inspector (Milrose),Uncategorized
Special Inspector- Other,Uncategorized
Special inspections,Soft Costs
Specialist A/V,FF&E + Millwork
Specialities Other,Uncategorized
Specialties,Uncategorized
Specialties & Special Construction,Construction
Specialties (Appliances and Signage),FF&E + Millwork
Specialties (Studio),Uncategorized
Specialties - Appliances,FF&E + Millwork
Specialties - Window Treatment,FF&E + Millwork
Specialties Pest Control,Uncategorized
Specialties-Exp,Uncategorized
Specialty & Monument Signage,FF&E + Millwork
Specialty Casework,FF&E + Millwork
Specialty Chemicals,Uncategorized
Specialty Construction,Construction
Specialty Consultants,Soft Costs
Specialty Consultants - Additional Services,Soft Costs
Specialty Contractors,Uncategorized
Specialty Contractors LN Piping (Princeton CryoTech),Construction
Specialty Cost Allowances,Construction
Specialty Door Materials,Uncategorized
Specialty Doors,Uncategorized
Specialty Doors - Roll up Doors,Uncategorized
Specialty Equipment,FF&E + Millwork
Specialty Graphics/Signage,FF&E + Millwork
Specialty Items,Uncategorized
Specialty Lighting,Uncategorized
Specialty Movers,FF&E + Millwork
Specialty Signage / Graphics / Branding,FF&E + Millwork
Spent Expenses,Uncategorized
Sport Court Allowance,Construction
Sports Equipment / Post-Construction Costs,FF&E + Millwork
Sprinkler - 15300,Construction
Sprinkler Contractor,Construction
Sprinkler Install,Construction
Sprinkler System,Construction
Sprinkler Upgrades - SA Comunale,Construction
Sprinkler Work,Construction
Sprinkler/ Plumbing Inspection,Soft Costs
Sprinklers,Construction
Stability Chambers,Uncategorized
Staff Dining,Uncategorized
Staffing,Uncategorized
Staging Premium,Uncategorized
Stair / Railing Design,Uncategorized
Staircase,Uncategorized
Stand Up Desk,FF&E + Millwork
Standard Adjustable Desk,FF&E + Millwork
Stanislaus - Down Spouts / Bumpers,Uncategorized
Stanley Security- Equipment Removal,FF&E + Millwork
Stantec Abatement Oversight & Reporting Job#185705083,Uncategorized
State Tax,Construction
State and City Sales Tax,Construction
State and Local Sales Tax,Construction
State and local sales tax,Construction
Stationary,Uncategorized
Statue Relocation,FF&E + Millwork
Statutory Approval Fees,Soft Costs
Statutory Consultant,Soft Costs
Steam - Mosto,Uncategorized
Steel,Construction
Steel - 5100,Construction
Steel - 5100 - Structural VT Package,Construction
Steel Shelving,FF&E + Millwork
SteerCo - Value Add - Final,Uncategorized
Stiles Avenue,Uncategorized
Stone Tiles - Carrara Marble,Construction
StoneShades Vendor,Uncategorized
Storage,Uncategorized
Storage Enhancements,FF&E + Millwork
Storage Fees,FF&E + Millwork
Storage Furniture- WC,FF&E + Millwork
Storage Shelving,FF&E + Millwork
Storage Trailers,FF&E + Millwork
Storage rack,FF&E + Millwork
Storage/Warehousing,Uncategorized
Store Belongings (weeks),Uncategorized
Store Move,FF&E + Millwork
Storefront,Uncategorized
Storefront - 8400,Uncategorized
Storm Sewer Certification,Construction
Storm Sewer Tie in,Construction
"Storm Water Mgmt, ESC, Green Fees",Construction
"Storm, Sewer, Water, Parks DC",Construction
Storr - Huddle Room Doors (L3),Uncategorized
Storr Decom,FF&E + Millwork
Streimer Sheet Metal,Uncategorized
Struct Bldg Stl Walks Pforms S,Uncategorized
Struct Cabling & Sound Masking- CommZone (Val),FF&E + Millwork
Structural,Soft Costs
Structural - Allowance - Ladder replacement,Construction
Structural - Field Verification or Permit Expeditor,Soft Costs
Structural - Gensler/KPFF,Construction
Structural - TI,Construction
Structural / Civil Engineer,Soft Costs
Structural Cabling/Permit,FF&E + Millwork
Structural Consultant,Soft Costs
Structural Consultant (3rd Party Review) - KPFF,FF&E + Millwork
Structural Design,Construction
Structural Drawings - Loading Dock,Construction
Structural Engineer,Soft Costs
Structural Engineer (ASD),Soft Costs
Structural Engineer (Allowance),Construction
Structural Engineer (GMS),Soft Costs
Structural Engineer (Previous),Soft Costs
Structural Engineer (Stairs & Threshold Inspections),Soft Costs
Structural Engineer (WSP),Soft Costs
Structural Engineer (under Gensler),Soft Costs
Structural Engineer - Allowance,Construction
Structural Engineer - DeStefano,Soft Costs
Structural Engineer - Destefano,Soft Costs
Structural Engineer - GMS,Soft Costs
Structural Engineer - Generator,Soft Costs
Structural Engineer - Hydradyne,Soft Costs
Structural Engineer - IMEG,Soft Costs
Structural Engineer - John A Martin & Assoc,FF&E + Millwork
Structural Engineer - MBC,Soft Costs
Structural Engineer - Moloney,Soft Costs
Structural Engineer - Murphy Burr Curry,Soft Costs
Structural Engineer - OJR,Soft Costs
Structural Engineer - Peer Review,Soft Costs
Structural Engineer - Presidents Plaza,Soft Costs
Structural Engineer - Rivera,Soft Costs
Structural Engineer - SK&A,Soft Costs
Structural Engineer - SMBH,Soft Costs
Structural Engineer - Silman (Under DR),Soft Costs
Structural Engineer - Skyfold/ Movable Doors,Soft Costs
Structural Engineer - TT,Soft Costs
Structural Engineer - Thornton Tomasetti,Soft Costs
Structural Engineer - Vertex,Soft Costs
Structural Engineer Allowance,Construction
Structural Engineer Peer Review,Soft Costs
Structural Engineer Reviews (Allowance),Construction
Structural Engineer Staircase,Soft Costs
Structural Engineer/ Sedr,Soft Costs
Structural Engineer/Misc Consultants,Soft Costs
Structural Engineer/WELL - TTA,Soft Costs
Structural Engineering,Soft Costs
Structural Engineering - SK&A,Soft Costs
Structural Engineering Fees,Soft Costs
Structural Engineers,Soft Costs
Structural Metal Labor,Construction
Structural Metal Materials,Construction
Structural Metals,Construction
Structural Peer Review,Construction
Structural Steel,Construction
Structural TI,Construction
Structural/Civil,Soft Costs
Structure Cabling,FF&E + Millwork
Structure Labor,Uncategorized
Structure Material,Uncategorized
Structure Material/Assembly,Uncategorized
Structured Cable,Uncategorized
Structured Cabling,FF&E + Millwork
Structured Cabling & Public Address System,FF&E + Millwork
"Structured Cabling (Switches, fiber adapter, print services, WAPs, Nexus)",FF&E + Millwork
Structured Cabling - FSG,FF&E + Millwork
Structured Cabling - Waveguide/SHI/FGX,FF&E + Millwork
Structured Cabling Costs,FF&E + Millwork
Structured Cabling Costs - CommZone,FF&E + Millwork
Structured Cabling Costs 1.0 Project,FF&E + Millwork
Structured Cabling Costs 2.0 Project,FF&E + Millwork
Structured Cabling Costs Think Tank 2.0 Project,FF&E + Millwork
Structured Cabling Costs/Sound Masking,FF&E + Millwork
Structured Cabling and WAPs,FF&E + Millwork
Structured Cabling/AV,FF&E + Millwork
Structured Cabling/Power/AV Costs,FF&E + Millwork
Studio & BOH Furniture,FF&E + Millwork
Studio BV Fees,Soft Costs
Studio ai - Contract Amendment (complete building),Soft Costs
Studio ai Architect,Soft Costs
Studio designer,Soft Costs
Stutzman - Equipment Purchase,FF&E + Millwork
Stutzman - Installation,Uncategorized
"Sub Release Package, Hard Costs only",Construction
Sub-Consultant (LCH/Jtec/Dreame),Soft Costs
SubLandlord Mgmnt Fee,Soft Costs
Subcontractor Permitting,Soft Costs
Subguard Insurance,Soft Costs
Submetering,Uncategorized
Submittal Costs,Uncategorized
Subtotal Base Contract,Construction
Subtotal Construction,Construction
Subzero - IT Contractor,Uncategorized
Subzero - IT Owned Contract,Uncategorized
Suite 280 Construction Reqs per Lease,Construction
Sunbelt Title - Furniture - Leased,FF&E + Millwork
Sunbelt Title Construction,Soft Costs
Sunk 5th Floor Design Costs,Soft Costs
Sunk 5th Floor Project Management Cost,Soft Costs
Superior Builders (Demising Wall),Construction
Superior Builders (Direct Export),Construction
Superior Builders (Western Transfer),Construction
Supervision,Uncategorized
Supervision Fees,Soft Costs
Supplemental Cooling,Uncategorized
Supplemental Furniture (Reinstall Stored Furniture),FF&E + Millwork
Supplied by Owner,Uncategorized
Supplied by Owner Contingency,Construction
Supplied by Owner Contingency (10%),Construction
Supply by Owner,Uncategorized
Surface Tablets,Uncategorized
Surplus Furniture Moving,FF&E + Millwork
Survey,Soft Costs
Survey - ACM,Soft Costs
Survey - ALTA,Soft Costs
Survey - Final As-Built,Soft Costs
Survey - Montrose,Soft Costs
Survey - Sewer scope,Soft Costs
Survey / As-Builts,Soft Costs
Survey Engineer -Triad,Soft Costs
"Survey, Civil and Landscaping",Soft Costs
"Surveying, Recording, and Testing Allowance",Construction
Surveyor,Soft Costs
Surveys/Testing/Soil Reports,Soft Costs
Sustainability - Consultant LEED,Soft Costs
Sustainability - Consultant WELL,Soft Costs
Sustainability - Energy Model,Soft Costs
Sustainability Consultant,Soft Costs
Sustainability Consulting,Soft Costs
Sustainability Project Management,Soft Costs
Sustainability consultant,Soft Costs
Swing Space,Uncategorized
Swing Space- Security,FF&E + Millwork
Switch 48 port,Uncategorized
Switches Routers & Hubs,Uncategorized
"Switches, Routers & Hubs",Uncategorized
Synchronized Clocks,Uncategorized
System / Modular Funiture,Uncategorized
System Furniture/ White goods - CAP,FF&E + Millwork
Systems Furn-Exp,Uncategorized
Systems Furniture,FF&E + Millwork
Systems Furniture (Alight),FF&E + Millwork
Systems Furniture Install- Wave,FF&E + Millwork
TA - Contigency,Uncategorized
TAS,Uncategorized
TAS / TDLR,Soft Costs
TAS / TDLR Consultant,Soft Costs
TAS Review,Soft Costs
TAS Review & Inspection,Soft Costs
TAXES,Uncategorized
TC Merritt Land Surveyor,Soft Costs
TCR,Uncategorized
TDD,Uncategorized
TDH Inspection Allowance,Construction
TDLR,Uncategorized
TECH- A/V Equipment,FF&E + Millwork
TECH- Comm / Data Cabling,FF&E + Millwork
TECH- Security Equipment,FF&E + Millwork
TELDATA,Uncategorized
TEWO's,Uncategorized
TG Contingency,Construction
TI - Arch - CA,Uncategorized
TI - Commissioning Services,Soft Costs
TI - Construction,Construction
TI - Exterior Security,FF&E + Millwork
TI - Generator Air Quality/Fuel Consultant,Soft Costs
TI - JLL Project Management,Soft Costs
TI - MHH Management Fee,Soft Costs
TI - NIA Allowance Escalation,Construction
TI - Pest Control,Uncategorized
TI - RF Shielding Testing,Soft Costs
TI Allowance,Construction
TI Construction,Construction
TI Contingency,Construction
TI General Construction,Construction
TI General Construction (Design/Build-LL Reimb),Construction
TI Office Allowance for 4000 SF,Construction
TI Warehouse Equipment Allowance,Construction
TI to BB Scope Shifts,Uncategorized
TI-Carpet & Paint Refresh,FF&E + Millwork
TI: ASC,Uncategorized
TI: Imaging,Uncategorized
TI: Second Floor Allowance,Construction
TI: Urgent Care,Uncategorized
TIA,Uncategorized
TIA (Tenant Improvement Allowance),Construction
TIA - Expansion Suite,Construction
TIA Office,Uncategorized
TIA Retail / Restaurant,Uncategorized
TIF Contributions,Uncategorized
TJU PDC Fee,Soft Costs
TK Concrete,Construction
TK Plaza,Uncategorized
TK Site Plan by KH,Construction
TK Site Work Costs,Construction
TK Vault Excavation & Backfill,Construction
TKE Elevator,Construction
TM Technology,Uncategorized
TOTAL CAPITALIZED INTEREST,Uncategorized
TOTAL CONSTRUCTION COST,Construction
TOTAL CONSULTANT FEE,Soft Costs
TOTAL JLL FEE,Soft Costs
TOTAL PROJECT COST,Uncategorized
TPG Architecture,Soft Costs
TRG Planning Support,Uncategorized
TSDC estimate for 80k SF Building,Uncategorized
TURNKEY  (CLOSED BOOK - ALL INCLUDED),Uncategorized
TV Channel Licensing Fee,Soft Costs
TV Displays - Owner Provided,Uncategorized
TV Distribution,Uncategorized
TV Installation,Uncategorized
TV Refresh,Uncategorized
TV Studio - Equipment,FF&E + Millwork
TV System,Uncategorized
TV and Cable,Uncategorized
TV's & LED Screens,Uncategorized
TVs & LED Screens,Uncategorized
Tab and CX,Uncategorized
Tables,FF&E + Millwork
"Tables, Seating",FF&E + Millwork
Tall Display Case,Uncategorized
Tap Fees - Water and Sewer,Construction
"Tap, Meter, and Stormwater Fees",Construction
Task Chairs,FF&E + Millwork
Task Seating,FF&E + Millwork
Tax,Uncategorized
Tax & Freight,Uncategorized
Tax & Insurance,Soft Costs
Tax (Capital Purchases),Uncategorized
"Tax (Use, Sales)",Uncategorized
Tax Estimate - Construction Cost Only,Construction
Tax Estimate - Test Enclosure,Uncategorized
Tax Exempt Coordinator,Uncategorized
Tax on Materials only,Uncategorized
"Tax, Insurance",Soft Costs
Tax-GST,Uncategorized
Tax-HST,Uncategorized
Tax-PST,Uncategorized
Taxes,Uncategorized
Taxes & Freight,Uncategorized
Taxes & Levies,Uncategorized
Taxes (9.25%),Uncategorized
Taxes - Building Improvement,Construction
Taxes - Equipment,FF&E + Millwork
Taxes - FF&E,FF&E + Millwork
Taxes - Security,FF&E + Millwork
Taxes 1,Uncategorized
"Taxes 7,2%",Uncategorized
Taxes Exp,Uncategorized
Taxes Real Estate,Uncategorized
Taxes and Shipping,Uncategorized
"Taxes, Insurance, HOA Fees  - Misc Taxes Insurance",Soft Costs
"Taxes, Insurance, HOA Fees - Owner's Liability Insurance",Soft Costs
"Taxes, Insurance, HOA Fees - Property Tax",Soft Costs
"Taxes, Insurance, and HOA Fees",Soft Costs
"Taxes, all",Uncategorized
"Taxes, all  (Item 7 Gilbane GMP 2221006)",Construction
Taxes- Real Estate,Uncategorized
Taxes- Sales,Uncategorized
Taxes| all,Uncategorized
Teardown of HDF,Uncategorized
"Tech - IT, LV, AV Equipment",FF&E + Millwork
Tech - Security Equipment,FF&E + Millwork
Tech Budget,Uncategorized
Tech Contingency,Construction
Tech Contingency (20%),Construction
Tech Mover,FF&E + Millwork
Tech Source,Uncategorized
Tech/ Comm/ AV / Cabling,FF&E + Millwork
Tech/ Comm/ AV / Cabling - Contingency 10%,Construction
Tech/AV - Dell/Zoom,FF&E + Millwork
Tech/Comm,Uncategorized
Tech/Comm (Info Tech),Uncategorized
Tech/Comm (Kearny Bank),Uncategorized
"Tech/Comm (Security, LV) - IBA",FF&E + Millwork
Tech/Comm + Data & Cabling,FF&E + Millwork
Tech/Comm - 8ft CAT6A patch cord,Uncategorized
Tech/Comm - Ainsworth,Uncategorized
Tech/Comm - Brightsign Technology,Uncategorized
Tech/Comm - CCS - Transferred funds to HC Construction,Construction
Tech/Comm - CTCI,Uncategorized
Tech/Comm - Cable removal,Uncategorized
Tech/Comm - Computers & Monitor Arms,Uncategorized
Tech/Comm - DC OCTO,Uncategorized
Tech/Comm - Dell,Uncategorized
Tech/Comm - Equipment,FF&E + Millwork
Tech/Comm - Extending Circuit,Construction
Tech/Comm - IDF/MDF Equipment,FF&E + Millwork
Tech/Comm - IT Equipment,FF&E + Millwork
Tech/Comm - Internal Evoqua,Uncategorized
Tech/Comm - Monitors and Install,FF&E + Millwork
Tech/Comm - Montgomery Tech,Uncategorized
Tech/Comm - Network9,Uncategorized
Tech/Comm - Occupancy Sensors,Uncategorized
Tech/Comm - Pathway,Uncategorized
Tech/Comm - Phones,Uncategorized
Tech/Comm - Servers,Uncategorized
Tech/Comm - Smart Technology,FF&E + Millwork
Tech/Comm - Zoom Equipment,FF&E + Millwork
Tech/Comm / New Furniture,FF&E + Millwork
Tech/Comm Equipment,FF&E + Millwork
Tech/Comm Hardware,Uncategorized
"Tech/Comm, all",Uncategorized
"Tech/Comm, all (IT/Voice)",Uncategorized
Tech/Comm- Consulting and Travel,Uncategorized
Tech/Comm- Contingency,Construction
Tech/Comm- Hardware/Software,Uncategorized
Tech/Comm- Nurse Call,Construction
Tech/Comm- Other,Uncategorized
Tech/Comm- Phase II,Uncategorized
Tech/Comm- Switchgear,Uncategorized
Tech/Comm-Hardware/Software,Uncategorized
Tech/Comm-Networking Eq,Uncategorized
Tech/Comm/AV,Uncategorized
Tech/Comm/Data - IMG Technologies,Uncategorized
Tech/Comm/Nurse Call,Construction
"Tech/Comm: Outside Vendors: HIS (Data, AV, Sound masking), Chestnut Ridge +",Uncategorized
Tech/Comm: VITRO Internal Spend,Uncategorized
Tech/Comm| all,Uncategorized
Technical Rooms Design - WSDG,Soft Costs
Technical Spa Design and Consultancy Services,Soft Costs
Technogym Equipment,FF&E + Millwork
Technology,Uncategorized
Technology & A/V Design 78000 / 78200,FF&E + Millwork
"Technology (AV, Security, IT) Design",FF&E + Millwork
Technology (All-In),FF&E + Millwork
Technology (NST) - Labor,FF&E + Millwork
Technology (NST) - Material,FF&E + Millwork
"Technology (TV's, Low Voltage, Access Controls)",FF&E + Millwork
Technology - AV & LV Cabling,FF&E + Millwork
"Technology - AV, Data",FF&E + Millwork
"Technology - Data Cabling, Security and Network",FF&E + Millwork
Technology - Low Voltage / Audio Visual - Lobby & Gym,FF&E + Millwork
"Technology Budget (AV,LV,Security)",FF&E + Millwork
Technology Capital Improvements,FF&E + Millwork
Technology Consultant,FF&E + Millwork
Technology Consultant - Acuity,FF&E + Millwork
Technology Contingency,Construction
Technology Contingency (10%),Construction
Technology Design (AV/ IT) - Alfatech,FF&E + Millwork
Technology Design (IT & AV),FF&E + Millwork
Technology Equipment,FF&E + Millwork
Technology Equipment- Network,FF&E + Millwork
Technology | Actual,FF&E + Millwork
Technology | Approved CAR Value - I&T CAP,FF&E + Millwork
Technology | Approved CAR Value - I&T EXP,FF&E + Millwork
Technology | Draft CAR Value - I&T CAP,FF&E + Millwork
"Technology- AV, Security, Access Controls, Electronic Directory",FF&E + Millwork
"Technology/Communications, All",Construction
Technology: Headsets,Uncategorized
Technology: Headsets CAP,Uncategorized
Technology: IT Misc,Uncategorized
Technology: Monitors,FF&E + Millwork
Technology: Monitors & Docking Statins,FF&E + Millwork
Technology: Monitors & Docking Stations,FF&E + Millwork
Technology: Phones,Uncategorized
Tee & Fairway Landscape,Uncategorized
Teknion - Furniture,FF&E + Millwork
Teknion Office Fronts - Office Interiors,Uncategorized
Tel / Data - Brandywine,Uncategorized
Tel / Data Cabling,FF&E + Millwork
Tel / Data Consultant Fees,Soft Costs
Tel Data,Uncategorized
Tel Data Consultant,Soft Costs
Tel/Data Cabling,FF&E + Millwork
Tel/Data Consultant,Soft Costs
Tel/Data Equipment/Cable/Wiring,FF&E + Millwork
TelData,Uncategorized
Telco Recycling,Uncategorized
Telco Rooms and MDF Buildout,Uncategorized
Teldata,Uncategorized
Tele - Data Cabling,FF&E + Millwork
Tele/Comm - Other,Uncategorized
Tele/Data & AV,Uncategorized
Tele/Data Cabling,FF&E + Millwork
Tele/Data Systems,Uncategorized
TeleCom / Data Consultant,FF&E + Millwork
Telecom,FF&E + Millwork
Telecom & Data Equipment & Install,FF&E + Millwork
Telecom / Data Consultant (See E-Consortium above),FF&E + Millwork
Telecom Cabling,FF&E + Millwork
Telecom Engineer - Services - Hargis,FF&E + Millwork
Telecom Equip-EXP,FF&E + Millwork
Telecom Equip-Exp,FF&E + Millwork
Telecom Equipment,FF&E + Millwork
Telecom Equipment by Owner,FF&E + Millwork
Telecom Vendor,FF&E + Millwork
Telecom/Data Cabling- Belden,FF&E + Millwork
Telecomm,FF&E + Millwork
Telecomm Contingency,Construction
Telecommunications,FF&E + Millwork
Telecommunications - Cabling for Workstations and offices,FF&E + Millwork
Telecommunications / Cable & Equip,FF&E + Millwork
Telecommunications Equipment,FF&E + Millwork
Telemetry Network Infrastructure,Uncategorized
Telephone Data Cabling,FF&E + Millwork
Telephone Data Cabling (CAP),FF&E + Millwork
Telephone Data Cabling - CAP,FF&E + Millwork
Telephone Data Cabling - EXP,FF&E + Millwork
Telephone Equipment,FF&E + Millwork
Telephone Room,Uncategorized
Telephone Sys,Uncategorized
Telephone System,Uncategorized
Telephone switch/ VoIP & CATV or DSS,Uncategorized
Telephone/Data Cabling,FF&E + Millwork
Telephone/Data Cabling - CAP,FF&E + Millwork
Telephone/Data Cabling - Cap,FF&E + Millwork
Telephone/Data Cabling - Exp,FF&E + Millwork
Telephones,Uncategorized
Telephony Equipment & Install,FF&E + Millwork
Telepresence,Uncategorized
Televisions,Uncategorized
Televisores,Uncategorized
Temp & Humidity Tracking,Uncategorized
Temp Facilities,Uncategorized
Temp Swing Space,Uncategorized
Temp Swing Space Related Services,Uncategorized
Temp. Power Cost,Uncategorized
Temporary Conditions,Construction
Temporary Construction Power,Construction
Temporary Construction Space,Construction
Temporary Electrical Construction,Construction
Temporary Fencing,Construction
Temporary Generator,Construction
Temporary Install of Equipment,FF&E + Millwork
Temporary Marketing Signage Allowance,Construction
Temporary Office,Construction
Temporary Parking - Fence rental,Construction
Temporary Parking / Facilities,Construction
Temporary Power,Construction
Temporary Reception Desk & Construction Signage,FF&E + Millwork
Temporary Repairs,Construction
Temporary Signage,FF&E + Millwork
Temporary Traffic Control,Construction
Temporary Utilities,Construction
Temporary Utility Connections,Construction
Temporary Works,Construction
Temporary power,Construction
Tenant Allowance,Construction
Tenant Alterantes - Construction,Construction
Tenant Contingency,Construction
Tenant Electrical and Facilities Repairs,Construction
Tenant Finish Standards Design,Uncategorized
Tenant Furnished Production Lighting,Uncategorized
Tenant Improvement,Construction
Tenant Improvement All,Construction
Tenant Improvement Allowance,Construction
Tenant Improvement Allowances,Construction
Tenant Improvement*,Construction
Tenant Improvements,Construction
Tenant Serv-CRE Moves,FF&E + Millwork
Tenant Serv-CRE Non Moves,FF&E + Millwork
Tenant Spare Parts,FF&E + Millwork
Tenant TIA Contribution,Uncategorized
Tenant Test Fit Allowance,Construction
Tenant's IT System,Uncategorized
Terminal Cleaning,Uncategorized
Terrace - Furniture- (WALDNERS),FF&E + Millwork
Terrace Planters,Uncategorized
Terrace Upgrades,Uncategorized
Terracon Phase 1 ESA,Soft Costs
Terrazo,Uncategorized
Test Enclosure,Uncategorized
Test Fit Design,Soft Costs
Test Fits,Soft Costs
Test Kitchen Equipment,FF&E + Millwork
Test/Balancing,Uncategorized
Testing,Soft Costs
Testing & Inspection,Soft Costs
Testing & Inspections,Soft Costs
Testing & Inspections Consultant - CE Labs,Soft Costs
Testing & Inspections-FMC,Soft Costs
Testing & Inspections-HCEA,Soft Costs
Testing and Inspections,Soft Costs
Testing and Remediation Consultant,Soft Costs
"Testing, Surveys, Etc",Soft Costs
The Grille - Combined,Uncategorized
Theater Conference Room,FF&E + Millwork
Theater Seating,FF&E + Millwork
Thermal & Moisture (Waterproofing),Construction
Thermal & Moisture Protection,Construction
Thermal Protection,Uncategorized
Thermal Protection - Deck,Uncategorized
Thermal Protection - Restroom,Uncategorized
Thermal and Moisture Protection,Uncategorized
Thermal/H20proof,Uncategorized
Thermal/Moisture Protection,Uncategorized
Third Party Commissioning Agent - Expeditor,FF&E + Millwork
Third Party Cost-Estimating,FF&E + Millwork
Third Party Inspection,FF&E + Millwork
Third Party Inspections,FF&E + Millwork
Third Party Inspector,FF&E + Millwork
Third Party Plans Review,FF&E + Millwork
Third Party Special Inspections - PTS,FF&E + Millwork
Third-Party Structural Inspection,FF&E + Millwork
Tiered Conference,Uncategorized
Tile,Uncategorized
Tile & Stone,Construction
Tile/ Stone,Uncategorized
Tile/Stone/Marble,Uncategorized
Title Insurance,Soft Costs
Title Updates During Construction,Soft Costs
Title Updates during Construction,Soft Costs
Title/Closing Costs,Soft Costs
To Be Allocated - Construction (20000 / 20001),Construction
Toilet Acc/ Appliances/ Lockers/ BOH Furniture,FF&E + Millwork
Toilet Accessories,FF&E + Millwork
Toilet Partitions,FF&E + Millwork
Toilet Partitions & Accessories,FF&E + Millwork
Toilet Partitions Systems & Accessories,FF&E + Millwork
"Toilet, Bath & Laundry Accessories",FF&E + Millwork
Toluca Lake Phase 1-2,Soft Costs
"Topo, Meters & Bounds",Uncategorized
Tornado Shelter up-tick,Uncategorized
Total Approved Budget,Uncategorized
Total Approved MEA,Uncategorized
Total Approved Project Budget,Uncategorized
Total Approved Project Invoices,Uncategorized
Total Capital,Uncategorized
Total Construction - L,Construction
Total Construction Costs,Construction
Total Contingency,Construction
Total Hard Costs,Construction
Total Holds from trades,Uncategorized
Total Project Budget,Uncategorized
Total Project Budget - TI and ADA,Uncategorized
Total Project Contingency,Construction
Total Project Contingency - 8%,Construction
Total Records Archiving,Uncategorized
Total Soft Costs,Soft Costs
Touch &  Paint,Construction
Tracking Budget Only,Uncategorized
Trading Desks,FF&E + Millwork
Traffic Consultant,Soft Costs
Traffic Consultant - Walter P Moore,Soft Costs
Traffic Engineer,Soft Costs
Traffic Engineering,Soft Costs
Traffic Impact Analysis,Uncategorized
Traffic Study,Uncategorized
Trail Allowance - 1/4 Mile Loop,Construction
Training,Uncategorized
Training (PT) & Athletic Office(s),Uncategorized
Training Cells Chairs,FF&E + Millwork
Training Cells Tables,FF&E + Millwork
Training Tables,FF&E + Millwork
Trane Equipment and Scope,FF&E + Millwork
Trane controls to BAS,Construction
Transaction Fee,Soft Costs
Transaction fee,Soft Costs
Transaction fee | Approved CAR Value - GRE One-Time EXP,Soft Costs
Transformer/Switchyard,Uncategorized
Transmission/Distribution,Uncategorized
Trash Compactor & Trash Carts,FF&E + Millwork
Travel,Uncategorized
Travel & Expense,Uncategorized
Travel & Lodging,Uncategorized
Travel Allowance,Construction
Travel Cable,Uncategorized
Travel Expense,Uncategorized
Travel Expense Exp,Uncategorized
Travel Expenses,Uncategorized
Travel Reimbursables,Soft Costs
Treatment Furniture,FF&E + Millwork
Treatment Tables x 6,FF&E + Millwork
Tree - Gardener's Guild,Uncategorized
Tree Demo,Uncategorized
Tree Planting Contractor - Trees NY,Construction
Tree Removal Restitution Fee,Soft Costs
Tree Trimming Around Buildings,Uncategorized
Trench Drain Relocation,FF&E + Millwork
"Trim @ Desk, Laquer Panel & Microwave",FF&E + Millwork
Trinity Café Equipment,FF&E + Millwork
Truebeck Decom Cost,FF&E + Millwork
Truist Shuttle,Uncategorized
Trystate Mechanical - Construction,Construction
Turn Lane and Intersection Cost Share,Uncategorized
Turner Construction,Construction
Turnstiles,Uncategorized
Turntable,Uncategorized
Two Conference Room Supplemental Units,FF&E + Millwork
Two-Way Communications,Construction
U (profit),Uncategorized
UA PM,Uncategorized
UA PMO,Uncategorized
UBSL - Third Party Testing,FF&E + Millwork
UC Riverside System Fees,Soft Costs
UCSD FF&E,FF&E + Millwork
UPS,Uncategorized
UPS & Environment,Uncategorized
UPS - Supply & Install,Uncategorized
UPS Back Up,Uncategorized
UPS Battery,Uncategorized
UPS Costs,Uncategorized
UPS KICK START,FF&E + Millwork
UPS Supply & Install,Uncategorized
UPS System,Uncategorized
UPS System/Battery,Uncategorized
UPS and Environment,Uncategorized
"UPS connections, other electrical work",Construction
UPS& Environment,Uncategorized
URM Testing/ Inspections,Soft Costs
US Construction Management,Construction
US Project Management,Soft Costs
USC FM Costs,Uncategorized
USC IT Budget,FF&E + Millwork
USC Internal Labor - ACCT. 800,Construction
"USC Med Equip, Fixed",Uncategorized
Unallocated Contingency,Construction
Unallocated FF&E,FF&E + Millwork
Under Counter Steel-TFE,Construction
Underground Storage Tank Removal,FF&E + Millwork
Unforeseen Conditions / Risk,Uncategorized
Unforeseen Conditions / Risk Factor,Uncategorized
Unforseen Conditions / Risk Factors,Uncategorized
Union,Uncategorized
Union Furniture,FF&E + Millwork
Union Work Allowance,Construction
Unisex Restrooms,Uncategorized
United Building Sciences Limited,Construction
University Abatement Contingency,Construction
University Space Allowance (Market),Construction
Unspecified,Uncategorized
Unsuitable Soil Allowance,Construction
Unsuitable Soils,Uncategorized
Upgrade Air Permitting,Soft Costs
Ups System,Uncategorized
Uptown Dining & Ben's,Uncategorized
Urban Plaza Landscaping,Construction
Used Furniture Transportation,FF&E + Millwork
Utilities,Construction
Utilities - Pacific Power,Construction
Utilities Connection Fees,Construction
Utilities Expeditor,Soft Costs
Utilities Support,Construction
Utility - Water & Sewer Tap Fees,Construction
Utility Connection,Uncategorized
Utility Connection Fees,Soft Costs
Utility Fees,Soft Costs
Utility Fees - Electric,Soft Costs
Utility Fees - Gas,Soft Costs
Utility Fees - Phone,Soft Costs
Utility Fees - Shut Downs,Soft Costs
Utility Fees - Water,Soft Costs
Utility Fees - Water/Sewer,Construction
Utility Fees- City Stormwater Fee,Construction
Utility Fees- Electric,Soft Costs
"Utility Fees- Electric, Duke Energy",Soft Costs
Utility Fees- Gas/Fuel,Soft Costs
Utility Fees- Sewer,Construction
Utility Fees- Water,Soft Costs
Utility Installation,Uncategorized
Utility Locating - Master Locators,Uncategorized
Utility Relocation - Duke,FF&E + Millwork
Utility Services,Uncategorized
Utility Shut Downs,Uncategorized
Utility Tap Sewer,Construction
Utility Tap Water,Uncategorized
Utility Telecomm,FF&E + Millwork
V/D Cabling Exp,FF&E + Millwork
V/D Cabling-Exp,FF&E + Millwork
VAT,Uncategorized
VAT (19%),Uncategorized
VAT Over Utility,Uncategorized
VAV's,Uncategorized
VCS - AV/IT,Uncategorized
VCS Exterior Signage - Exp,FF&E + Millwork
VCT Base and Tile Flooring Labor,Construction
VCT Base and Tile Materials,Construction
VCT Tile,Construction
VCU Police/RMC Events Fees / Site Security,FF&E + Millwork
VE #1: Salvage Doors,Uncategorized
VE #2: Change Corridor Ceiling & Lights,Uncategorized
VE #3: Single Door at IT,Uncategorized
VE #4: Eliminate Ice Maker,Uncategorized
VE #5: Change 2x4 Light Spec,Uncategorized
VE #5: Change 2x4 Lighting Spec,Uncategorized
VE #6: Change Carpet Spec,FF&E + Millwork
VE #7: Butt-Glaze at Boardroom,Uncategorized
VE #8: Eliminate Teaming Millwork,FF&E + Millwork
VECA (Low Voltage and Electrical Work),FF&E + Millwork
VERT Environmental,Soft Costs
VGI -  PROJECT MANAGEMENT/CONSULTING,Soft Costs
VGI - A/E FEES,Soft Costs
VGI - ANCILLARY PROJECT COSTS,Uncategorized
VGI - FURNITURE (SYSTEMS AND ANCILLARY),FF&E + Millwork
VGI - OWNERS CONTINGENCY,Construction
VGI - SECURITY - BUILDING,FF&E + Millwork
VGS GL Branding,FF&E + Millwork
VIP Construction Costs,Construction
VM List,Uncategorized
VOX Communications,Construction
VW / IT,Uncategorized
VW /IT,Uncategorized
VW IT,Uncategorized
VW IT Backbone,Uncategorized
VW IT Costs,Uncategorized
VW/IT,Uncategorized
VWGoA IT budget,FF&E + Millwork
Vacate Space - Other,Uncategorized
Vacate Space - Other - Allowance,Construction
Vacuum Pump Replacement,Construction
Validation consultant (HVAC & infrastructure),Soft Costs
"Vanasse & Associates, Inc.",Uncategorized
Vanguard,Uncategorized
Variable Change Manager,Uncategorized
Variable Move Manager,FF&E + Millwork
Variable Proj Mngmt,Uncategorized
Variable Project Manager,Uncategorized
Variable Project Manager Fees,Soft Costs
Varigated Plants,FF&E + Millwork
Vault,Uncategorized
Vault (New),Uncategorized
Vault - new,Uncategorized
Vaults,Uncategorized
Vehicle Ramp,Uncategorized
Vehicles,Uncategorized
VergeSense,Uncategorized
Vergesense Occupancy Sensors,Uncategorized
Vertex Construction,Construction
Vertex Construction Fees,Construction
Vertical Audio Visual,FF&E + Millwork
Vertical Transporation,Uncategorized
Vertical Transportation Consultant,Soft Costs
Vertiv,Uncategorized
Vertiv Battery Replacments,Uncategorized
Vertiv Consultants,Soft Costs
Video Equipment,FF&E + Millwork
Video Integration,FF&E + Millwork
Video Integration System,FF&E + Millwork
Video Surveillance Equipment,FF&E + Millwork
Video Wall,FF&E + Millwork
Vinyl,Uncategorized
Vision 3 - Architect,Soft Costs
Visioning,Soft Costs
Visitor Management System,Uncategorized
Vivreau Machine,Uncategorized
Vogt Consulting,Uncategorized
Voice & Data Cabling,FF&E + Millwork
Voice & Data Cabling Install,FF&E + Millwork
Voice / Data Cabling,FF&E + Millwork
Voice Cabling Plant,FF&E + Millwork
Voice and Data (infrastructure + wiring),FF&E + Millwork
Voice and Data Cabling,FF&E + Millwork
Voice and Data Cabling & Install,FF&E + Millwork
Voice and Data Cabling (Alliance),FF&E + Millwork
Voice and Data Cabling / IT Infrastructure - MMG Ortho,FF&E + Millwork
Voice and Data Cabling / IT Infrastructure - NRH PT,FF&E + Millwork
Voice and Data Cabling Consulting,FF&E + Millwork
Voice and Data Cabling Integrator,FF&E + Millwork
Voice and Data Cabling/IT Infrastructure,FF&E + Millwork
Voice/Data,Uncategorized
Voice/Data Cabling,FF&E + Millwork
Voice/Data Cabling Plant,FF&E + Millwork
Voice/Data cabling plant,FF&E + Millwork
Voice/data Cabling Plant,FF&E + Millwork
Voice/data cabling,FF&E + Millwork
Voice/data cabling plant,FF&E + Millwork
W M Davis,Uncategorized
WAC Fees,Soft Costs
WAN,Uncategorized
WAN MPLS,Uncategorized
"WAP Install (Niles, managed by Carta)",FF&E + Millwork
WAP Survey,Soft Costs
WAP/Structured Cabling (CVE),FF&E + Millwork
WAPs,FF&E + Millwork
WAVE - AudioVisual,FF&E + Millwork
WB Construction,Construction
WELL Admin Expenses,Uncategorized
WELL Certification Fees,Soft Costs
WELL Consulting,Uncategorized
WELL Silver Certification Fee,Soft Costs
WELL or other program,Uncategorized
WH Construction,Construction
WH Ventilation,Uncategorized
WIFI,Uncategorized
WIFI Networking,Uncategorized
WIN (DAS Testing),Soft Costs
WINDOW TREATMENTS - Int'l Blinds,FF&E + Millwork
WJE,Uncategorized
WKRI Other,Uncategorized
WP Consultant- ABB,Soft Costs
WP Contractor- JB3,Uncategorized
WPS Tech Contingency,Construction
WSP-IT,Uncategorized
WSSSC Fees,Soft Costs
WSST,Uncategorized
WSST on Hard Costs - Moved to Hard Cost,FF&E + Millwork
WWT L.I. 1.0 Video Conf for Dec 2021 Mtg,FF&E + Millwork
Waiting Room Furniture,FF&E + Millwork
Waldner's Furniture,FF&E + Millwork
Waldner's Furntiure,FF&E + Millwork
Waldner's Interior Wall Partitions,FF&E + Millwork
Waldner's Office partitions,FF&E + Millwork
Waldners,Uncategorized
Wall Element w/ TV Stand,Uncategorized
Wall Finishes,Construction
Wall Finishes - FRP,Construction
Wall Finishes - FRP & Paint,Construction
Wall Finishes-Patch,Construction
Wall Partitions,FF&E + Millwork
Wall Patch / Data Cable Removal,Uncategorized
"Wall Patch, Baffle Removal",Uncategorized
Wallcovering,Uncategorized
Walsh Project Management,Soft Costs
Ward Boland HVAC Equipment,FF&E + Millwork
Ware Malcomb (Demising Wall),Uncategorized
Ware Malcomb (Direct Export),Uncategorized
Ware Malcomb (Western Transfer),Uncategorized
Ware Malcomb Reimbursables (Demising Wall),Soft Costs
Ware Malcomb Reimbursables (Direct Export),Soft Costs
Ware Malcomb Reimbursables (Western Transfer),Soft Costs
Warehouse Equip (BPC002757),Uncategorized
Warehouse Equipment/Racking,FF&E + Millwork
Warehouse Fitup,Uncategorized
Warehouse Floor Consultant- Joe Neuber,Soft Costs
Warehouse Lighting,Uncategorized
Warehouse Move,FF&E + Millwork
Warehouse Owner's Contingency Fund,Construction
Warehouse Racking,Uncategorized
Warehouse Racking (BPC002756),Uncategorized
Warehouse Racking and Shelving,FF&E + Millwork
Warehouse Restroom,Uncategorized
Warehouse Signage & Striping,FF&E + Millwork
Warehousing / Freight / Tax,Uncategorized
Washington State Sales Tax,Construction
Waste Containers,Uncategorized
Waste Hauler,Uncategorized
Waste Management,Uncategorized
Waste Water Treatment - Evoqua,Construction
Waste/Recycle Bins (BPC002756),Uncategorized
Wastebaskets/Recycling Bins/Misc,Uncategorized
Watch Dog Consultant,Soft Costs
Watchdog PM,Uncategorized
Water & Sewer Connect,Construction
Water Condition Testing,Construction
Water Treatment,Construction
Water Treatment Plant,Construction
Waterproofing Consultant,Soft Costs
Waterproofing Consultant - WSP,Soft Costs
Waterproofing Engineer,Soft Costs
Waterproofing Testinug,Construction
Watershed Impact Fee,Soft Costs
Wayfinding,FF&E + Millwork
"Wayfinding, Branding, Naming Signage",FF&E + Millwork
Wayfinding/Graphics/Branding/Lit Screen,FF&E + Millwork
Weidenbach Brown,Uncategorized
Weight Room Equipment,FF&E + Millwork
Welding units move/install,FF&E + Millwork
Wellness Furniture,FF&E + Millwork
Wells Construction Costs,Construction
Western Interiors - Furniture,FF&E + Millwork
Wetlands Mitigation,Uncategorized
White Goods,Uncategorized
White Noise,Uncategorized
White Noise Sound Masking,Uncategorized
White Noise Sound Masking and/or Paging,Uncategorized
White Noise System,Uncategorized
White board,Uncategorized
Whiteboard,Uncategorized
Whiteboards,Uncategorized
Whiting-Turner,Uncategorized
Whiting-Turner Construction – CAP,Construction
Wi-Fi Survey,Soft Costs
Wifi,Uncategorized
Wifi Refresh,Uncategorized
Wind Consultant,Soft Costs
Window Covering,FF&E + Millwork
Window Coverings,FF&E + Millwork
Window Film,Construction
Window Film installation,Construction
Window Glass/Glazing,Construction
Window Pull,Construction
Window Replacement,Construction
Window Shades,Construction
Window Shades Independently Operational,Construction
Window Testing,Construction
Window Treat/Blinds,FF&E + Millwork
Window Treatment,FF&E + Millwork
Window Treatment Allowance,Construction
Window Treatments,FF&E + Millwork
Window Treatments (Blinds),FF&E + Millwork
Window Treatments (D&D),FF&E + Millwork
Window Treatments / Curtains - DFB,FF&E + Millwork
Window Treatments Correct,FF&E + Millwork
Window treatments,FF&E + Millwork
Windows,Uncategorized
Wireless,FF&E + Millwork
Wireless Access Point Survey and WAP's,FF&E + Millwork
Wireless Access Points,FF&E + Millwork
Wireless Communication/DAS,FF&E + Millwork
Wireless Hostpots,FF&E + Millwork
Wireless Hotspots,FF&E + Millwork
Wireless Location,FF&E + Millwork
"Wireless Location, Webex",FF&E + Millwork
Wireless Network,FF&E + Millwork
Wireless Survey,FF&E + Millwork
Wise Construction - Barricade,Construction
Wise Construction - Soffit NTE,Construction
Wolf IT,Uncategorized
Wood & Carpentry,Construction
Wood Ceilings- Over Reception,Construction
Wood Flooring,Construction
Wood Plastics and Composites,Uncategorized
Wood Threshold on Hall 1401 & 1430,Uncategorized
Wood Trim Solutions at Windows,Uncategorized
Wood Veneer at Reception Column,Uncategorized
Wood/Plastic Doors,Uncategorized
Woodberry Construction,Construction
Woodberry Pratt 10CE,Uncategorized
Woods & Plastics,Uncategorized
Woods Plastics & Composites,Uncategorized
Woods/Plast,Uncategorized
Woods/Plastics,Uncategorized
Work Order 1 (Phase 0 & 1): L1 Lobby/ZGF/ARE; L2 Temp Office,Uncategorized
"Work Order 2 (Phase 2): Preconstruction, Design, Early Procurement;  GMP Pricing (CO #0)",Soft Costs
Work Table and Benches,Uncategorized
Workbench,Uncategorized
Workbench Allowance,Construction
Working Capital,Uncategorized
Workplace Consultants,Soft Costs
Workplace Dynamics (FM),Uncategorized
Workplace Strategist,Uncategorized
Workplace Strategy,Uncategorized
Workplace Strategy & Change Management,Uncategorized
Workplace Strategy-Furniture Solution,FF&E + Millwork
Workshop chairs,FF&E + Millwork
Workstation,Uncategorized
Workstation Equipment,FF&E + Millwork
Workstation Furniture,FF&E + Millwork
Workstation Signage,FF&E + Millwork
Workstation name plates,Uncategorized
Workstations,FF&E + Millwork
Workstations & Chairs,FF&E + Millwork
Workstations & Chairs x 6,FF&E + Millwork
Workstations (budget per Abel on 4/26/21),FF&E + Millwork
Workstations - 2 West,FF&E + Millwork
Workstations - 3 West,FF&E + Millwork
Workstations / Offices,FF&E + Millwork
Workstations and Benching,FF&E + Millwork
Workstations rework existing,FF&E + Millwork
Workstations- PO 297257,FF&E + Millwork
Workstations/ Ancillary/ Conference,FF&E + Millwork
Worship Space Chairs - Qty 115,FF&E + Millwork
Wraps and Headers,Uncategorized
Xcel Gas Meter,Construction
Xcel Rebates,Uncategorized
Xerox - New or Moves,FF&E + Millwork
Xerox Decom,FF&E + Millwork
Xerox Moves,FF&E + Millwork
Xibitz,Uncategorized
Xray Room,Uncategorized
Yale Lock Conversion,Uncategorized
Yorktown BMS Upgrades Project,Construction
ZT PH 2,Uncategorized
ZW budget,Uncategorized
Zody Task and Guest Chairs,FF&E + Millwork
Zoom,Uncategorized
Zoom Equipment & Install,FF&E + Millwork
Zoom Equipment Supply & Install,FF&E + Millwork
contingency,Construction
decom,FF&E + Millwork
eCAR Project Budget,Uncategorized
food service,Uncategorized
iDOMP Multi-Function Printer,Uncategorized
iDOMP Printers,FF&E + Millwork
jll fee,Soft Costs
keying,FF&E + Millwork
large conferece room,Uncategorized
open work area - workstataions,Uncategorized
permit / misc fees,Soft Costs
reception furniture,FF&E + Millwork
shared office furniture,FF&E + Millwork
signage,FF&E + Millwork
small conference rooms (2),FF&E + Millwork
taxes,Uncategorized
u-Metal,Uncategorized
uMetal - FF&E Allowance,FF&E + Millwork
uMetal - Low Voltage Cabling - Included in Skyline's Cost,FF&E + Millwork
